80000
32046
7823
8034
7923
18260
4453
64
18549
32184
4030
29163
14738
13126
17056
5090
1051
8606
28670
31704
28746
5154
2433
6500
8614
2380
6280
506
806
32326
11117
14618
16025
6324
10250
18631
17221
8916
10107
15931
8143
3530
16166
24281
13147
28213
23289
10595
31219
9990
3315
30573
30765
13970
30182
21266
2568
23014
11131
21733
6424
31322
16246
7722
32227
6505
19515
17223
4234
11967
10897
14965
11436
11412
13479
8891
11399
7737
14933
30493
8032
5360
2723
529
16165
22273
13967
9522
26962
1290
28939
18744
7953
10647
12358
2600
20645
26354
29740
29640
30728
14141
22064
25174
18131
29373
17993
23417
27487
4217
6458
29560
12586
21764
19479
4778
124
25495
8453
12078
330
25954
31041
20187
25946
15140
4196
25978
7592
27898
31973
25395
32521
19572
6623
1862
6670
31982
15892
19196
18987
22046
25651
30940
16408
21737
10326
17441
2936
3707
16079
29804
26553
22934
18468
31159
20539
8746
9816
31882
8116
6951
14188
15985
16083
17039
6438
24237
9763
27599
23057
22314
14131
17487
15301
17841
12532
1608
27240
21855
17250
19926
19829
23638
1638
17486
21948
434
22523
5585
27819
32703
26001
25889
26827
22121
25774
12724
11149
499
16091
25607
19527
2540
13502
29749
29818
31839
15492
24264
20822
10571
8066
23503
16000
12882
6939
3121
3602
17077
2276
4416
4580
896
20998
17041
18954
8194
12772
30220
23709
28288
3070
3647
15039
4395
22805
17143
5849
9038
28561
22546
4135
18124
11039
13967
14199
9674
14238
7143
20781
15529
828
21408
30859
55
7132
12063
2095
13350
31676
12222
27613
1469
2388
5918
16255
16077
20097
20927
24426
9447
10978
28621
19939
22732
1410
8253
4578
18981
16824
25113
29462
4980
31564
24600
14120
21067
19931
10866
17476
20412
11133
17138
19670
3344
1700
12109
26769
2235
21320
1458
16054
20368
9025
10146
9619
11826
25076
7938
23370
5835
29489
20847
15315
3840
14684
32209
6212
14884
18123
14387
4944
21419
15984
22482
9998
11746
10168
2931
14332
2270
14770
2042
22852
21938
24948
1337
9790
14822
1979
32006
21813
26404
22993
24720
26478
6963
6580
14323
6758
23594
14708
24585
32348
17629
17885
23171
22031
30108
25686
25657
9161
32029
26633
17855
1948
19894
16964
4665
21228
4815
21023
18544
29998
31384
22368
2597
9710
18423
3227
23973
28695
16581
11422
11677
623
19513
26380
31536
26977
21924
2119
30279
5631
18271
22675
28712
22087
12802
30329
23627
8869
29655
12394
21352
25786
29839
8613
19669
7004
18739
5723
527
32734
21597
31504
12439
4241
13991
23364
11775
9354
9060
13139
580
27814
28046
6554
31838
1484
24832
731
29974
114
15333
9698
13336
355
23665
17001
11081
24511
30415
20282
31834
25667
26458
21395
31902
3530
29967
28622
11032
32532
6210
22849
19673
31175
6545
19812
9097
2739
7447
16433
29251
19290
28130
18897
17574
23728
7590
6004
11304
32543
19634
25473
26542
27598
11812
14575
10586
21283
7257
1522
28324
9351
20904
16859
7853
873
6480
10809
25295
3461
3246
23365
28025
22118
12468
18301
9018
15401
1942
21134
23067
31109
27334
4983
9010
6408
16675
492
21108
11683
25966
4856
14539
29801
20733
2279
17513
17300
24243
31331
31579
27337
14895
21725
1121
26781
20292
24111
12797
6487
19881
31103
17354
17143
5362
13158
21007
8824
7359
22865
6036
24147
11572
8232
3508
580
31657
7726
3764
26704
32674
7209
29267
13063
5121
450
22690
15623
14458
24878
5910
8641
1864
26126
31708
17280
13086
11156
23404
29351
8545
15848
7265
6713
29844
19146
13704
5535
6932
17784
21047
5030
13829
466
4320
10952
27788
2748
4069
684
32574
14276
15534
14064
12249
17925
6394
22309
20786
30794
27250
10267
4975
631
2180
2655
24694
17445
15470
10755
23718
5773
26521
23453
24516
12711
25641
19090
31288
27795
21458
23701
23161
23863
20717
28266
9926
6954
13771
19952
7959
10704
28233
5470
6995
19911
1956
19405
14787
20866
29327
28407
20935
32052
11139
19006
32455
17904
15703
16112
22381
30734
21008
25033
9489
24784
17914
4537
12149
15174
28920
27624
28851
25710
6680
16632
17779
6816
18794
28554
28001
19497
27667
18435
28639
14647
32413
23952
14582
27893
12689
26727
659
20982
15432
7504
24048
26071
20990
7780
29008
20512
27944
26901
15855
24684
25863
25967
569
14282
382
31390
3130
8546
289
19631
4182
24156
17806
1947
22586
26877
6656
23425
24082
29459
18465
3635
10236
9108
28448
17908
30653
22402
20740
29056
8884
27153
2624
29005
9740
18444
26503
26129
19253
21109
19937
18564
28820
21612
26879
11879
19065
4177
5067
24773
12370
10285
12100
10105
18975
25934
23433
28144
12838
9010
18227
9520
24296
24999
2280
1817
26963
16943
14126
7915
825
29865
12924
15113
12801
22318
21911
11261
8605
19770
28
29883
9148
4620
12120
20522
12096
2639
6496
12256
29682
22777
32350
6189
22132
15220
9258
32092
26744
28924
12314
1589
12592
12616
21274
22471
23045
30316
31743
20068
5004
7678
1048
18412
18102
9591
2566
25423
26183
1501
28366
22861
29833
29343
10541
21120
4417
32705
25388
24221
9186
29496
5619
28919
30209
17816
6114
1604
21001
5612
20702
22436
31280
5349
2281
16095
2985
11064
1270
12270
8731
24385
26107
27582
20307
15852
32327
20528
15158
19157
4374
26980
32761
15278
12387
10295
5780
738
11517
25098
26483
28023
19677
32198
21359
22585
15287
29212
18686
16405
27087
30994
14758
12739
19726
7355
952
23720
14421
325
9274
19706
15633
4154
17701
4389
19216
26879
31697
20077
659
15009
19373
2261
27812
27344
16691
8768
3497
11820
14619
21719
1594
30144
10191
11434
13872
21964
29984
17562
5630
18888
16439
19062
14917
31141
8142
3684
13730
25686
12960
8579
19659
5007
5149
18382
12506
15565
2403
16708
13288
29590
31338
11846
11230
20738
2942
4928
30600
13434
27379
16267
23019
448
10004
7058
8153
47
8284
8756
17346
16197
27625
2410
973
9310
14893
24106
7719
1474
5607
6027
10139
30434
3921
25897
12388
10719
10139
15563
11071
2636
4249
27459
19140
30005
5305
11414
18677
12896
15159
3933
19736
4818
31892
10091
25538
22677
6980
21424
15669
19385
29863
7005
9707
8345
24122
26185
28019
4960
25359
5268
12156
23755
30074
14730
13104
25648
26894
32202
21699
21183
18631
27815
11595
27656
23945
12494
27858
20413
30921
1065
6825
2233
22410
22276
12288
3394
12684
29295
16564
5259
18624
6627
9832
25981
3326
28712
25047
695
10234
9077
9832
22484
1397
9434
17412
19436
11184
28379
25380
23901
30758
8030
18222
10955
5242
26823
2817
3429
14255
7777
3022
10346
1943
24576
30251
4588
11918
10468
10594
30933
31080
17889
25871
27687
4519
30397
29930
10120
10225
16090
20193
2301
8898
10516
22378
5110
9567
749
16407
9611
779
21224
13418
15877
29308
3634
18668
928
5520
20871
24697
25231
10557
8532
31710
28225
29126
29977
10150
26595
14133
4626
31792
3622
26117
30998
25605
6722
10271
27583
7273
3643
2568
19659
9264
14434
88
24514
3283
4128
24942
11225
25027
20463
10082
1559
6653
28841
3643
1718
18399
27141
25186
28108
31546
23646
4951
15147
2472
1975
24227
32133
12576
13309
9998
7380
18631
28299
19473
9208
29705
16628
5518
19874
3049
17660
1983
22642
12949
14823
13165
26204
17726
32503
22114
27472
8230
5936
24608
28442
26875
6750
11987
9863
21347
14169
6277
10185
5080
11144
5265
15900
29878
21412
6490
8362
16786
14782
572
4268
31950
17540
4547
8915
4970
27584
25627
14310
797
5665
26056
26796
9893
1086
8855
26892
7259
27864
213
9843
31498
11871
15550
9590
18689
14776
14392
25273
26983
6718
29378
15119
29647
16135
15783
7906
10764
26984
119
5334
71
25787
8631
20393
27471
27487
26584
23390
26927
23809
26214
9626
30726
10778
19330
25934
28435
6329
8594
9622
28176
18051
22839
30689
22209
3064
12160
4435
1228
9464
17501
22375
14283
17029
30038
8153
25504
27082
20604
10179
23304
17500
13216
1542
2164
17857
27588
7403
10516
18991
26831
20234
15924
4757
22917
31595
10443
16864
17333
1260
9041
16247
27828
26850
3538
8967
9739
10499
16449
3462
21101
3204
22286
4978
14060
31870
11770
7258
27756
32662
32043
23456
1367
6365
19579
18045
15250
3573
12566
11077
15024
22646
2372
19949
23142
18063
10883
11722
23871
3825
13785
22683
1937
23528
1640
28362
8880
4555
28227
15599
16481
21655
13696
3734
21138
4311
3983
7746
27464
3015
31434
18098
14552
16056
15948
22882
4698
438
31239
15957
10331
18793
32017
16658
11730
31801
22079
12013
3413
8885
21237
10887
32397
30518
24636
22680
4072
6335
533
18924
30861
25896
21774
18092
18069
15996
19986
24287
15736
16287
11397
25648
30917
9268
21137
12530
10007
26557
30650
24673
28996
24580
27065
23595
25047
22203
20359
25391
24769
26207
8888
28036
5963
7778
21258
4541
20559
12936
18494
20331
10408
14738
13862
25316
9191
16154
30464
1603
31047
11454
24578
17328
11492
20096
17462
15586
18727
30317
6536
3041
19589
893
29726
8465
8041
20411
19431
17004
9838
18853
16503
4111
17618
15574
20242
12792
25384
3554
12038
4878
20044
28034
18494
19809
668
18161
30741
11188
14181
28053
6248
25657
16028
19938
31983
28827
3279
9596
23245
10049
32090
1691
20069
31186
9950
10932
29552
31988
21487
22614
17228
7514
29709
24658
11671
9725
6358
30238
7933
31657
21369
26491
27214
12732
1646
30550
18388
23595
32613
24556
24291
17093
28028
16434
3505
22972
1972
30836
25448
9057
30630
14908
122
24367
23666
20341
20789
10763
31225
23760
22167
29642
26700
9063
29027
28148
22371
1441
25460
22471
15123
21333
31570
19327
29498
8498
7683
28885
17469
12126
8996
14534
13236
9053
14136
1685
7523
6453
14399
27155
5229
20431
16523
20254
25796
29857
21455
18024
18660
21130
25209
19322
10177
26621
5953
11256
28413
10338
8962
29734
23903
27833
31433
1195
20865
22401
15404
13717
28872
12248
11230
10910
15001
30691
640
15533
23498
17008
31673
7328
22103
3034
23432
4937
20823
6701
24025
694
9518
10379
17495
3254
30723
25039
30338
664
32373
28271
26625
566
13449
6567
14649
25651
8935
20948
17950
24448
1095
2078
5961
1573
24358
13145
26956
32574
26557
31277
15938
8771
15923
18549
11690
22413
23826
21478
26229
25110
19448
21489
5981
30337
27279
28906
12665
17242
26558
11881
14606
20126
14625
21745
6313
19582
9911
7887
10858
21344
16091
11333
27555
4391
18038
744
3746
26036
31090
7239
24266
1708
12146
18381
10985
4220
14528
25577
10693
10395
1926
12907
3320
5391
31042
19506
13822
27955
21620
30724
16781
18359
20121
26813
23844
2536
11869
9900
6887
15410
24077
10298
14250
2019
587
24012
1868
16945
26885
13547
31558
10367
25768
22179
30595
12764
26512
9512
26995
6605
29636
15552
21851
2124
13024
31708
19951
31504
19026
22152
2594
21519
16329
30982
3389
12610
491
32182
5422
29096
26951
14906
17187
2957
17802
26582
12888
6156
19189
11037
28973
14291
29710
16074
4220
13606
11158
17900
15657
1831
21180
2374
6139
6740
30608
9205
16298
593
20410
25427
16697
30952
19308
24092
25221
20046
21653
1743
31519
11943
3672
15703
20311
24781
10428
9195
8601
25165
7333
15155
28157
1203
25603
2476
1049
28680
585
21069
29466
11928
28961
7787
31763
9721
17757
7898
32404
8520
8241
10325
4991
20662
16544
20255
18967
25155
18741
26091
15194
6090
3571
25594
26513
32318
32398
30339
4645
10803
220
16727
4020
7584
20358
4805
14948
15075
12547
3771
119
26885
6855
5423
16672
19776
5303
26557
27541
15806
28897
21138
5222
20900
11114
23688
29965
12879
1735
17042
2502
4573
14384
16987
16801
27376
14418
30762
29909
28078
3141
21513
5463
15885
6845
27174
19883
26445
24964
8825
507
10438
7976
2983
26470
32739
17649
21799
9626
4975
17685
13475
13989
25615
4399
15009
30984
26128
23790
23138
10253
26723
30986
10506
11867
27878
23165
6146
1736
21990
8687
11931
8046
3297
14194
1780
29441
1680
20079
4637
19552
18468
26080
26492
26729
20945
6336
9072
27154
4745
21184
6453
21685
18698
15676
23560
172
30234
30829
25483
15902
17425
29920
20330
6680
1945
295
3647
31200
15794
24526
27571
134
11001
31121
18918
29371
41
32715
2578
3302
10210
4914
26731
32629
8617
17090
20297
1393
3633
30455
25992
18774
20696
7487
23599
3105
27253
10159
16209
17066
29009
13557
20017
7476
19059
29838
7849
11587
2081
6969
4045
7598
4515
31659
20427
12532
30794
6020
30998
31187
7601
15490
2755
535
3907
500
16435
21425
15101
14962
3058
6152
24949
11724
14815
16788
26908
12096
31885
29608
30400
25584
27114
7311
28501
19859
11038
30171
18164
28010
25526
24314
16676
4981
5122
17930
1625
11752
31419
4846
12986
11481
14825
18594
16935
20027
17156
20683
32123
26127
20058
9619
19726
30425
25008
19891
5247
11857
10796
24273
31664
6748
11635
31245
18705
10810
5646
30423
12578
20481
7954
12291
16179
22090
25344
10015
15214
15914
4586
29188
12824
14692
21207
9899
20
5340
21609
14658
2217
10063
20669
127
30853
6210
2195
21557
14849
4920
31151
31269
32422
15144
21631
21782
496
29230
29949
2600
26963
18817
25303
4197
25980
11685
7373
24217
30937
8930
13147
11107
1883
9716
30361
29581
4987
1284
15199
15001
19579
17623
31660
14748
20974
26182
22089
28752
20602
8174
12713
19556
23517
24616
1556
23318
10798
11068
4869
14596
5221
10705
976
13375
30
31656
18311
21666
5786
8842
8223
15970
27911
6527
11471
8933
513
27713
29625
13272
13400
25328
11980
19580
5908
5639
24553
17728
18102
32399
28740
9621
9153
22163
24334
10238
5753
24019
17233
17510
16363
22204
9499
13495
15405
20376
29150
10152
23015
3075
4119
5591
27410
8862
22062
27927
4864
8967
26781
1547
13725
22536
17237
6132
27636
31246
29277
7879
8693
26077
15805
26499
16757
11139
19610
14017
3702
2442
930
15756
6313
10354
8875
20596
26161
10847
26006
5342
15274
25358
11386
6302
9578
19469
28415
1992
9734
2348
32519
29890
11800
4399
24212
26270
16704
20165
11494
8615
27753
19902
28387
24122
29006
18552
14012
25048
19260
10650
28366
11896
28953
22021
19398
15394
30885
21256
10761
28857
32512
7379
23123
18969
31341
16687
8605
28258
22869
4716
28741
5778
4751
1690
5225
1882
2782
5884
27539
3114
29627
13241
22428
10383
1877
8149
31434
29630
17879
18784
32572
21105
6121
29165
28040
753
31353
15174
22178
12148
6075
27742
21760
31402
29038
647
10491
14995
98
25317
29817
21907
27959
16419
22985
30152
18023
2148
462
1691
22407
28541
19808
12437
1481
26977
13807
18293
21958
10460
8553
24191
32378
30341
11614
30486
11664
29678
13667
32141
24800
7965
6324
2107
31031
10816
797
3277
27222
31644
15642
32736
11325
27079
18237
4816
20905
2071
17616
970
26587
5978
31164
13353
923
28359
24489
30975
8061
28981
5735
23025
12131
25227
13196
12873
3395
12664
13663
26694
9002
2404
7413
11958
30337
16550
29594
1223
30864
30455
16243
26651
16448
30758
11105
27930
4389
14094
26151
12684
21435
29894
31952
23911
25328
26647
13387
9701
21219
31027
9817
1754
5356
26019
9641
9797
7388
24706
11584
5669
27526
745
24351
26766
8830
8362
22048
18939
1312
21825
20258
5606
2772
23815
28005
6550
26257
3753
7735
31033
10144
2265
24529
27442
22435
26691
28540
15796
14805
6595
8952
23184
3987
7381
28957
15691
1564
19021
28099
3956
12693
29512
15584
24372
14672
27746
16624
9255
6477
22825
2202
1642
7425
19410
16272
7158
30551
3371
9911
4140
7157
8401
22408
27056
15808
22947
22198
25211
5794
4726
14864
1580
23691
24331
26026
2719
1973
18750
9271
5825
20013
28287
7866
27555
30863
4486
30558
9165
29712
29763
2977
31956
17858
3604
8632
24367
17172
29243
1327
6214
13208
31375
22225
31436
16394
2673
5063
22863
21133
32258
6148
3853
19511
6548
8160
2826
13264
3422
3330
4447
16855
24947
29316
9941
28102
24053
11346
23218
24728
17285
1491
25299
28807
26623
13260
15867
2586
2916
9601
20587
10847
31000
28957
11955
20085
18766
24403
2759
31822
22208
23110
30549
18611
15523
17318
30038
32393
28890
30236
32740
19282
20074
30185
2635
5367
9262
5322
9314
23748
7116
3358
14620
21428
3303
22602
7002
1007
4246
17501
21763
13201
26901
3312
27735
25773
4539
31569
4992
5778
2860
20960
30314
11340
14288
1720
6869
7278
23684
4498
1705
19983
6543
20711
8329
18195
28631
19029
32426
4012
9813
19012
6118
28447
9158
9929
2828
26060
4259
10699
28795
2153
21844
26212
27119
8334
18593
32137
25754
13942
8809
5614
16759
26628
1686
2852
22491
12548
15440
6148
1613
2228
25969
81
17815
30850
19001
32153
29213
4120
3396
29532
16238
23190
23480
11889
2585
14622
28099
13220
31682
18070
27461
24996
13684
10409
2249
27165
29753
29199
28858
26145
25576
31247
19668
2508
5183
19778
984
15144
17457
7065
32644
4174
30593
18337
3778
30926
2704
31494
14368
5713
14452
25687
4224
2173
18249
520
27152
12313
20172
7869
28541
11634
19750
25286
32612
7677
32261
7909
23562
23869
10225
13400
844
19687
21470
15891
17113
26693
8957
24398
23710
9944
14040
23359
20354
29249
24478
23081
6228
13154
1211
32661
32513
15040
31660
13791
17419
2091
16658
21237
16950
13730
18437
31324
22661
2417
21418
24692
12388
29596
3848
21244
13351
31360
22295
10968
18867
23224
27418
2834
9595
24126
30511
4384
18863
11986
11557
23141
1455
10144
24461
762
2502
27165
21268
429
25365
14898
14864
1354
29645
26012
3672
14106
15266
14995
15705
1706
1148
20905
23142
25293
18287
12022
19280
996
24045
32370
9015
11101
21306
28578
8095
31866
27169
29815
31686
21076
10982
26483
3638
14111
3451
23821
25750
24751
5110
9303
20933
22075
26947
15070
8746
9058
22550
14289
27205
15467
11812
29286
9098
30673
24467
26490
2928
16639
32431
8824
30917
26712
23518
11643
6980
13434
25046
19639
22889
6340
525
2325
16516
13590
17777
19997
15117
727
21850
7961
311
21309
4285
10103
30663
712
418
10864
28967
1552
18136
5607
1206
13249
17895
15508
28771
28644
14662
31585
14458
7264
28366
19988
31165
29376
19055
5935
8631
11062
24866
7956
333
5344
16414
3693
28054
843
13391
26571
25325
13622
9732
17549
24132
6296
23784
22788
24763
4068
16435
981
20849
7307
26401
27806
12697
4802
3492
30172
22225
14983
16725
1548
8112
478
23217
27664
22174
9313
5762
25301
14057
27639
25499
30771
18453
28388
14536
23316
883
28418
1797
21721
30709
15949
7150
29177
24640
19621
2167
7659
24323
17104
24541
13895
21895
20159
25309
22824
2184
1298
27427
29396
1860
31710
11013
20127
2257
685
5489
12044
13235
7110
548
12598
942
6831
25117
32622
16857
3057
6226
5926
17140
18971
19105
9742
24571
25609
16137
17020
23803
14438
6426
785
12837
27248
2986
14746
27425
5115
21194
21812
4261
22713
2553
12212
20549
16056
12951
19013
22157
28716
32412
15699
3917
19055
13193
24488
16436
24134
14751
26837
12704
17766
11087
4820
22965
28983
30963
32491
15789
22231
29883
25043
32110
7266
23274
15130
15714
11121
10818
7110
25219
19680
24764
16443
21685
12757
28797
351
15193
3581
262
24827
26655
10009
20651
13669
25627
32186
19014
14428
21276
29512
9004
32051
8505
4425
5472
4658
11948
21984
2567
20793
28132
10644
18460
9126
10197
25171
31589
15737
23187
30647
10150
5046
26143
19592
23572
4619
31616
12673
15116
21427
534
1367
10757
25498
26412
5623
15812
18370
3020
9999
14031
23525
17623
16849
8739
16220
8533
12788
29225
23103
27401
21499
9191
15822
5448
6329
17523
25615
3596
25109
27310
4793
9541
7435
31022
25937
32367
15603
15484
17043
16489
31750
14720
16659
30597
1310
16441
16164
24028
27325
5810
12793
32228
3921
20529
28682
25412
25270
9393
31417
19942
6397
23698
2870
6990
15980
9360
26272
23083
19653
24050
15725
15404
9676
16131
6667
23061
5891
22470
8903
32274
19128
20198
13039
26699
19009
27372
3891
16824
30087
15284
14673
12599
5057
30754
9970
18140
24962
25617
24526
12680
16374
21132
18199
29373
26984
6209
5141
1200
20232
562
15886
9888
1004
9390
24424
17255
22868
5760
21521
9807
4146
27750
5919
29222
17386
2245
9140
3733
29270
5018
23845
32685
17677
11956
16987
23491
32741
14881
28793
21374
14518
15590
14526
46
15457
17907
19886
27743
17681
22869
19308
2735
26049
15790
8043
3804
20223
15842
4933
23841
20719
13076
32491
963
16018
27345
26111
29415
5704
15754
1150
26278
5012
26952
3746
14179
3616
1179
10247
1116
18945
7635
22028
27776
7483
23155
29052
18817
3720
10979
23406
8489
20821
26213
31081
16625
17166
25418
15564
14288
19867
24422
14701
8785
21291
19649
3969
31976
1840
22159
11452
28806
22698
12899
10425
19819
20905
4511
16539
10300
4109
18223
13813
19797
15249
30071
5351
32352
7432
22665
9610
11814
15078
156
3214
11942
7937
4282
24354
1380
10649
21944
11796
23044
5526
18795
19514
13079
4626
22041
21520
30005
5399
28206
12450
22604
19370
19504
11693
18231
19208
28405
21249
23955
26415
9748
3881
30670
21152
17049
30030
2432
27492
16381
4697
11775
22861
31061
7512
10030
24958
16073
1827
16021
4909
24392
11583
15543
12712
31354
13314
27295
32662
12022
19448
20925
20352
30902
26246
11760
32144
21447
7629
17892
13976
30533
21457
7582
12373
15495
19675
14165
14070
1687
18716
22148
13272
15845
24978
31037
4500
13372
11312
31680
8507
1268
27449
6732
25824
17770
19437
17717
25431
6573
30823
31543
26941
378
198
7690
23352
29035
24459
30006
32128
3179
7490
21289
21663
4461
22373
4231
885
20830
11901
20929
19070
16727
24458
19177
3160
32024
3237
30149
31615
19890
30948
28194
21852
2179
15230
26730
20094
23143
11823
30329
5159
21293
6878
3757
1802
17736
27774
2364
4947
19911
26418
1995
18920
6280
11188
31548
7918
13480
2551
15303
29072
3389
26379
26444
16635
23112
14914
31207
12973
7653
26001
21702
19952
453
27960
10039
4257
10462
21157
28165
16694
18785
5782
32005
8704
8941
9855
18156
27052
9474
14635
22371
9488
22968
24229
13150
26149
26801
18265
5033
25679
17996
1655
11715
29157
25371
21400
32496
27373
28568
4004
19850
295
2067
4339
21656
2382
23791
31410
19874
11674
11022
9097
19651
10633
6282
20346
8959
29407
18854
16653
15063
29675
16900
26026
8987
15117
26136
8518
15360
17269
12508
32066
14962
15149
29125
16015
30123
27226
9974
10007
13061
8127
18357
26200
25612
18050
4891
32082
2776
2355
14095
6564
14490
9738
25461
11250
23156
22640
7586
15753
18574
31681
26643
18758
19302
19281
4703
7092
2919
25517
17771
32372
7870
26915
8157
13026
10601
30596
30419
32757
17296
16168
3796
22375
6681
29491
24839
22038
32119
27927
16546
9131
21186
10586
29862
30073
6925
410
6602
14504
1268
18382
24756
10130
15476
9934
31855
20077
27904
27670
21786
17195
10704
7878
21213
5278
12413
2030
21794
13536
14795
4105
10753
25330
19653
5575
6651
22435
18448
8720
23532
14771
5497
7493
1339
7481
15312
27081
19028
4674
17145
1984
9048
1723
7744
9750
10514
32657
4333
17603
15918
27926
16664
19534
22693
7847
27839
16016
32636
6540
29974
25787
20654
22303
13342
7835
9063
11824
20601
14107
6770
27561
893
25098
15093
24174
1415
18207
23388
23175
5266
15931
32403
30593
18696
8431
28536
3601
11479
21822
12432
14587
18632
30116
5112
23858
7181
14935
3999
32065
12824
1996
8627
23529
19124
18045
22873
12812
18510
26602
22433
31690
22675
15581
23737
8425
2881
243
13665
31866
19254
16216
7326
1977
28110
29906
26035
11318
19563
4865
589
306
7253
18661
14590
30796
30917
13472
8172
15709
21308
25213
12235
19872
15897
15666
776
2582
17771
21346
5447
18728
18948
5734
5904
11151
4815
30285
10693
14449
2147
32545
6104
1228
20183
23404
23866
27160
12760
24571
5143
4136
5882
1250
6592
20050
27212
28609
32745
10191
14639
29509
7700
26468
28520
10225
22349
7746
27251
542
26648
2604
22298
2368
20648
9943
3399
5228
12113
28310
24087
12311
8000
3639
2095
4385
28522
4135
18003
14610
17858
17117
11317
12195
687
24182
17802
30080
30909
11677
11107
5196
19603
15790
955
28645
4389
23067
8012
15594
29738
22286
10664
16507
3793
28496
8068
15680
11951
14697
32599
12717
11004
30729
26660
19332
6656
18854
6803
13467
31432
31591
4167
7391
10013
833
7532
9625
8631
25952
20623
4592
5293
2248
1203
24751
5168
16188
22945
13129
31097
1118
1663
9755
27136
14361
15012
32240
24303
22588
171
20170
16598
32103
22470
32736
27552
7979
30549
20707
11974
25453
28856
17541
7618
32011
9057
5180
17607
24003
14125
4419
5551
16208
4340
5859
8501
18389
30047
29168
28772
19839
19961
24982
4687
32102
17545
5462
12803
27061
10400
19531
18618
17163
21358
31154
16465
16673
32217
4777
6652
32428
15569
26935
27961
19589
6109
14477
21250
16391
28154
18059
4423
184
7334
16006
6811
6444
7480
10569
13870
20263
3186
9817
25595
18178
20569
19070
20802
30288
20548
18302
28985
10689
29492
16684
3583
8774
22627
29601
26065
3445
32288
3786
10368
23856
19161
27427
26914
17025
11386
31681
22536
20425
16886
8598
22769
1562
17186
17393
18813
20961
6858
21060
3045
15048
26367
4906
10728
19162
21422
25768
9225
28904
887
20915
16631
25132
31419
8435
29005
16173
16631
16583
7035
32738
11345
13449
25604
27418
2929
26387
17899
7452
8594
1666
3943
24970
10457
19770
5854
25739
20197
23594
15377
32552
24487
2641
2453
8951
4724
19840
2690
10487
11608
8290
10351
1980
29358
2491
9629
13516
3309
10477
1906
13640
27845
27584
1321
8655
19819
20834
20169
8607
21297
24237
16467
8445
30809
10153
21824
18136
15403
4690
28714
28073
18501
13979
19146
9117
51
32690
8738
30198
12095
29318
29435
2990
18570
15751
23186
21342
27996
30124
28559
18527
11705
9403
10038
4911
14133
3269
6881
2326
26121
17647
16814
20233
27749
4985
29301
9166
1032
10488
16893
5473
24079
8422
4463
9623
17674
27485
24842
8705
9557
1056
15129
13075
28582
6875
19234
26245
2530
4268
30049
14586
16949
28385
628
25312
30817
15108
13144
27799
29014
19477
20884
19925
2308
1302
4020
7241
13933
6349
19961
3454
5630
15045
5967
20483
28191
24982
27263
32713
25097
32358
9126
14796
18135
19888
6630
4853
20192
9540
17755
30271
32581
25487
337
11802
9158
25629
16052
7437
13530
7516
15047
27038
25598
19363
3609
8566
16973
19826
10166
6081
13649
5372
2202
724
11801
21218
21355
7442
22155
15938
1127
19728
10492
7664
26011
6391
9726
30467
4949
26922
7289
1172
9437
24105
14334
23746
19808
15798
18775
26361
2349
15158
32099
1909
11044
8025
30241
9217
24170
4861
31242
26117
28770
4432
11684
23999
30425
17717
2900
27345
9857
21994
3443
3580
28065
26343
16037
2091
9994
20233
9318
27315
31053
19183
14310
31961
13867
11941
24855
6805
20045
23167
10244
28821
11574
30536
4196
14725
4469
15772
21359
24718
13599
19603
27632
11548
23164
21408
10396
23525
4353
5048
14498
18727
18046
31670
26243
4144
30873
25598
29988
17444
6779
11616
21282
9723
713
18240
6245
31689
30166
24820
504
27970
8215
19054
24599
2429
5335
18459
10890
23032
9515
24074
12082
9949
9001
22097
3810
20611
25941
1709
31856
25144
7772
6504
29195
16958
23813
23936
20686
8979
18532
25093
7830
6645
27729
24771
22033
32422
10776
15393
32024
30829
8562
5193
30015
23645
9652
14217
15018
16601
4935
29177
1314
27224
6488
95
32615
30054
19408
10831
2248
25068
4487
18327
13554
25520
17076
13530
32262
7199
2985
31610
23790
8523
26557
12475
15344
30256
18569
20518
30595
22587
15703
5420
24930
1549
11991
6156
31200
25468
788
12791
21371
7898
15783
27761
21683
15226
28714
32762
19485
9585
3824
9710
2739
12954
32243
16810
30830
13533
27150
9456
22295
432
17005
29581
10074
4829
26177
27192
25628
9350
23224
3262
2062
29799
7468
32604
4482
1628
26011
3948
30846
4643
27991
12101
19215
32354
3582
26972
25568
3308
19629
3759
28427
7232
9585
9315
12591
8787
11006
21675
17603
17551
20132
26349
16810
12571
25726
800
775
7517
14317
17529
32594
3517
17476
24390
26284
19116
26053
24090
31599
9957
5837
14890
22794
31475
3403
21239
7436
31220
19574
2349
9854
17308
32448
203
24438
22397
11269
20101
17641
19845
8201
5223
8385
30664
5409
20922
10799
20863
30512
27179
67
24401
21205
10282
12986
25810
17635
16017
19735
4938
32274
3462
6133
5559
12020
11938
1179
7701
28714
3155
30417
22492
31447
2174
24818
25547
17749
30313
26179
16612
22567
27609
30595
18104
28463
11639
7619
5348
15137
14968
26488
7132
22328
15229
11215
8935
18216
22712
6208
28523
4435
15185
15462
29035
18751
15880
2062
6478
7752
4379
28558
15074
17042
21866
10840
8608
15938
29401
16334
14898
750
11766
22104
30002
21329
16604
30900
18229
21316
31575
17806
27144
21482
11848
15697
17209
12330
26187
8764
5081
19810
14744
7864
21889
5209
11559
9705
26771
30326
29976
17027
30658
21296
5201
18399
13525
20934
8041
6478
21159
816
9925
31661
24691
24661
3072
9529
27214
30846
18064
32677
757
25611
23463
20586
6857
20325
3416
15199
18456
12851
1275
21385
25758
1745
31954
11828
9292
5629
11501
11330
2376
10964
32586
28100
22836
17150
20289
9159
30643
3877
14367
13424
18985
22443
14098
25932
2243
6556
9285
32737
8376
28641
18251
9353
3022
7351
2753
16256
16671
18272
4911
21563
8989
16920
15664
4859
3796
27723
18131
27811
28783
1285
10304
6342
254
426
24479
16901
4470
15591
13365
19608
1785
4584
13520
27434
27736
14284
30054
30186
15575
29014
20473
14303
19504
25829
11453
9851
28634
12454
5501
14196
19850
3848
6203
18639
29435
8048
15639
20286
6891
10031
4978
16043
17254
24241
6738
24853
31046
7926
2056
3995
31995
838
13585
470
9352
21281
11835
10092
7886
18550
12808
16354
31757
1557
7511
9394
8104
21093
2881
31134
32552
27226
11330
14147
21124
162
6297
17393
6560
15647
8689
3770
6931
20634
26688
24777
16429
28854
13808
22774
29241
20514
26429
17815
23807
26387
24798
20632
14989
8178
23015
12750
3127
15441
31982
23432
25821
1572
9324
21863
10348
8494
13927
14704
25767
4281
25422
1888
10024
17802
19493
16959
29857
18452
21473
3128
17768
21228
8214
13480
11059
29053
3279
27765
1056
30461
6077
5281
24312
24992
1685
23327
29876
32267
19635
6629
23360
24331
29699
11330
21888
32135
3361
11890
25745
5299
27327
23408
32337
3719
11336
32011
3361
5232
23490
8764
7401
6213
8953
4023
22877
27004
23514
7872
16767
10910
29
32320
13413
15096
15399
2584
15165
26772
10542
11445
13454
32359
29342
32484
17601
716
27323
6632
12255
14897
21128
20427
156
16912
22760
15857
8341
22562
5380
28147
17878
8655
32748
30890
22943
2024
12673
24457
15464
31384
25746
4144
2850
12696
1605
17983
18880
15523
21689
16232
5878
30762
20713
30153
19776
14920
2004
21624
13607
19448
30427
6751
11456
646
3946
24394
26741
3395
7642
28478
12551
19325
6038
28685
17108
16046
5245
1319
12886
27892
30600
26035
31213
18369
2733
6366
5342
27348
4611
19571
19355
18280
6694
31149
5445
4011
1501
19529
12911
30321
7930
32734
25893
5930
11906
10097
27180
6673
24590
4932
6028
26791
29809
18672
17484
1632
1947
16819
23933
24988
28094
25355
19578
12504
27567
25988
4717
12326
20110
7630
15637
21210
9897
23570
6343
15751
10654
21894
17331
7210
32704
19520
1641
10404
188
26952
5532
30062
9085
31984
8485
20616
9548
6504
21578
21170
11324
15245
11073
28383
26821
30210
16880
5607
31407
21122
32759
17020
7473
23924
17904
351
24155
4032
32757
18899
26033
2786
16739
14931
3609
23357
19934
3456
22263
13489
13206
23389
28822
23919
23240
31422
26570
15116
11911
5886
13523
13781
17084
19953
12677
26211
7020
27161
15014
16751
31033
3357
152
13799
20268
24182
19255
28992
17841
4716
13573
15887
28387
23873
8581
12499
4106
9900
29412
5909
9314
4489
17118
23732
32031
11214
8928
23418
8877
23233
10090
18674
23356
22376
17080
13950
31356
20289
12961
22436
24229
32052
1471
681
16059
20166
31696
8033
11792
27023
17756
30789
30986
9454
26265
8646
16166
19451
16779
27617
28221
15293
2927
4596
775
12702
12634
7376
13021
24091
28702
11023
25283
4032
9069
5032
4005
2644
4161
5824
3041
24145
11898
4291
13830
21655
13769
25524
3291
16992
29134
2753
17572
22903
8573
3099
16800
18597
26054
15620
7126
16492
885
3114
4114
12280
31831
17971
554
20051
17310
2201
29829
17368
4486
22200
6366
2026
6713
1317
24134
18150
11248
28482
8296
25685
30812
11023
23569
28007
3396
12099
3312
3997
16495
8092
6298
26565
4804
13171
27344
15659
20144
27283
9989
32014
26056
1099
4891
2641
20912
27842
8046
13683
31803
5259
12307
28865
29395
26233
2914
5322
26908
20405
4529
18708
20180
3597
8803
25869
31998
14479
21026
23876
15935
13911
22120
4313
13960
6053
19012
2867
28149
1331
12379
3568
757
14789
22061
30498
18348
14849
31897
22456
20117
16001
27043
20026
10860
1063
18294
31162
25931
30384
29861
6407
29459
27020
10678
10787
8973
21229
6113
7671
21713
15647
25877
29766
29799
25111
10556
21472
429
9550
20672
29464
9976
24528
2126
25719
8958
12943
5594
7090
2548
21246
17123
16090
8691
1499
15352
6099
24224
15436
2427
14855
16396
1838
1445
12379
6361
21674
29642
18275
32671
11273
7390
18385
28557
23497
5433
13620
23636
19952
3991
25823
15680
30368
24931
294
21416
4332
7221
19665
12425
7658
24729
15050
15726
23049
19986
11801
19603
7333
13406
30226
29769
21977
27132
23245
14748
7829
27628
19927
20020
3824
10934
4903
25977
20159
10413
30292
25851
5222
19829
24581
29712
1518
4803
24488
11967
12376
28260
32103
32732
2353
7553
26711
26229
11879
13601
21747
10861
22619
7151
8138
17511
12855
20798
2164
31973
3202
9546
6346
1713
7666
18112
3159
6269
18049
18817
19465
18886
2242
2723
21036
14078
11638
5561
2713
12521
17755
28501
811
31560
32068
26827
115
24245
30830
24887
19117
4558
9490
6081
18162
15765
16183
29471
12463
8471
30154
25180
1877
6220
26096
15064
1106
2623
24731
14225
11585
622
11868
32160
22109
31092
17784
18951
10556
4325
9789
11433
954
18042
20886
29850
17203
25198
3550
12697
20469
9511
28146
28379
31988
30745
20106
2827
4032
9704
15817
20878
1205
24012
274
14603
25457
1594
11550
27435
14220
8897
1099
31133
387
20786
3895
25694
13300
8707
9102
21815
4369
20469
19744
13447
31823
6901
19767
31554
5214
19008
9255
26170
10590
6603
22822
28317
25424
5858
29790
11199
11466
12303
24385
538
13807
31805
7965
17300
9119
32029
7664
9472
16107
24777
30077
11494
14540
1704
28831
32647
22036
19345
14046
11292
6052
24883
22080
24415
13024
13492
8033
8012
28256
10392
1990
29737
14056
9701
1647
8900
155
18564
7851
23548
18539
10987
3377
1410
18900
5369
19307
32737
15562
4641
23829
3516
12272
13003
7175
16471
21258
31991
30287
3418
17845
20516
21123
29137
15958
16496
3670
18038
7504
11520
19304
10547
16506
5538
32355
8163
10960
29617
29763
22617
21608
6714
16885
10659
13992
24924
21028
14991
26807
8437
1360
29039
24625
15995
6176
4378
10783
21031
17401
10035
12326
10073
19919
12206
24062
7224
30523
4495
15142
9368
1486
22773
19670
29730
21670
21080
21558
5038
9278
27407
15565
26100
7306
31509
20284
24420
13636
23564
31788
30034
30849
29058
21381
2134
21383
1652
31712
19955
27106
9232
15936
32118
7861
17855
31228
17441
18511
3683
5376
17545
16894
25309
15414
9533
20520
3539
2110
29352
2711
20656
23141
22585
16661
1516
1493
29889
3641
14477
6409
19996
3200
21742
23428
10259
24991
22207
21443
17025
5144
6221
26992
17077
24332
9987
30680
19480
30800
16689
25759
3087
31939
24845
3762
15651
30430
30968
10622
25952
13196
17666
22624
21498
22844
21935
7772
8759
30005
14332
30225
15240
29482
24221
9708
12537
13071
12425
9373
23500
12587
24760
8647
4961
29805
29483
1788
31322
14083
4910
1256
9980
32041
7898
204
10967
3647
3037
30255
15785
1055
2430
8400
3968
25773
987
734
1567
31152
27765
7019
27043
23264
27631
24863
17510
24127
24851
21801
31268
25261
20758
17019
23132
10423
11549
32055
12793
11697
4351
13924
8242
15620
24397
14310
12975
11208
24208
7341
3309
29334
15313
22828
7907
6551
5727
10253
12006
10977
30924
12067
15050
7940
25401
28832
29770
30687
19155
23688
23721
32185
12958
5733
17306
21133
16754
17213
11614
20388
31043
29633
25644
24937
29605
32455
14549
21882
18318
24570
13992
20219
31838
28368
20115
21807
11806
445
15756
12361
18181
20903
12847
2175
29249
12697
30121
31585
11252
28347
7124
7017
4732
27778
32419
3539
23799
20772
2241
15022
6918
22095
4981
17204
8658
4634
23497
12887
19021
19516
21227
7068
25787
13179
19923
7212
1392
1896
22566
29225
3803
2634
11867
7742
7363
20312
8988
17274
13521
14635
29679
14686
24655
15474
20757
1076
4911
15080
7346
10147
1103
2691
9519
1921
23291
31982
24285
19176
21940
31546
24795
30092
20015
2513
10553
11083
16033
18603
27741
20998
11322
17348
29606
1456
6895
10189
20304
4772
28285
12065
24472
27196
23723
23292
31008
17823
21711
19687
10388
27354
147
21623
22926
18483
16889
1335
25783
22969
21149
26851
18736
3360
26683
8663
5424
6092
624
4550
16878
29484
17861
22703
1729
29513
2025
16397
26501
11167
28990
26191
578
5675
22423
16007
24584
12485
13889
14438
19741
1200
26432
9320
31835
19568
474
10316
31187
11227
602
22471
12470
11891
7950
17785
2166
32755
28306
8224
23848
4904
17232
12300
22317
11010
24648
18643
26129
31211
27405
837
25267
19287
16144
21410
7334
27549
1569
20491
22232
16901
14899
15159
30577
20770
29792
10087
28414
4450
11565
17820
6863
23011
21006
13575
9885
19336
21549
26305
12657
29261
5223
27068
14784
4311
20631
13050
5339
19024
30232
13820
30087
7793
32133
24958
17895
27616
13251
21601
22691
27837
5186
24297
13635
24951
6271
9256
988
24037
8398
28602
23535
27794
23126
5043
31374
31832
18013
25302
9152
19504
18118
6920
13095
18760
21463
21508
8160
4950
16192
17999
30635
6957
10329
32367
5452
3981
1452
20568
5681
3136
26547
7975
21332
16226
22755
19730
24931
30977
32489
26527
23583
22758
24883
25621
258
3761
30898
48
23844
24620
27870
6937
4703
27097
8699
6805
30641
19917
31899
12413
6371
17601
32357
5230
22888
17767
8212
1473
16008
13818
3267
10686
9406
23577
8807
6668
25694
32469
23453
14188
10618
28425
1702
5288
775
27114
28079
3525
27964
2526
21590
24448
23355
14738
28267
21241
1011
23878
13299
20905
30277
9836
13939
30105
14437
17778
23403
27094
30340
28124
8224
12064
1196
24725
19102
6370
14315
28807
11262
5735
23219
13673
22501
7242
16513
24792
30029
16942
15549
27050
3208
26800
225
383
30337
31642
9694
2200
20806
9305
25788
29677
7619
178
17024
22905
27344
12720
13138
5849
12655
22241
30943
17941
17998
18882
16381
29886
1172
11639
16781
20793
5594
9919
27302
16986
31606
20520
20464
7477
15616
15999
28749
27952
24591
10635
2751
605
3396
3323
2950
14855
1674
21916
21640
13707
21147
28367
25846
29545
16839
17467
9261
32411
12273
3007
21466
10278
10202
27562
28002
32494
19362
20783
28289
31182
9867
2835
22833
2024
19457
31913
27341
31546
26583
32000
20086
371
9172
13915
20150
7940
1646
6625
19043
24697
11989
15254
28870
13834
4659
10890
2301
11629
7730
6481
18590
32239
25792
27314
32157
6851
13583
30371
3952
16282
17887
7030
7024
11124
21759
28493
12419
32181
24593
9683
28152
27003
23183
32302
2482
13103
1291
19759
393
11354
18875
30668
31725
8634
16948
29137
7116
28566
19062
5330
19382
12366
17705
25444
17472
14646
29990
3213
20902
22948
4153
17272
7348
4168
28453
16237
31462
10940
32489
30721
2510
860
22338
29066
6582
20824
6769
11734
11143
16136
574
5405
1513
14975
15933
27443
9644
13410
1872
9474
3431
16635
3181
12856
14430
20361
7330
3901
13481
27610
12886
13160
10387
15900
17361
12146
18241
15601
31999
4139
30868
17857
18032
22891
14415
3924
15780
11596
28797
10912
646
29590
21261
1503
32310
5499
30400
9701
1803
8581
15173
2481
1497
27596
14498
27714
111
32364
15829
22700
11620
28214
8891
17514
29972
26534
28978
9206
997
2069
10618
11671
20943
22320
9698
15994
17179
29865
24992
5637
18026
20013
9984
23400
5114
29077
26817
8565
29221
20320
19131
23729
9002
353
7622
32683
24624
27061
21208
12684
1416
15864
10605
21232
21555
21176
7468
17652
27812
15146
22215
9872
26310
4380
9251
31784
11073
31019
15289
30045
29178
14134
20284
17705
2520
26387
12667
16427
19918
11648
5002
13631
27414
30044
7452
13394
23738
3351
25652
14197
16473
14439
2045
25135
26664
2620
29429
19224
20023
6903
2129
931
19702
28374
16542
21052
16631
8371
31140
21139
30709
9455
32143
28727
4374
14505
1361
28518
12909
20787
14914
30756
14275
8134
31497
22410
16023
32116
26560
27489
13155
21343
31059
27631
17441
21289
10281
2065
23566
5035
26119
1930
3246
26090
28465
26523
2064
30278
14034
9684
4179
3573
29341
11561
105
2224
2485
6472
21019
21164
27338
17450
17741
716
3461
20968
3204
25877
8999
11985
8869
2402
14957
13241
11776
10841
23222
25747
5260
157
23143
32067
9588
22085
29839
16557
31699
28302
25031
15890
32444
5580
30813
156
8830
28071
6065
23863
20262
18819
25310
21155
4165
12096
3741
12231
29171
20516
18023
29769
12051
3605
27866
8027
5337
24844
15198
24792
16266
12486
1288
24719
5251
30397
8383
4063
7549
15446
16029
14724
10511
18780
11415
17328
21620
5805
20065
22621
25231
22835
19596
26594
1068
14614
16114
14789
30089
2352
22099
32721
5397
4802
18752
8040
22391
18789
2104
9498
15570
31555
32018
5750
11080
20870
22938
5663
21181
13585
14719
3619
32221
27502
7021
21641
29792
8
30070
32297
21132
19867
26806
21441
31228
15336
22583
7492
32673
1453
26386
14197
15110
6868
8663
10165
23256
29419
22319
8729
8869
25556
25536
13760
13796
20670
30033
4964
5174
17748
2351
8750
10987
20787
10703
22223
8136
14242
12212
204
14599
18301
2451
537
1696
28531
20406
9450
12487
25202
9886
966
4022
24670
13548
14301
28844
30473
12418
16795
11318
20320
18149
24445
29101
23266
25829
18212
27648
30039
8577
29864
9139
20158
20485
1070
16936
12679
32117
18877
6686
30978
23854
6989
6519
19480
26827
289
2110
28729
14150
16471
14568
18581
20319
29630
3546
21903
31042
9959
30764
18542
21348
10111
21421
32598
11950
219
17447
32120
30173
21973
30692
13189
9257
3287
29552
11368
3876
565
19105
29236
2022
13504
27349
16219
5991
8344
23163
20514
23084
15425
4565
26705
16166
19449
20731
24879
11735
32585
5924
21421
22454
3291
7969
13026
14549
16523
1322
27319
3009
12224
31197
22244
13481
2045
9860
9755
26563
11187
9879
32130
3820
4442
14978
28775
12943
6335
6055
8240
27079
19104
31143
6288
5576
13942
22749
15361
27771
25234
27180
21614
5736
619
19451
7215
25561
26423
1149
21307
23868
24248
13622
13465
13002
29785
10171
24600
20326
18553
6073
3136
4808
29191
24120
5256
30426
7759
25121
14282
9314
25363
29182
6899
15074
30430
27394
25599
20412
17301
20809
293
26778
1871
15712
28750
29965
30566
17160
6860
2933
6607
13623
6473
27936
18598
27488
29693
5558
5133
27636
13093
22996
30263
8233
21424
22775
3520
29946
29755
18076
21056
3439
20031
20133
30495
27166
20361
6399
28843
10738
26603
12418
20327
18475
24370
20760
26022
31654
18263
24866
27481
7007
24314
6679
5158
11316
30731
9326
19386
31724
14027
10943
3167
28023
15603
10277
977
23159
5426
30182
31309
11776
29405
23638
12268
7324
6627
11000
9263
7571
767
7143
31707
2409
4145
1652
30983
423
25966
9489
14707
1503
14743
29294
12059
23018
13224
25057
1804
8564
10290
30475
29303
21691
19211
185
1540
29331
10563
31496
9064
5038
32603
23757
8506
17178
16306
21555
9474
16395
23872
13990
25492
3291
11910
10224
15260
28495
31941
15522
24185
17948
4975
7094
31567
22441
25563
25458
8279
32279
4412
21904
18042
21631
30932
3739
15135
18810
2661
19612
23617
15079
1257
2294
23236
32488
27522
27023
30473
32302
18100
19760
27584
17271
1490
30511
31485
9300
5302
7755
20878
26416
31157
25303
13453
2702
4051
28699
11569
4498
12594
19703
9961
31171
26065
8137
13228
15887
27251
27025
27274
2832
9180
31827
5256
2189
21059
12477
7082
23620
6405
7946
28753
18918
11927
24358
22727
5220
18622
5139
24345
1129
6402
18059
20773
14375
28000
21223
1779
8279
18751
28223
25417
20091
2725
1747
17017
30823
28587
937
19326
21759
4142
10104
22343
13890
8136
6853
25171
1160
3070
24908
15486
32519
19131
16033
27419
26012
27902
19991
28994
28617
18895
20961
29291
13562
21879
32119
25404
27148
30960
16188
15520
6159
32155
19805
25881
12363
24881
31228
17495
8578
9724
4750
13577
21109
29511
20097
18675
9641
6675
4386
4929
27243
21003
703
27931
24338
17082
17672
26745
10372
11516
18107
25913
25340
18610
31361
31855
12298
10938
29971
13820
26075
18207
13984
15458
17338
25484
9075
726
20439
3591
28625
4503
16967
27611
800
27775
8525
29910
5711
18391
29400
28341
4465
32624
10060
15581
27819
1007
8581
22604
6225
12905
26
974
12364
18992
3038
4212
32447
29932
28589
17986
4586
5357
7525
17704
26958
19903
1074
29236
32273
31487
31759
17669
10917
2414
2697
2435
13733
26180
25798
27085
1023
30919
21191
21619
13912
23067
22506
4838
13740
16220
17587
9260
29493
18922
5579
12248
24463
12804
17481
9530
23833
32665
27441
23251
12702
17754
26170
16907
15157
4628
19925
807
27749
3133
29802
5493
21389
27597
18661
10185
12675
17999
17009
27949
25468
24887
14723
8661
9260
32374
21019
23633
26670
22348
23367
32518
22949
14685
18408
24031
14116
31240
9400
27712
6603
13300
12172
1852
26291
747
29655
12295
28557
12780
4208
19118
1669
3963
2709
13573
2413
23612
21039
18913
10263
1984
23383
9352
27138
12191
28954
14438
14137
5319
9593
4354
26745
31507
692
20016
8850
10016
25033
12423
271
28252
2615
18965
21529
3423
32519
10066
30105
14463
7437
1107
31133
6814
28268
25152
15869
13895
22360
4360
7486
23802
32
339
18614
12483
8299
29369
3569
25617
4033
21041
2900
11206
16206
23756
6144
6027
227
23203
25338
17510
16190
1549
3464
7566
2955
29462
17630
8062
9259
2861
7929
20808
22707
28957
16076
26668
28472
24895
922
18793
28362
25069
18339
24147
29502
22585
29186
28326
28209
21727
24534
29978
31049
11641
26784
8759
7614
13810
492
363
13593
11837
17972
29786
18236
14407
25345
30837
2467
27178
12883
27342
25577
20643
835
15914
7566
30150
21991
22360
6391
16368
3702
962
16310
15614
25516
15938
1036
11708
3184
13879
7084
26016
28853
19671
22466
21177
24990
31943
15924
16866
7397
24553
18472
13115
8061
18293
27078
21210
2934
6731
18239
27069
9506
28039
15118
23299
11126
2902
4478
348
4018
23561
7532
191
20549
25960
2638
24667
31466
21577
3956
207
6680
17505
26766
17053
4505
14937
14191
28892
11896
1060
13072
17454
28193
29585
18392
4594
16580
10012
3354
31675
19194
21770
13280
13056
27307
19637
21223
9493
815
8740
13290
9049
21683
14302
1571
23474
25311
6912
6672
13622
11958
25998
2675
25899
18365
6919
30364
20530
30815
13116
12778
3007
4496
18273
3216
5068
6577
5477
6549
2255
25267
19839
5663
2537
19328
24074
22000
32608
12438
12690
22833
26959
20469
4911
28526
1692
9276
11537
3043
26667
31503
21853
12022
17489
19131
7480
2308
7820
2845
22048
14944
6001
5568
387
21657
30949
20805
24202
252
21136
11272
2614
28762
14991
10752
26031
30732
1641
2535
14041
51
4165
17819
14119
10052
23642
29125
1204
16069
12966
16568
10640
1361
227
11420
11607
16866
6327
3275
25865
9296
7723
6779
29973
3860
14942
10398
14775
11858
26235
4870
2436
23
25320
10445
1604
12767
11968
5620
28671
30554
4996
4170
11867
15983
6413
19343
1061
25730
30149
30938
8493
20722
20247
21816
1623
6374
24100
2966
28655
4170
19640
28129
14909
27668
24188
18795
29785
22988
14957
23185
5441
12363
26764
9115
1833
7619
22487
10979
32018
30463
121
25658
18078
3052
30270
18823
5667
9561
32585
26289
27902
4091
777
23743
8746
22708
25961
8254
14097
7700
8775
30435
28321
6945
15656
30834
23203
20307
22826
5854
21320
26595
3386
29106
3333
20038
18566
30895
16545
32756
23349
8631
6541
4973
30550
13802
24179
3710
15895
31246
2065
29120
11576
13876
14920
7523
191
24728
21360
29481
23788
28618
1519
22965
21615
6155
12298
1286
7897
30714
26107
10303
4945
30832
25155
29865
15240
25512
20545
2554
4847
30627
9476
15320
17959
30666
31326
20633
1720
470
8249
7501
18183
10733
22574
8958
29314
8717
28500
4406
30238
28846
10838
20930
11523
31395
14281
438
1413
25666
7356
31665
29271
3524
20368
22370
31739
12015
29962
587
1661
22002
29606
21957
8033
19856
20782
20037
26586
11904
3724
18397
28477
8212
30173
25606
4532
3098
3782
31900
12087
18944
11531
18474
20152
1339
19805
4968
414
25320
13428
13314
7029
10932
1118
6299
4580
30458
15383
6674
6367
12332
21849
29188
20253
22388
29877
31378
3789
25755
24547
7012
13957
15145
11863
2029
32379
31438
26644
13041
11767
12032
1733
6981
17672
8678
3338
21975
28279
22133
10256
30958
19961
28121
3940
19634
32424
31766
5897
25838
21940
4079
10184
2069
15702
29191
4551
1923
15366
24390
27997
27910
31726
17022
32293
8605
26270
12622
19537
29055
10497
12359
26689
4447
13200
590
3157
2287
2757
1857
4351
9891
31699
28126
26396
24759
2452
15584
3204
18291
9667
30570
11999
27822
2667
24745
28859
25745
18335
8886
1244
17309
22892
23737
5075
15855
23052
23636
8147
19395
9308
1599
23231
30520
31377
12847
8839
14163
1318
32253
6069
31813
15896
23556
579
20721
7254
24779
30896
13737
4979
5092
32083
6200
15263
18451
1518
3366
13781
16051
8582
11831
8278
6742
12402
16949
12117
25772
25267
4591
15860
11174
28803
3714
27503
31194
16688
11479
6295
11818
29739
6765
22915
30368
92
12121
12162
29341
23993
16779
8019
16435
27927
15698
30617
30927
4672
10019
23433
24859
13381
27286
26086
20514
6166
6833
30767
4534
18767
1897
2583
18446
1365
19558
3381
4276
23714
15623
14589
28831
32349
20902
21231
19355
25134
31261
18190
27378
17488
31112
9364
22341
10216
12109
21220
2491
21397
29018
4800
14430
31816
23470
8124
16833
4694
14619
1522
31718
25803
26954
32760
27232
3842
26623
28943
8117
25714
22942
20381
19974
20171
16623
5086
19186
21058
16926
32470
2743
11304
5894
19850
22170
16322
6318
11375
17034
17749
532
32547
9728
28544
20522
20571
7209
31438
25375
32285
20295
23436
17631
30255
4949
32216
14557
5839
5097
19451
30992
1956
6495
28409
17467
7925
10548
32102
8562
10009
1456
3194
31962
6190
20680
22376
432
6670
22082
28908
21901
25215
16666
13091
6376
17322
16421
24992
20700
32463
24052
12732
7723
12086
4091
11565
25988
24937
16626
8923
19713
10912
23164
6639
13044
21629
4615
31532
483
28921
31987
25730
1489
27295
12278
23264
9919
25848
28095
20043
11379
326
10457
9261
28536
23412
23763
15343
7014
21326
670
8649
26212
30190
9270
25561
25066
7030
21380
15731
18636
3333
2180
3257
28276
18147
10915
18027
13166
11007
18795
23552
9003
14236
18529
18421
7934
5703
558
13413
14955
5900
9982
28634
11425
27625
23078
9315
31557
14467
21257
1254
17009
18968
1340
25784
15869
2997
5096
28011
30717
2729
5232
26343
16522
7993
25684
17852
21190
3477
5718
29623
19226
13067
15067
1716
21186
4987
1939
22962
9356
23307
8796
15405
20188
10267
4964
11176
22260
12668
8846
19337
8562
7388
9240
3881
17434
6533
30842
18988
9430
4936
17297
6926
2555
4531
7932
25599
32718
6027
19399
17905
14151
5750
10054
20975
16917
19191
26436
25776
20449
5279
24926
24684
20695
7810
25001
14574
8547
27625
21659
1515
9016
7494
18472
3986
26519
365
2091
2404
20174
18176
23048
28486
16639
25131
7055
14548
25634
31378
18724
22265
29517
30088
12061
12220
6963
28802
19052
3165
32748
16331
7294
11681
20468
17785
30307
31338
2165
13471
32558
31882
20169
5316
31135
8153
826
6548
3327
26502
28941
8918
5452
3498
16320
30878
16022
16675
2447
6084
28585
30111
15165
8852
18412
31223
8464
18887
13449
18623
17694
16819
24782
18203
711
6078
1492
26067
29571
31768
23902
22698
6366
21418
15363
22508
26560
9801
5776
8263
6386
15664
30376
9435
25310
1453
8877
10132
150
3098
31972
11192
10776
8975
24019
30396
25041
2774
28142
4956
15199
11551
17011
2795
32667
16629
16787
18663
20951
27377
4562
23760
14948
11694
6320
3642
14936
15996
19593
30498
19597
4697
23994
6270
30701
14109
31493
7447
22253
19700
13623
16027
14424
13329
17927
238
15694
17057
15938
14274
6284
5886
24357
2663
21230
23078
8970
27108
14641
1643
14664
11590
22270
1644
31060
18488
8996
16451
4396
20436
16678
24832
29429
16825
31733
31831
17890
16734
24062
21653
24153
16294
2663
24280
337
16564
15254
22400
30463
13312
2804
31457
12465
4778
26096
13882
1530
14351
21574
25835
19727
10395
29569
28130
21105
15070
19390
21847
29644
22241
25012
5817
25119
16314
10737
23272
20254
7006
16742
24228
2517
11447
3878
7494
20109
29686
13163
5037
19955
10539
26586
12156
12151
17682
13576
16003
4851
3120
8508
29306
21901
20511
15479
19701
7646
23335
11697
1940
29524
14862
9574
19578
25812
22576
22865
21249
676
8658
28024
13484
12169
8371
28264
3678
3372
18148
16578
16841
1986
23514
10742
27432
17644
16322
22095
24369
31196
30996
48
17733
27834
16491
7325
8683
9542
32404
12540
25980
4286
28900
13853
21280
7426
26575
11385
21496
3830
21431
17847
2717
6184
5122
18293
15050
28595
15471
2884
22869
29283
17578
16372
22628
3609
22046
20499
989
31857
11274
4528
542
4259
14807
9060
19695
7335
2985
6804
14004
12701
5428
26352
20456
16235
25297
3903
16582
22440
24784
11103
27465
6073
11536
16263
26967
32313
9934
23760
15161
12191
12475
10996
14927
28186
22865
16213
9218
18624
23910
25921
20729
17896
14594
15220
27792
3284
14958
19166
16518
21140
19341
31399
26869
3622
25967
1393
1160
14306
25124
21469
13544
6166
8398
24656
887
26861
12282
2039
32321
20373
29233
27912
8496
28832
28873
20043
24447
9131
20737
30682
24944
2622
8014
12581
19010
3572
25839
19512
6749
2524
15303
14913
465
8990
21612
18764
14078
5346
8828
28498
9620
29549
9008
18034
2495
10893
29235
7806
19355
15160
8372
18361
12014
31856
698
31455
11030
25449
26295
614
32576
5870
27489
2308
22235
20993
26557
12657
4685
22978
6524
23406
2020
2706
3467
14854
20751
16503
30438
7956
30670
7874
26541
8197
6247
31472
8313
30687
19291
28367
27120
19074
27544
21986
11415
11567
3312
14853
15080
6214
14026
29524
421
9812
14103
32586
4715
17484
8584
21286
15498
14101
20222
11667
10260
6725
28995
11143
10036
15405
3831
9324
12737
31509
31693
4478
16147
1992
8439
1140
29206
12628
10718
29026
19356
7691
26903
20446
22264
5581
2450
22370
1224
16778
24597
23281
10258
1026
28905
2045
18835
20431
32212
3209
17747
7846
12359
26763
26237
28122
13271
28308
30062
25633
21745
14258
27660
1179
30666
3734
17497
4880
31638
5618
5448
3450
24058
11813
29135
24259
12995
24090
15933
11983
17368
17261
28622
29629
28013
19920
27260
10346
2682
18862
28953
19511
1388
32270
23451
4109
24858
25017
1975
21662
19962
11167
14257
24045
8085
17015
21362
24592
13880
20390
16347
18740
12525
31074
16473
27875
31657
2071
5817
29826
3527
31497
21822
14622
27829
20540
5873
27240
18158
913
4665
9981
15144
2353
14763
27115
8142
18222
24355
29041
24240
21096
3348
775
14586
29358
2588
12446
1890
12838
15068
809
19110
31727
22022
11868
8246
3588
7863
12724
28461
16996
6408
2743
24966
29552
27872
23677
32141
32660
27404
12399
29587
12329
26769
13391
29670
1946
25664
6521
8449
15046
10892
31080
29183
22950
27545
25467
6486
27440
30613
30713
17345
123
5451
13396
17278
803
9973
21674
31674
17135
4434
28305
8266
1713
6393
10516
7579
9326
10733
13817
15596
25791
15729
28742
22714
13687
21022
17411
13692
28550
10802
17216
21137
13342
17451
3162
18295
9492
16789
25979
317
31880
12320
12640
29755
18376
26869
8543
5632
18802
31306
18600
13196
18137
20276
29899
30656
17578
2493
28538
13842
30416
17207
3472
19845
26516
9936
12115
14297
6665
6758
5622
6398
11175
27036
12899
25295
14646
10029
20791
24829
2798
14464
18445
16713
19420
16253
2047
27639
20615
22176
14698
16511
12500
21323
17650
2693
14631
609
28102
17163
30411
4880
24869
29158
25492
9198
24354
17262
29890
9800
24740
9850
4393
2998
24240
1676
12943
29171
7915
30280
13910
16620
10586
24107
8539
28439
19309
889
23325
24582
19516
31607
9250
4412
13840
24283
19350
2367
22821
20865
26678
15599
27566
12895
6252
24341
27418
1979
3515
20031
8854
31643
26462
5324
31443
31870
8236
12099
30473
22089
5055
3305
828
22404
24277
32402
30654
22214
7926
1975
30197
11374
21848
17865
606
29844
28927
25029
32722
11584
17448
16393
28680
1241
26856
25190
7516
27872
22801
12406
4558
17630
15701
6703
32590
12698
14254
18617
32055
29840
11517
20861
16153
22431
20977
8063
10427
258
32554
1773
25440
17281
4254
14072
22602
16104
21564
32226
13437
25785
19408
4952
22981
13598
17959
23811
24826
18465
4979
24922
4483
30495
22768
23738
29209
14970
18376
11448
22221
3983
15157
1462
4173
31464
485
9908
8291
31410
22178
32617
6078
32113
19506
31890
245
12530
12412
28299
31945
15745
10989
15900
29611
16733
6682
25493
126
8297
29863
21533
30877
31780
12647
22855
13600
26587
31428
1766
347
11550
12642
17187
21160
13424
511
5324
11623
26178
4766
11247
23362
6179
2788
22696
22198
23089
31682
25655
4046
14547
27220
85
28210
18090
521
16585
13409
708
12805
21302
10299
28435
14787
26935
9410
27422
26879
2221
31009
9975
5843
13912
14574
17005
5152
11941
25004
27778
7471
8391
31124
5920
3736
8201
2965
4871
24931
16227
9369
10250
12910
2891
13834
32123
22798
21965
404
26340
20729
2270
29229
26871
31588
29422
1619
2760
31592
16828
12181
18234
12714
8046
19285
12983
6971
9697
6348
10533
6077
7230
20559
6165
23240
13006
16336
14653
3212
12559
4263
20776
23991
18951
6803
17964
4761
2776
26619
9117
18821
6037
20346
23872
123
10836
18075
26370
7685
2180
20961
29930
351
25217
13835
30541
24026
20838
20117
10049
25986
26403
11650
14163
1791
1231
26713
31869
17081
27455
13934
9042
23360
14807
17506
17788
25834
20384
24813
29544
30910
17051
26331
1600
3728
24917
2133
19994
17006
29372
24418
28783
2363
10289
26542
2766
6298
30174
17801
28113
1550
17738
32306
1105
24927
13866
1366
15062
20031
24955
17364
31569
24877
21197
31683
4366
17306
11234
11702
2276
25418
9847
25406
25007
12542
26722
689
8448
12880
24029
4138
8210
27358
3618
32721
9472
24746
7736
32093
7222
16321
30220
19671
1573
24859
15299
10400
27964
14531
6479
16565
30739
28471
64
16178
27625
10770
24541
30229
13136
18408
372
6725
15655
4978
32494
12243
18377
12779
1958
2943
27780
20665
26492
3454
32589
22096
1061
31098
5809
6740
17605
4059
20495
26877
6079
19525
9221
21952
2763
28001
24360
8492
10570
10721
4856
13842
5335
14014
4883
488
3103
708
21160
11375
21490
19281
13871
29332
13978
28250
11607
10388
3435
7598
10560
10084
2203
22399
17131
10576
10580
18462
9711
23010
8712
30982
4973
7429
4357
28956
4421
20842
18761
10805
6538
4651
7575
32729
24116
15279
25034
31559
29973
14285
5738
8376
15
21812
29309
8680
9603
11786
16287
6611
27916
25043
15445
13756
21614
9877
30879
28532
12489
30009
24780
15577
12307
21813
27282
22685
3780
2920
6238
2121
21971
12357
18153
897
13538
28980
30988
24713
19638
309
5589
10760
32233
31943
19674
524
4067
17672
5325
30287
17414
5661
30801
27065
10537
23764
9484
14117
17224
3976
28926
29032
23417
3654
18961
25743
3106
20013
17393
15465
23914
21531
14365
29766
1517
17030
11327
29693
9140
32423
29369
32308
356
12510
14720
21467
15285
9298
31533
12538
23334
18904
1617
1709
13808
25110
3849
5740
11832
4840
32467
21136
8328
27650
30368
10259
5760
7895
14123
5528
4553
28090
25480
13227
843
5699
20992
4681
17056
15093
24348
4003
6600
4125
30464
3103
14622
20477
18682
8096
10122
14890
22875
13319
761
8755
25990
10490
9482
20867
20038
25828
10
16521
31845
30524
18467
27414
29562
12299
15568
17414
1794
20648
9876
3106
26034
14790
23788
4165
28428
15025
26754
4798
1841
26069
5539
25590
23798
3712
2803
28243
22073
21481
14432
14683
5750
23920
12884
10269
21397
11303
19759
30412
27910
9618
3316
15278
30992
15275
15682
28468
15462
22057
17799
16235
16380
24834
3440
12947
31000
9263
1444
23820
14252
18607
10417
11898
20195
11982
2118
6689
11258
31143
15012
7825
20305
29672
15439
28808
23490
12757
6665
19732
12337
5264
30464
14072
16228
4759
17223
9041
6677
27022
13955
22905
24390
7487
25319
2604
1749
26591
29794
25065
14928
32658
28694
6811
12298
21810
2061
20601
15471
12364
22311
7723
3476
19564
6487
17454
17683
23451
13327
24441
25621
4645
8953
29537
15792
8096
7400
19130
25460
14633
1294
29759
16448
6385
31855
24116
21850
5881
10133
21833
19903
16153
31878
27330
23480
2119
11507
1493
5294
4374
178
9299
16191
1405
13423
3723
18322
4570
12446
620
19943
1846
11443
6633
882
5323
4758
28834
18793
15043
13905
19648
18012
23107
13836
20256
26053
1704
5692
28341
30176
31761
28183
17191
22460
24349
14411
25280
30098
10742
7151
22409
29527
27278
16826
28592
19853
13864
2419
27949
23134
30235
13224
22693
24811
29138
21411
31631
15074
14872
7578
17813
13390
22930
25894
8509
7604
28301
24566
31688
17499
4603
197
1115
17643
12215
32393
26204
27706
13329
23534
799
6754
12934
770
28354
23575
27087
18738
13397
11831
18718
28533
9534
8099
23204
29383
14300
17742
14166
16601
14699
13459
26609
9479
22312
30668
22331
394
17077
12576
14732
10479
30142
24476
3470
27591
22749
31365
6721
11937
20923
22253
3650
7221
31865
2949
9292
18402
5198
18098
28927
21595
20337
19171
15840
29341
12857
1313
5538
19748
7554
29160
26020
13150
7252
17461
22714
6496
13503
736
20272
16344
16393
4140
6156
6210
3596
20381
20372
14687
22489
24073
1808
30691
17825
4082
6609
30574
3030
10771
21362
18366
25485
2105
19294
25123
25127
9812
6546
6963
29744
16334
18597
23742
32647
31003
10501
15365
28863
18322
27011
16422
14278
2939
6418
27867
30660
4201
30155
25956
28230
26570
11573
15298
21916
20924
29124
16422
18047
10274
2463
25769
23800
32759
15014
2365
9341
29923
14260
17380
3932
21260
29473
31008
32093
4911
31372
22698
5538
23791
16343
4710
30675
877
29554
22423
2168
12312
21469
31824
23718
12231
5736
19755
2270
5637
19774
27964
22322
10923
28321
20552
10409
21941
24951
9523
1509
32078
13062
17592
8963
2605
23036
30813
23235
1572
10930
11685
25833
2294
24753
27015
19427
26474
24950
4127
26027
22685
7282
21668
21487
1436
11349
26010
20336
14130
7564
10568
17064
5631
32264
7789
30639
12490
6722
13615
23903
15641
2940
13396
10167
17918
31561
32436
20349
15667
16463
19694
13607
8809
14412
12123
27388
13534
855
27712
27255
25390
1129
3656
14572
28011
19227
14129
16237
28015
19121
2757
23023
14705
600
17932
25001
21719
31404
22208
14013
25419
15485
1793
3354
21009
9427
4426
161
11160
14895
12452
13447
18767
26388
281
506
22457
15814
17516
31239
24772
10578
24327
16059
20567
12238
8501
30600
10026
10722
12433
25835
20442
5000
9663
22348
19005
23055
12889
3366
8435
19302
25388
15463
23869
2711
21157
19226
27922
11666
24454
31555
12144
26668
15325
3594
6897
26727
26679
8732
12958
18420
28433
20815
15623
14070
29839
20869
29076
17417
28273
7378
4118
25987
6210
25825
5793
10234
30674
21907
2462
9734
1511
27370
540
11591
20272
24102
30311
13482
8570
28205
28892
2025
6438
1840
10491
19537
8923
3468
12990
17096
17784
20462
14377
27406
18509
25787
28963
27715
2442
30383
19844
26282
6391
17604
1391
4780
27366
22869
994
20768
14183
15491
24459
4297
22970
9688
21982
11552
17418
28970
31844
10836
23384
23234
7254
29328
20405
18110
27754
30844
17588
6068
7405
25350
24095
22680
27154
9826
1257
15840
10378
11855
30820
16869
84
32157
32692
24717
18903
26348
20356
13863
16686
17078
30711
1430
963
18064
28385
27058
3103
25004
2616
13803
8192
17059
32453
18992
25772
27249
14111
24079
3462
28865
5850
1821
22751
23916
32252
32408
20238
15164
8368
27211
30659
18421
1855
11442
31128
26006
19003
95
22505
12508
24318
25244
17126
24840
2131
4434
11750
21730
16242
8233
8191
28926
10546
26865
29395
13118
27514
23361
29612
8088
30456
28509
6860
27161
6422
16477
19710
554
27178
4492
23409
25363
27629
17167
13766
19901
27695
31175
616
20412
32713
32376
4380
15244
10706
6186
23513
30235
790
26063
2521
15752
30147
31527
10480
19755
24934
17633
4381
725
15126
30723
9823
26969
32239
4235
27849
19531
32707
9046
8921
14599
32267
1858
22022
4341
30500
6544
9624
4364
9144
8588
10172
29333
9338
5999
9432
2354
14358
21124
7452
542
3431
25226
19546
10422
1515
6234
8215
21561
31861
457
21474
25292
25634
23760
10212
26049
21390
17898
26041
25368
20552
9662
10110
20550
28291
8702
5419
10806
6414
5519
3107
20110
5510
21482
25866
31283
6346
15298
19415
4367
32687
23783
24106
4882
32757
13674
991
25206
25978
18946
13795
16200
12206
7598
10054
7204
9031
19612
1170
12352
9270
20042
15708
27307
27609
8939
3096
10967
28530
28684
12338
25174
2776
20599
3674
993
17260
23383
11039
25502
14159
9886
13247
27811
3282
18596
2365
20406
30254
7440
437
3926
7542
20732
21485
3328
3273
31316
24876
31659
26316
15999
20815
23445
855
19522
13593
25409
17519
11489
8907
31168
14197
12423
244
9777
22172
31207
29579
6276
32417
27940
7995
12163
27830
1518
14078
8210
22719
22767
2029
8629
32704
17509
30551
17492
12950
5136
10000
21307
15590
7246
13323
26981
14420
4229
17195
6906
8181
6337
20567
22550
14342
27294
29645
27852
7646
26985
4536
17003
5153
4482
10244
17919
24375
13060
11889
6171
17916
16296
15590
27094
2745
12263
27657
11028
28756
17247
9228
28167
8131
8312
19913
9205
454
5959
6674
5947
24790
2995
21314
18066
26456
19158
27928
1425
19991
20390
18118
1651
20209
15060
21316
12571
12241
500
7146
27477
31197
6623
20798
13919
12528
8277
24075
17832
8010
18663
12467
29399
2438
4372
11973
13071
24269
32691
1746
29041
14666
29585
21629
29411
17117
17754
19154
10000
21012
16573
22745
2736
21335
14539
31850
32522
21090
15264
14146
15031
14329
10566
23127
14248
4054
12758
7017
17003
27367
32480
10458
3753
12726
3085
12223
29940
31529
29443
2103
15807
15211
11913
31740
7598
24362
6380
23351
18193
9987
10657
21401
13483
22330
13867
15783
4535
4015
14912
21589
25389
24589
27431
2775
22081
27717
6756
29876
22572
13627
11159
29724
23344
22974
8610
8827
27862
25534
1802
10062
379
30137
13728
28982
6410
27767
16736
1354
8459
18679
2713
22706
14301
30377
15182
26738
13631
16862
13276
899
7190
4732
10974
31528
22890
16118
1102
11647
29873
2939
9197
7766
5456
10606
16100
4673
351
19223
28843
24553
31148
8088
5930
27559
5891
19234
14878
338
3245
12136
447
85
29751
6228
160
3588
1653
8441
21718
16944
26053
25802
25692
504
23960
20745
14518
31971
15151
10882
15829
44
9123
7032
26683
5213
2856
24032
1631
6431
12690
21965
16723
21329
18457
12332
4260
8535
9305
22961
9602
18869
9373
25105
4384
6108
10588
8050
10846
15171
18436
9759
30374
7354
6903
26753
6675
7676
21203
4939
4825
30595
27895
31220
17377
10400
13123
10090
4787
11722
26910
26373
7321
28983
18878
22969
18177
10665
15268
27537
12068
7051
23909
15704
15589
28732
20400
22169
23804
6059
24717
13259
9811
26660
31715
1221
28336
28777
1341
12152
4757
12293
32461
27356
29797
10717
8626
1579
30407
1288
19318
12366
30287
12256
25819
21396
1628
14681
9687
22954
30012
21650
23261
27592
23447
15018
3934
808
15114
24277
16784
23996
28690
10415
878
11040
31532
10448
11520
1486
25914
31648
988
3217
17193
20076
31725
12348
7377
15034
30067
2459
15132
27610
7243
19370
8555
17086
19569
9733
13877
27660
8131
11168
24305
7280
2311
4536
4919
26423
8240
23305
11042
25370
989
17218
27896
4439
29731
32438
7693
15111
2700
8788
6884
14507
13151
18393
15000
22536
19490
16964
378
21557
2910
30346
26364
5106
5538
11404
13006
8763
25546
27718
13638
5405
24193
15177
24325
22217
21253
20075
31704
1255
9515
957
5340
23084
25250
14525
15846
22063
7035
20685
21025
6008
9193
32740
25593
7130
9030
11652
25656
23300
5207
1004
17519
28498
6865
32654
6296
16617
21020
4803
31737
26370
31062
12734
15692
13190
8347
23230
5660
7388
15236
28296
29042
31230
15597
27925
1457
17619
8188
27272
17855
22201
607
20579
28005
21344
13268
16121
11513
13791
24303
8999
14394
13313
12056
21567
15483
27616
6099
20037
516
4022
8516
23646
15541
1007
24050
18309
20460
9091
28107
23936
2473
7810
12904
25618
6384
9969
6291
19571
17263
24532
6918
15101
7777
17036
25206
14120
20146
28259
9936
6072
5220
5734
13763
32565
9521
371
17022
31900
6770
20626
25275
9300
30271
32648
23804
13667
984
21418
11284
7906
5955
11504
23530
31150
28727
27978
9082
19041
17465
27191
24604
8065
13317
7315
22025
24567
12335
688
23067
24002
4362
26793
18644
236
26057
2803
28322
7869
16100
18229
17761
20784
30654
20314
11042
25251
17284
4836
30251
8658
344
21123
2623
12806
7087
4582
21279
11146
30455
23505
18512
8287
13182
3184
24095
22832
18063
5611
2019
24200
11998
29498
12162
8771
18469
15675
17974
23875
528
5633
21137
30052
32343
24175
8127
32689
23081
27142
29196
13016
9937
9468
25765
24027
21908
24718
21667
14089
6872
14743
32069
5933
3212
19808
10621
29957
32707
12474
7855
13557
27042
23882
9397
8445
18301
2341
20262
7401
21053
7325
27608
27335
261
14938
15011
5022
7957
3500
21096
18525
30958
21279
22354
20242
25782
20304
26204
20572
10719
10240
23060
6435
3076
21351
19614
9350
32019
4554
31483
533
15025
9552
28044
27713
23258
15378
2513
8976
3016
16497
29047
24342
2839
940
21138
28832
6182
30386
3367
24370
26048
25908
20973
7476
20220
26367
7764
9192
21345
31625
14791
2975
7758
969
6190
29741
7577
3660
17848
20890
27511
10630
16343
28954
3996
12390
24460
19007
23459
17709
14564
28782
26287
28287
5059
14480
27731
2746
25056
26377
4783
3464
22033
31214
23516
15280
201
25458
18059
22834
5598
18594
25064
32146
16272
6227
22725
628
8904
3672
14324
16489
30877
30456
29684
3593
24860
18079
29137
13634
21321
22995
5957
21231
20065
29034
9763
21676
12386
16122
26357
2281
21965
5522
26340
30014
26283
4775
19673
26366
29902
21329
2530
29199
20313
2488
26839
20985
12163
1736
16701
24892
8855
3117
20842
6887
21823
31355
1002
23142
9219
12204
9250
19868
5389
10704
17971
19762
7983
16896
26146
3886
25127
5012
565
26567
13345
25494
13472
3191
10365
7286
4192
3411
29651
12798
17768
30872
20788
393
20475
23686
19635
624
14169
7025
5924
23238
8093
17941
18212
11333
13030
28714
11098
11655
9653
13112
4604
25466
23190
21421
10644
3854
26883
15405
24324
9008
2949
17193
23751
22268
14620
28339
3963
10286
28129
10896
21404
25050
26346
9359
12435
31582
21870
17178
17647
25492
19753
27147
18418
3148
29186
449
17487
18937
10476
29810
28722
23466
20490
5570
18049
12092
16918
10389
17761
13774
10499
30498
30205
23670
25569
12618
8579
32050
1026
1319
22382
23586
9563
9703
10507
1268
9772
13531
15926
7327
484
16587
10085
31572
21311
20365
4329
8881
16817
9685
15216
25657
24071
16719
24013
19457
12876
14571
21500
9131
2281
30585
16224
8600
12049
1141
31824
6234
13916
20260
4306
14952
31154
12256
30886
17942
26987
5039
29319
11716
25268
1563
12973
4181
5685
3390
7830
5603
16881
3101
30214
1200
17005
7991
3405
8800
16148
10077
31944
13670
30170
30403
27050
15037
27168
21592
19452
9176
31447
18771
21987
12507
9193
27918
24610
15115
28372
8984
32735
899
22168
32646
10666
23082
8916
17801
1467
12513
32300
13382
22907
28417
19437
5601
10823
6404
244
17627
32112
8322
972
7071
22918
28768
22550
599
27862
2372
6446
3844
32049
16971
2059
27598
1263
511
12391
30616
8500
899
26912
21720
13682
31761
13279
23206
26671
13479
16375
7187
23817
27644
5264
31163
20471
5305
9732
29086
30161
17382
23177
8491
17939
25506
16913
11678
4574
32280
1390
1676
3135
13486
20666
14012
10164
14207
15606
14137
27884
20748
31985
30885
11983
23086
20843
5840
16318
10832
2171
27274
3100
22490
3118
28085
15885
23792
17521
9630
20093
29789
20529
1933
10085
17098
22976
2970
15177
8244
2683
25027
13830
5533
25002
32060
10954
25345
29351
27142
25444
8587
20035
8387
13502
22025
7013
19657
31911
1950
8948
14453
11478
11958
21239
21441
1836
4159
31995
2329
28474
22807
21429
21611
29955
3520
27625
20606
32003
8795
17547
11908
10608
20180
6691
19442
26815
29530
2422
23183
19818
8466
17762
20171
4849
6924
25610
2131
29727
25462
1843
26850
13966
10511
25582
19802
3949
10463
28024
7443
17793
22566
10078
25459
13418
27282
25316
10175
5416
2228
27560
30512
12253
19125
26499
21834
23252
19269
28080
1641
27331
26325
6448
26781
30797
31494
6764
20151
7883
14945
3101
4516
6220
26696
3945
19450
23258
4396
29518
29649
6912
4865
27460
18132
22409
2543
6430
15512
21129
30027
28210
29484
7074
10437
10169
18929
3968
24035
27257
7851
28838
31150
16801
24793
32109
23211
1268
28482
10057
17164
27177
29649
20303
13096
17810
12706
11252
18473
15869
31069
15384
29444
30680
14275
27459
7087
31640
21126
19246
1166
23387
18270
1669
558
23499
16729
28907
23349
9286
6259
22591
25753
14909
28518
31517
11793
19418
25539
18600
21193
3558
1090
19847
16986
12521
342
29230
5625
12691
19461
28255
17902
2138
5879
5616
21321
31845
28109
25294
14800
7593
22196
24642
15931
10834
12857
23411
27812
25444
19807
32045
23353
5282
23022
12512
1332
21423
16655
31980
21005
14963
1046
12315
7405
8384
8095
2159
20583
6453
9436
14111
27235
13667
32045
26076
31834
21807
3057
8536
31689
1399
8861
19721
30431
12793
31499
1067
377
11888
11284
3076
28241
23295
19552
15211
10354
26579
14205
31627
16624
31749
10543
17893
1237
17341
8967
17300
12126
10653
20535
29141
3176
16221
23461
28614
7973
6578
27710
22894
8467
9077
15245
21502
27951
11265
31372
12118
11110
13533
30906
16587
20556
17051
16749
23336
17680
13567
9066
2034
19376
27236
22195
26097
29545
12892
13472
20715
12658
21399
13873
14003
29161
10502
11427
15715
13582
6719
26689
7909
3247
29476
16765
23992
3555
24255
14399
14064
2811
2417
7549
30079
10678
11852
31500
2740
10676
5053
11702
4097
28461
15214
25996
5633
9699
18794
125
25785
4181
26243
29480
4383
22326
8689
13295
3032
27933
5691
23629
3398
23166
21851
29801
706
1497
24605
7403
24870
19505
11464
2830
143
32192
256
2806
25953
4841
8939
31813
6795
11630
9619
31977
268
14819
21643
13879
14518
17763
726
62
1585
23425
16644
20309
23108
129
16030
8183
24144
7113
23236
21713
10781
26258
10261
15128
1753
13027
26575
10528
25438
7872
16439
27435
23988
1951
12860
29311
1495
21019
4695
31419
15802
23020
2229
6506
23179
7703
23704
27609
27449
32098
3835
22310
18484
5899
2165
3738
20596
9145
24159
21560
30652
23219
29497
10134
2592
14160
30282
22252
18629
12975
1671
9835
17384
17831
31926
464
5665
18177
8403
27704
25833
31205
20147
8758
19035
24723
19943
8739
3127
10068
24803
3765
17452
15279
20320
8147
23895
25567
28670
5544
2823
27269
29998
25079
7363
12955
335
31662
21390
18345
17943
4285
7273
15931
13109
2600
21530
30866
30772
5723
30764
9114
23971
11711
26935
28
14707
17802
8801
19509
672
9435
2597
24839
18452
4102
16467
22702
3784
15916
3416
20597
23340
19728
22208
6986
27081
10021
15609
30832
23332
4076
18010
8820
22246
19068
15203
19042
27195
3682
6215
21304
9592
16044
14247
24987
15616
5953
6817
5065
12648
17524
29193
30159
17113
6360
19702
1532
13238
21845
4225
23957
7807
14203
7369
20938
25334
16919
17211
8425
28288
29700
29200
32722
25549
24900
14614
7083
26043
25167
2996
25557
2424
19883
25640
12318
13287
28605
11284
5944
26182
13535
3641
2410
15885
14771
5506
901
11289
13750
15684
28186
9993
29720
22212
31978
23785
20171
26618
8862
10254
24538
26516
27832
19264
23804
31294
23498
14623
20841
5409
3045
27327
10732
10665
16725
2454
18233
16012
11659
28824
2690
6664
91
18592
4165
24940
6504
17426
3432
20953
28124
15806
647
30282
30300
16136
14733
32466
14651
12614
16769
7461
17645
15978
23715
2650
11967
9441
5304
6639
27078
699
27042
32270
2581
23563
20019
8462
18483
24721
26435
14397
22733
13462
16640
29661
27815
16664
28294
28780
27864
20263
18352
19753
18231
29327
14637
3027
24337
1975
23254
7604
30237
18633
16446
16862
8625
15891
14219
6325
8245
3502
27269
4269
8921
28253
5613
4181
24451
16823
19216
405
32523
6537
28572
8755
15275
11382
28593
15772
17329
32224
22075
13282
13431
15628
16256
29185
16789
8064
23029
16230
23637
15024
26966
1202
28520
8410
32757
28603
727
17711
25171
6355
23612
27443
18669
3406
28465
9574
29784
25406
12809
10020
18320
14977
10942
28106
23694
20222
18475
1306
18200
43
23419
27361
31197
29139
17890
21974
449
10774
11915
25542
2934
20657
21713
29422
26444
29567
21169
10921
32586
29760
25471
30539
29565
922
729
32076
20624
19805
30682
18345
5277
14859
8335
13703
30275
27032
4527
27417
8697
19310
24198
18885
24993
30644
7475
13186
25185
11728
31507
7557
3246
7210
30077
13852
8873
21811
2736
8666
6319
5543
30473
5108
23595
16399
21114
17899
31919
12681
8759
4715
27460
21451
12978
14196
17406
4198
19914
951
21971
2376
8511
29507
23724
14981
26986
32608
8637
26967
13355
9659
30226
1123
20514
27332
15211
22845
15394
23381
28490
17199
10978
20884
27722
14134
28406
282
21938
20814
25342
3669
24906
18159
8734
13610
29550
25304
9390
17119
16736
28171
5426
26425
28131
10777
29068
8417
21509
16543
19568
18700
29756
19473
17177
603
14260
23990
31546
3840
32232
9460
15672
21027
10352
7118
32406
132
6425
23723
28849
17505
22075
1369
26541
22682
18759
19281
11695
24339
19360
9533
5708
30298
30124
11703
26178
21130
25642
9044
25446
23919
26566
10721
8414
8682
21226
12524
23440
1687
23000
9095
31450
7086
14582
17736
2436
39
5480
24724
15091
8738
19428
10781
20639
24197
8642
32170
29639
17383
3155
22551
22371
31917
628
12956
13914
9330
3171
9042
501
3245
1489
26354
21651
13453
17976
14304
31903
30760
9070
5737
13248
15061
635
26185
22095
4310
27304
1393
12046
11323
20184
16391
11031
4354
283
17837
2578
21635
1153
1030
24235
27660
12588
2678
29508
20168
24233
23338
26342
28389
2177
19801
5758
19957
8458
25801
9798
12437
1667
17044
16257
13645
20064
4908
22123
21176
23267
7581
3184
229
28396
22546
668
4604
13330
9627
12371
32293
26354
8493
4674
9893
7623
6635
17813
21578
23868
9379
25450
29962
28542
26268
12422
23783
12692
32143
30023
3606
19187
10483
4570
19551
845
6269
8878
32711
10923
1000
18729
10861
18363
28658
27801
30130
107
17575
1901
6812
28854
6369
21669
10621
25534
22288
29063
29903
8988
7991
18324
9059
20596
2615
21178
11707
32076
12880
6091
19124
29982
9445
24366
3943
28075
8575
2005
18002
4499
18965
1646
16819
6435
10379
25822
11573
25966
11640
21995
8910
20895
3116
12600
1768
11917
6130
27511
28607
7312
1682
24282
7178
14228
15386
30666
15581
18795
990
6620
5838
30312
23230
20737
15959
6185
11943
8957
29563
15028
14173
5402
24748
28614
19575
14877
16621
27751
23723
23673
12596
9410
27211
6339
12562
23092
12560
31846
5781
20387
22807
31896
31086
6161
23337
22924
22863
13168
31295
16873
919
28088
30277
19068
31793
13368
23583
3625
28089
21801
5866
2600
25825
23945
9860
2670
23316
2343
8014
14952
21593
30970
22320
11759
5241
9142
25566
30329
12132
13473
20058
6284
30929
19619
8123
30073
5925
22941
11052
32070
15766
30716
14647
15596
20880
4750
30788
7363
32599
13460
22108
25402
495
16920
10291
20427
8761
2689
16742
25134
12638
26980
25089
8653
624
27037
7492
31097
10063
7839
7591
31579
29898
10248
27163
8493
4615
4985
4243
23722
5925
4260
22979
3138
32543
11174
27175
10259
28916
408
29768
15125
9221
9056
24635
31892
25534
6861
3178
7652
30328
17892
2967
8272
27550
31860
1053
18259
5391
13297
5241
31499
12228
5502
24842
12010
32691
14924
12053
8367
25331
547
12556
916
8224
14398
26640
27593
29697
31324
16052
3618
8808
5652
16644
10253
3674
20585
5574
9158
7536
19358
7423
19662
27261
32588
22457
10393
2929
30385
32004
18310
28286
18763
24635
8725
4729
421
3208
22101
7810
26226
14762
22939
7399
23000
32246
29305
23878
17166
24988
3822
16882
13865
14124
19163
31896
20019
23897
15030
32291
28030
19964
20098
7644
22583
7772
24831
15318
23870
21676
18206
25225
309
14037
29623
11197
24536
30326
894
27818
14220
24105
17716
27997
21306
25609
4634
12125
18013
17777
2731
1935
12122
4102
2954
3927
29713
15351
28346
12544
11441
15235
27917
21342
12496
9148
13279
26801
31419
21131
771
25805
21770
13813
26366
24184
1656
6300
25459
24596
28658
6025
8671
11134
20718
9512
30855
30005
9726
15764
23982
23231
21925
12309
6922
6216
8041
8680
21881
16781
297
11838
15601
504
1713
18310
30901
10252
14220
15855
9167
4
5913
3881
28090
16823
27362
25452
13151
5567
15144
23484
9283
30170
16835
5483
18430
27792
15145
1759
30703
30743
19916
6550
8494
5235
31657
9574
25282
12513
21021
12554
23572
5238
19451
7130
16292
30212
6621
5338
32251
19261
17591
758
7393
4891
24242
17036
3791
8063
13879
23595
7847
8728
16201
6299
17315
134
10009
5661
29067
13247
17876
17139
14636
14002
25280
24867
19717
18475
32391
30585
15939
1015
6099
21451
1520
5960
7706
640
11879
5211
1724
24403
12555
10583
14411
9045
23608
15993
16425
5169
21882
16238
1625
14516
3069
5120
29583
13965
12101
3061
15753
15697
32287
16948
19874
8898
472
15146
30117
5200
2476
17004
26335
480
31361
19358
8056
9677
18134
23187
16899
20012
8950
14005
2899
19285
18801
28072
23184
10143
25548
26922
32651
3178
27512
7230
17231
30819
5889
2953
24313
11011
10120
13564
21705
26969
10867
6835
24440
10
867
29981
27596
9878
21094
20574
20587
10204
2671
6385
14317
29665
19459
23442
28980
32461
22580
15451
6656
4406
12243
26925
22462
28065
13026
2897
4769
28486
21576
31839
26356
1556
13768
16991
16559
13301
16436
5935
21832
28499
3038
32549
28619
3803
11600
13044
17197
8833
14909
24788
14046
24004
6839
2269
24989
30515
31393
30900
9872
8496
28520
10858
10388
32756
9710
2721
2002
16595
11463
27121
7571
14017
11944
7562
10837
8214
12572
4890
10781
31118
11129
23537
17168
660
2579
29539
573
22208
29103
17517
23230
16542
22331
12956
6911
10673
16316
10795
19549
19383
15495
31595
12531
1839
30644
1384
21424
793
25808
29642
24237
31229
27090
5113
11198
22574
5200
1413
17224
3920
12019
18884
15698
17176
19241
30397
14558
13139
4889
4420
23929
1834
30684
21095
6929
23972
4074
23561
7175
18284
14802
8397
7557
3541
22319
822
8722
27419
13271
28684
12899
6124
27989
30721
8308
21030
28314
11412
216
16611
21487
17462
20046
22963
19246
18859
27540
11048
17458
23220
30592
12440
1420
14827
10060
4894
31095
14318
6962
31714
18191
14271
24888
23450
3005
21099
6734
19281
18678
24042
30102
27239
23077
23367
30211
24026
1765
4097
13861
21699
1396
20144
7747
13860
356
13035
16555
23520
31380
21610
20550
32523
4191
13672
25967
14692
3347
28747
1285
16416
17829
26759
7615
15338
8611
704
28608
25127
24425
10287
4716
13182
26776
6470
3193
920
19140
21399
12873
11812
10349
3826
15991
7455
13873
5581
22704
1106
6207
31977
32452
30236
13327
32307
1020
13681
19025
31465
6831
26915
27939
26877
7184
5216
9862
12222
586
30845
25363
14261
18639
17393
29930
12749
9964
12965
17132
22968
22690
875
30762
14221
27057
26315
18332
9398
14069
19206
6167
6153
6645
10581
11385
32053
29370
14450
7207
7008
989
10329
12217
20238
21732
19280
30195
6981
3791
20517
9463
21999
1773
29111
7098
29567
27636
16311
6069
13783
18769
25776
29405
17001
21693
3397
32212
25501
14865
21691
19041
31091
22875
23223
31262
23914
11057
26184
25968
15776
16197
14887
11964
13114
2362
32318
5592
6150
28598
25192
8128
24415
20921
24184
26251
30290
30253
13180
9629
28415
6590
4675
22045
31553
3819
2844
28586
31377
9309
10977
8521
7975
17784
26932
5794
28259
2353
19465
7533
8300
8991
25701
16167
8983
27348
2148
8969
17418
28013
28289
19514
17953
15720
3602
2116
26128
29878
26898
8645
4682
7441
8995
11111
23074
29328
2515
30481
22576
13433
29215
3423
7159
30806
3894
14672
22212
13131
9855
31807
20441
28070
17628
32277
25547
21688
22833
19900
4905
7908
22560
1495
25694
30197
19735
10672
7385
23476
31885
20081
5483
15547
31624
25752
11760
9604
24675
13733
9265
19909
28878
27157
21001
28160
28950
11156
5831
4949
30887
14191
28628
26012
28623
30024
1174
5040
6852
26125
10643
23053
21993
32555
7898
22430
26445
17918
3487
9424
2420
16268
2341
24811
4955
2164
5857
10658
25014
10529
476
12521
25980
31299
32089
25862
31653
11648
23224
24299
29235
20070
22170
2755
24175
20389
16710
16075
10357
30843
1611
13411
28658
18031
22375
5989
11821
5954
32424
8117
14660
12067
7121
26905
3256
28450
20735
32075
31532
20455
8844
17485
11626
29860
3636
20221
4775
27208
7542
12265
9736
26358
30525
22116
11621
7605
13504
8154
21836
31337
32167
4960
20041
23042
12143
31631
20324
4851
5135
21139
8684
25061
27612
13439
6771
3757
20138
19427
8986
23932
10292
27809
15119
8278
21438
20732
3923
31942
6904
11506
4289
14799
7206
3020
11084
10789
23422
11251
648
1694
977
19717
22380
19683
6766
9256
31574
30315
10820
27295
29775
7082
10822
15003
13968
22405
8980
11859
5958
32522
22487
30038
23699
350
30316
21536
3797
1014
4806
16876
28458
3850
29069
6346
14132
24135
26123
3057
1561
10693
18249
22614
7886
31544
16501
25470
23446
25450
135
15504
31429
9193
3365
13230
10442
8444
15555
31621
27500
12252
7182
2339
21076
5409
17035
9737
4300
18299
23163
26754
25798
19106
24579
1587
28448
13968
23433
13554
24870
16109
7009
3548
9049
20171
12457
9889
22895
3219
13169
21795
26522
23103
4640
20800
23821
9674
28690
10475
26557
7653
22406
14978
13668
7916
17080
10587
26060
27672
16458
161
29258
2294
14056
30814
11912
18200
3116
4312
18056
23562
12991
30753
24038
4999
25538
28138
13406
29165
1900
6552
29581
23279
4340
1690
2556
4234
20913
15097
14170
7738
1920
7216
11785
1133
10854
5695
28125
14392
15734
14587
15392
19273
9973
16296
23769
20509
21437
14025
29005
20083
10719
13367
8135
23552
3724
21873
26773
11620
822
30771
19539
13149
7666
24906
10092
6202
24865
17830
26333
12691
13903
27057
31292
14904
4187
19167
9977
26727
30936
1926
8421
13378
3252
30961
3056
25215
11287
13232
19255
10082
24974
25137
16702
30184
17513
11669
25977
20294
23138
10428
21266
9873
15487
29090
13542
11455
825
31983
13009
6350
15837
16329
17451
16451
31027
11245
2962
5078
6494
12798
8170
21612
2819
15900
26275
5189
4013
25273
25402
22647
10608
9640
8195
28315
27085
9079
5157
19142
10198
31999
10982
443
24978
17209
20521
13150
19619
21844
9780
31084
23078
25860
18615
11882
12763
5404
16650
8411
26758
26207
4023
1718
30101
26259
28472
17687
11266
21976
13314
24629
14971
13880
28098
10132
30401
31103
11750
29308
30798
16717
5983
169
17978
25961
7077
21316
7263
13400
2300
4626
3004
8751
19959
20716
31255
22949
5690
18799
17638
25452
9347
23796
2928
22466
3564
29378
25648
20035
14954
1667
378
1
20122
31477
2401
20438
25277
1250
9431
11513
11008
16978
2582
976
29954
20991
1599
12549
7824
32521
19009
10972
27059
21739
32509
21700
20972
12206
25768
12588
18110
7261
368
26007
28525
7608
9058
17651
23558
10540
14731
21542
18335
28675
18525
31979
20448
18649
32085
25308
17858
19791
9691
3791
31639
3
3434
25702
13387
3775
1776
5602
6121
1264
9592
2616
20832
602
26630
26983
14728
18955
23746
17160
13152
15757
32601
807
7578
6240
22177
10577
32089
32679
5500
30190
17977
14882
17150
466
25488
9308
11730
29710
26355
13606
11993
18956
32764
9795
32533
26075
8523
5477
9414
22215
30411
12633
15314
4141
4406
18302
7530
653
27356
17787
10987
19169
10656
817
16386
27693
16963
26863
4116
18264
24805
17893
29405
17722
15048
27356
25687
26358
11608
23844
15325
12426
20072
13773
24208
8612
20927
282
28922
12472
26579
12850
19441
31823
31188
32537
14526
9890
26348
14559
14463
3943
9926
29719
23242
24555
30029
5515
26515
7521
27574
5934
24656
13689
10944
6482
7258
14645
31290
5147
1175
14841
454
15668
12886
31969
32478
30144
30074
30806
7188
21652
1499
20452
19870
8355
25577
16966
22289
20409
11411
15811
24173
23917
25703
3774
12378
3665
32250
23688
6577
29547
8074
26744
31294
16873
27618
17214
29893
21264
21118
27764
24642
24694
10992
4214
24181
20593
8066
22644
15262
9935
11037
197
31622
28103
11881
10622
14270
11056
24630
5444
13099
13809
7451
19038
18115
32697
23132
18958
2961
9968
16401
21026
26111
25837
11909
23750
22100
11369
13021
21148
12924
3123
12026
8975
11528
10790
14496
14052
19829
27225
29655
28945
15793
5781
27793
12755
4315
6668
13198
4091
26442
9543
17021
15496
5074
20065
27492
17531
9794
371
22337
9447
32561
21839
22514
25928
20731
6257
4434
11285
12806
10802
15781
409
9290
29759
4406
13566
13840
6218
318
6059
8185
9727
29192
720
1091
27962
4179
23358
13128
16503
23032
1917
6471
15242
6604
3096
14695
25232
23240
16956
23033
11557
5735
23681
17918
20951
8784
11784
18409
26075
8501
26566
16806
9471
31483
16415
1498
30176
8219
14519
22125
32349
7240
30341
11334
23627
15442
24617
11349
22122
19274
30335
28119
6552
10983
7028
30165
22085
19240
15128
3054
21031
17723
2805
19543
16943
7582
21408
6944
187
29060
30861
23737
29709
4986
12839
6068
14588
23370
11808
25548
26089
11551
2566
18983
31221
31723
23576
31448
19569
19206
15959
31656
4247
29464
4064
13334
16759
11832
24696
31388
2611
12117
14953
1844
32367
18645
16013
28443
14084
26237
18088
3541
9972
24209
506
32625
15523
24124
16405
4110
9028
30001
24045
17566
14481
1171
2350
24810
2751
5395
19922
3799
29361
22616
8690
2791
7788
22947
25564
31234
8139
8627
32359
19575
21363
20966
10115
21054
13322
31394
27924
25728
28068
12531
1025
18520
17790
10101
3463
11996
10735
20085
18132
30295
32411
16211
22225
4313
30954
30506
11839
13298
8377
9395
11781
13754
18767
3431
1992
15124
5778
19940
3261
6964
25210
31122
24251
7263
5831
23942
14229
28146
20207
27303
15014
934
22107
2831
1197
13842
22226
26292
28124
19570
19254
23367
12843
21414
2670
11100
29682
26238
32419
10444
19639
19252
23727
24151
24644
2618
28626
31886
9725
25142
19879
3569
23665
15692
1623
13908
23343
2971
9485
391
14043
9994
5290
1333
27521
9284
15545
23053
296
13569
27301
12320
24235
32648
23337
650
16068
3953
30729
11861
31594
17328
7680
28826
9053
24015
32505
4073
3583
5755
29826
13547
24933
23362
22141
13894
16046
6555
10776
23489
2195
15143
15616
23721
30784
14134
210
7539
29794
23949
15059
28834
24194
15975
23520
24300
19089
21433
5288
15000
21700
20410
31256
554
2466
13475
19991
22082
5211
6579
16500
1730
10075
16759
15388
31535
21279
25928
5265
31322
16199
23061
10135
5439
31213
29283
18225
14637
20790
16785
32715
11559
27430
9313
3769
32395
4025
12980
7392
8433
22831
32405
4531
17750
16039
17529
4706
11386
11503
28869
333
30854
8603
7825
4543
16882
31828
29612
17369
29606
31347
32224
23756
12895
4303
30071
12108
21333
6098
2301
18497
9755
32211
5704
21439
5574
29599
29878
20024
25937
18265
13494
22000
2880
24965
30858
12466
28804
6239
19019
22978
5791
19825
4909
11282
26888
2404
6148
31928
15825
2583
7943
14752
18823
30446
8916
24702
2650
12141
14005
25095
28285
26629
34
17761
14800
2349
27015
8152
28349
1205
29255
13522
15967
5463
16384
20997
17386
7312
21777
15335
3911
4782
4185
15974
17150
15657
23106
13786
18777
7990
8958
9272
25799
22682
5649
9864
8062
26300
10000
24217
24164
31743
23464
9459
6960
24910
30433
5901
2508
5625
27044
21952
11518
8639
11388
2044
7752
19756
26265
30138
3341
13349
1562
20273
14580
26305
11660
29773
27538
3162
6829
20573
13635
15588
27254
7692
29016
1150
24153
10130
21880
17735
1736
22315
4160
27507
30454
11208
15149
10142
26081
26117
9148
9055
24720
348
12239
25633
29081
19864
24915
20526
25063
15500
15648
2573
30394
14340
6432
5646
20719
5116
5556
32291
20866
28944
18003
26609
10065
9012
19829
20775
27171
28837
28591
26127
26344
15648
25119
9827
323
30033
22538
19553
20037
20110
5060
10785
19580
11973
32464
28967
23852
20659
3401
6197
25308
30807
28800
21346
10516
19367
23783
21104
31078
9089
26414
14683
427
26852
15531
1838
28559
21088
15103
24346
25936
5579
10999
26569
11202
25142
8880
13552
17815
13855
21247
28452
18397
26089
17423
11758
7112
26249
17740
14369
3506
12417
5248
7787
19808
20242
60
25643
17287
28589
2426
10882
24718
1452
18560
4525
18582
22079
6408
17554
184
169
20893
25240
397
22188
2632
15292
21236
6465
13932
4834
5391
28045
5615
23144
6799
7697
16794
7937
30770
31777
22211
5313
11657
30103
1577
31348
19199
13000
2591
18228
14615
20663
18413
22075
1269
2953
8307
1269
22048
27961
13327
30553
29062
21645
7617
30330
28097
26697
27021
7513
31896
19106
18977
18430
28105
8437
20920
30919
20230
17337
12862
10239
19773
10931
18613
12722
15132
26984
30679
21952
24789
20440
5629
32305
31006
873
29247
16328
32636
9250
13533
18651
13250
21017
7902
12898
30420
10031
27894
26445
25777
30970
25005
5659
20401
30467
15038
24744
267
31026
5565
15942
25241
4742
2045
17424
30176
15369
28081
18299
15435
11268
13393
3886
29879
11631
9280
1556
21044
2987
28075
9391
4106
26228
31924
1199
1787
529
22736
21187
10184
26573
4973
4783
32503
27307
2521
27039
9682
25686
32351
25274
17587
15959
19635
25083
2687
7050
15760
14652
15729
13779
15775
5012
18713
17421
31643
10979
28068
31811
12723
31659
29789
1571
7727
27426
3444
29103
28503
4997
15102
1590
9872
10926
27966
32131
14025
14057
13347
32596
25109
1540
10769
28942
6809
6821
31717
28078
27305
992
12851
31235
10286
21257
8145
18715
30539
9159
6554
9467
24640
27242
23404
20370
31886
31871
15987
28656
32604
1953
9386
24500
7449
27282
15774
27843
5731
9354
2166
25408
27175
20174
14128
29624
29450
21637
22317
18844
29704
23751
25328
26101
22619
6904
8483
4691
10911
31060
29914
6
1843
20938
796
26513
3554
10510
20896
15452
5827
8170
17108
18601
11869
3797
4899
17865
7439
32710
15224
17552
32176
31306
23806
31238
10098
21973
6699
17503
28428
1621
252
31790
792
5901
27266
26069
26553
18337
29597
22336
21890
32621
29448
26067
32659
2843
4245
12448
1285
22645
25018
6878
4489
9335
12109
2710
29003
20393
18572
32672
7197
19628
1888
5838
31697
23826
27107
19815
29158
4211
25887
6359
24680
14780
21785
9892
14865
20171
11790
22692
23988
26169
21244
20846
16604
18295
13668
9486
11696
16669
8782
509
6169
14718
24719
26192
20007
11648
1095
13615
1969
4523
7085
16521
6460
18815
6415
6918
19998
10507
7700
17981
11748
13499
3141
4392
12528
4978
32459
15060
10343
26328
4474
11613
23882
32246
6415
25882
10978
5632
12470
22549
6242
7537
16592
29118
13768
11613
25330
30432
16388
11523
18225
26067
20572
21411
32413
9972
6927
31887
20235
8530
312
387
29720
1962
31222
3897
29034
29078
5834
10297
23097
5377
10048
18927
12814
13278
16338
26623
19147
4633
10249
12765
17388
1998
29669
22168
3852
954
19583
15094
7595
4591
11245
21958
7214
15051
4198
9842
24103
20010
27302
31188
24535
28379
19348
29002
242
29265
5411
13
23713
26779
12918
21182
25293
24727
6983
21826
5787
15458
9865
19152
5683
10770
28748
11336
20422
5288
22242
16583
1999
8512
21312
9336
5273
3211
12454
12717
29441
31871
26499
46
6269
6733
8083
28368
9821
2196
7498
27466
25169
2516
7797
27717
6188
27429
27167
20914
18663
1833
6065
8032
19177
30015
20830
17870
16261
14585
5566
27966
453
1489
15545
30474
29286
27415
17319
10555
17699
31790
9397
14424
13111
18680
15755
9084
14109
14991
2348
5803
13722
10294
12573
18278
14333
14479
14793
32637
7078
25358
20004
18981
23237
9645
28303
30538
21092
17121
1788
26919
10664
7117
12370
24595
15955
31414
8467
14494
14990
25016
4412
20444
14310
12727
5484
513
5012
15768
13641
30510
22529
7600
16671
12939
24457
22396
10955
6038
5247
11667
26072
22971
29298
11226
4839
2596
11439
17399
31316
14290
7687
3592
6678
21997
26067
404
19175
23640
22069
15041
16550
22153
6048
8136
27129
21656
9626
31399
29494
29333
2240
23318
28804
27167
29195
21691
29501
25138
6995
28065
3735
28993
4369
20711
3972
1413
18793
6581
27606
10132
11368
19060
11431
19253
29066
17471
22520
8819
30335
21140
7576
9968
29486
8016
19272
19836
12027
8922
19484
6118
6981
25758
14116
30994
30515
8125
12620
16204
24753
8194
9857
30940
30389
27417
7701
1755
28871
2555
11877
21061
20416
1709
21433
22351
3026
29226
11883
31482
25544
1694
27724
24296
12687
14804
24899
10094
26614
21490
4919
26604
7602
24164
15663
10585
18853
32534
3512
16162
5216
5094
9352
24117
25318
8793
4960
10840
32434
28556
26167
11712
32508
21614
30356
28383
22329
8749
3644
6269
12001
10990
7437
26634
26228
17089
1578
22067
28095
19668
18520
11699
20316
10471
1448
1132
5496
5375
11863
19126
27608
22367
21234
25847
8990
17588
25021
884
31049
30352
21334
11366
19324
17945
2710
11345
5376
24323
27576
24721
24459
32443
28349
4149
2243
13285
12558
18193
254
12809
19044
26383
26444
3465
26853
25542
9911
29655
30864
23630
30921
13284
23002
1874
29007
10972
27545
9574
30557
26896
27682
28059
20370
9012
30126
10321
7069
17354
6659
27725
29440
12510
24912
12812
30996
6644
12376
12630
5198
25151
22994
15638
10944
31507
24336
4456
2019
17053
9184
18420
20371
15058
6576
26235
8795
11429
9717
15279
22259
2941
18381
32328
27911
11494
16610
25172
7482
10374
17810
6350
10859
29780
30798
28019
22583
4356
13376
30417
10943
23237
27441
3233
21419
21039
6825
30806
28783
29047
7256
5110
32204
25062
21940
19241
9370
9609
2788
12944
17350
2345
22749
10583
23447
29309
6859
14606
15925
24223
16050
10164
10603
9405
19797
28693
11692
20753
10583
5207
1620
11283
18848
32463
18225
16877
29442
25881
834
32303
13596
24935
20670
12228
11903
13849
20056
2341
23568
28558
3522
28876
30638
22586
1904
13804
10772
29433
31646
32095
5120
28579
25748
31455
29333
19937
24105
19066
25341
8767
9862
32320
2388
12674
7212
13375
7873
22075
23865
18609
10982
25756
27622
30835
27771
139
31829
1977
13621
6645
20362
16641
15597
869
16311
24645
12286
22229
25020
15989
31983
7364
24558
20772
9554
27016
29207
21122
5611
25830
5823
9610
18965
28640
29098
19068
15970
23758
29602
30606
30338
28080
12151
10718
6758
3267
67
17068
28324
29522
25842
1222
11294
13007
13570
1603
31455
21538
4744
27252
5189
321
15732
30744
20581
27905
11285
24527
8875
27948
3296
18130
18881
31443
5485
27104
14002
3301
17090
27772
28496
257
28372
10325
28627
1673
24395
4358
20418
16376
12678
32767
11799
3701
18399
31939
10398
15272
7216
21845
25246
30156
7062
6892
24251
20997
28532
22254
12315
18676
22459
3100
18120
24969
31337
22538
23381
32281
19536
18643
15813
32689
30489
15114
2984
13225
24712
21492
4487
16252
14082
27636
23426
32471
10060
32070
14648
2031
8085
27376
14567
18968
17335
13302
24020
31380
30394
26318
5614
17320
7577
26899
12974
27125
32585
26494
26945
23558
26104
529
7657
24614
26003
2197
32417
21620
27530
23367
12544
13625
31703
17359
5983
23928
16189
23153
28990
13767
18125
19335
23268
17758
10415
4399
28742
22894
23071
30017
5930
14004
27318
28548
13452
2381
1259
13345
20801
1740
22489
1623
29146
30346
20035
9073
9675
5181
14037
23029
4557
204
16812
8479
31104
13666
30489
17549
3157
11458
2978
30780
31147
14042
13642
26803
4152
10906
26131
7038
27819
27142
4032
13278
31631
27786
21727
28607
21107
17294
19207
28906
9288
19787
12895
9852
21770
2525
18015
27287
28835
18073
3035
10327
2316
5024
16445
7688
16309
14260
19986
3990
32295
5707
27336
32068
8680
15330
16821
12961
8094
1172
20572
16825
24952
4331
22508
16008
25802
31990
2058
20148
23287
3484
18128
24955
20884
18479
14870
9193
9674
10309
30192
1359
18172
26563
29815
24562
3242
3386
15053
6656
9110
13431
20315
21192
22053
17749
25949
28713
13319
3286
24993
8267
23834
27762
7307
9102
29580
5039
1373
29376
31041
30706
2741
5523
7284
32405
27736
15694
14240
3385
23085
30658
2209
29790
1165
3712
25366
26673
442
26185
25099
31652
11436
29382
23765
20932
24852
4729
9020
31048
14491
26356
17632
9829
11626
32073
26581
16106
17904
23233
29329
27784
11743
16849
3336
10609
24696
17225
15637
31526
18441
28623
8732
20361
30388
15756
5102
12346
23665
30245
10476
16416
7766
16621
26480
14150
29463
7513
9832
20713
10441
25012
24900
24527
14315
4627
787
31962
1958
9100
27880
988
18260
32675
15235
21165
320
23557
4141
32379
19116
14969
24804
29538
13593
9491
5048
12860
25794
31402
26997
8379
28778
24461
31618
8117
28247
9842
20745
23486
21151
17839
20312
3068
674
11437
2440
4919
16856
3481
13148
14128
23501
28508
15211
25140
12137
7118
20610
8944
32629
15910
22084
24199
11355
17846
3347
26850
15149
24789
28980
30536
19945
9244
5421
8494
28924
12757
31602
25424
25092
30128
13121
22784
13274
18616
15563
8126
29648
4486
30868
6410
13367
13492
9756
32374
8229
27029
13759
31743
31861
18211
29146
17565
14862
7481
17199
21785
32105
28163
5259
22815
16205
7090
6566
26260
27357
7796
32074
809
7381
22179
15031
10289
26641
20284
9799
14512
17231
1172
26958
7604
1077
838
30020
31976
2966
29552
12838
15718
1777
25631
27673
20173
27450
27399
17489
26259
3293
27768
10545
10141
30977
8077
6579
26637
29705
8871
14347
2396
16737
13337
28551
5800
6263
25381
12730
7503
27399
19752
3801
29628
24732
15121
11621
25217
11092
13079
25866
25510
6627
21164
200
27713
2778
1196
27728
29767
9514
26587
20657
12450
31203
31118
25651
13188
29506
22696
29059
26362
13547
13512
23057
5572
20851
15809
6071
30308
31009
10059
411
27765
1526
5368
22614
29758
2282
617
23894
27783
15481
31681
31104
12971
94
14938
14106
17647
17055
31159
4841
24338
31177
6330
26774
17702
5245
23319
32343
12446
555
24329
29643
5031
14622
6980
6181
9916
23993
31018
27532
29812
28416
24385
20418
22431
7258
16357
11268
8082
10388
58
2098
20159
32298
19301
25392
10121
22722
9724
18572
31574
10234
21946
26977
28645
3939
29048
15483
12002
10189
11608
27067
13239
26054
14148
1213
11174
18781
14231
23225
7188
15148
18969
22439
17192
14997
817
18087
26261
16715
21846
29087
1204
20
27335
25638
7126
22734
18300
21921
31704
14768
18268
32427
22008
15827
19632
23995
32486
14065
13016
12032
5919
1132
22844
7056
3446
23442
23174
25538
12275
25887
17423
2264
16097
21507
24982
14818
13859
22886
28984
2015
16583
6634
21404
9508
2782
2096
3183
13314
25994
18589
10000
26787
29016
606
21388
565
17104
16809
20428
24394
13643
20294
28941
12671
24581
8527
24977
5212
24947
18740
26260
2940
29911
769
17026
11246
1553
18916
1895
29914
14264
5610
28071
7016
3945
9993
751
19933
15455
355
17771
12808
11332
32457
32570
8924
25159
6526
30239
29022
17519
21566
17273
11458
21295
25471
26741
13776
32570
31735
29314
8589
4504
27230
17413
12056
23034
22645
21838
21714
5963
25415
459
10433
20103
26287
13692
10295
976
8730
3751
8878
2495
6798
18381
19447
23288
24044
32220
14740
12801
2930
9894
20322
21332
17795
19346
24443
15794
28843
23698
346
13499
25566
12117
25664
22972
28160
32445
8407
18120
21675
32403
19989
24586
12332
22394
23908
20313
18638
7969
512
24077
22876
8381
10144
8465
23265
2487
15448
11066
15794
20129
20926
14807
13230
23663
22860
3978
28613
27108
5
29014
32439
32074
27995
31224
7454
31334
26961
14203
11951
19627
11741
18183
15037
430
26512
25338
4606
26586
10616
5945
402
1381
22598
4041
14145
31618
20652
13721
15109
10713
19721
3490
8648
9780
20040
3634
23918
23675
3077
24197
19990
27362
12274
13462
30877
3681
24698
17716
1636
13157
24228
31320
29268
32453
15161
25526
1823
25335
26409
5522
4808
5508
9003
27093
29541
30905
4772
22368
24868
19871
30154
21408
6540
16942
20233
29283
20485
12222
30630
14314
1947
7614
26530
20799
14847
23720
13537
9929
28622
19764
3467
32029
11798
10189
12723
6167
23831
22593
12342
5162
3142
16828
27366
27124
14232
32503
9704
20501
29180
29357
9819
28482
6441
15439
9274
7317
30363
25848
4996
3623
29144
22691
2202
15841
14328
32668
15336
28303
31844
3124
28871
1846
14046
20665
17314
14504
706
12709
9048
8533
907
2070
31202
25444
29336
2174
18486
24835
14897
412
14699
4859
16837
1963
28957
11655
20341
24537
6419
1894
8919
16378
29215
30511
11507
13950
27718
6885
2450
20128
2593
15819
7609
17633
4995
20601
32624
24501
23389
10032
2759
16508
7390
29291
18459
16563
13278
9654
1942
12140
13436
16579
22005
763
9734
11963
11918
21235
25882
12242
3729
11857
28939
286
19854
8694
10374
13993
24375
859
14710
31685
25192
21376
18468
11679
8548
20005
4515
1047
26466
31037
3435
15567
20296
18592
21060
31874
28598
10752
16998
23192
2118
3358
17118
19191
5138
15421
563
23067
25975
6359
4682
28521
12057
4240
22919
2496
7719
24168
7989
10834
27105
27700
14120
25010
31831
26703
4256
13101
6259
25485
11377
16990
8505
2928
15969
32509
26190
21663
32210
17144
6583
10643
27041
5829
21220
29076
845
4086
17133
996
17756
32270
32283
23354
22778
22931
32426
7537
20196
10596
17613
19330
24452
21069
14323
11696
30301
1241
11593
20482
3242
15719
14208
8950
5954
2688
9168
5236
3007
3432
18493
13569
16607
26867
1817
15669
11819
4762
11210
1903
20182
14798
1229
20935
11239
14733
24315
23620
20891
18482
17931
14160
13316
22929
11865
22120
18167
26435
27621
15128
19749
4927
6815
19495
8840
22698
23522
11535
1537
16113
3390
10671
9791
17172
23674
2628
30178
27461
23769
25494
2784
14513
413
14191
3368
27550
8650
31057
30854
19894
26924
19304
13767
30370
23195
1982
20253
16091
18302
27054
17349
21693
24718
27547
16102
10206
17373
11490
13757
7837
11286
29708
12535
18942
9478
8521
17758
2997
26971
9498
32696
25216
19884
20301
18412
20666
23738
2606
32615
4398
2294
22012
24254
3625
5955
6298
22165
20179
9980
5511
30655
20158
31545
8720
9895
29632
26958
27076
7662
5630
4245
22313
1109
20042
16238
29869
6622
32431
10627
23007
16430
18761
21329
30943
25142
26970
22244
24595
32530
8859
26081
17436
23601
15056
11466
26121
8887
12703
31614
10698
27679
10914
22271
28903
549
15803
22648
3442
21987
8616
32127
24890
29242
25815
19863
32065
28019
10363
30969
21872
7718
4575
21652
23690
5979
26106
22354
7263
12272
837
31901
7746
6459
11721
12322
14268
18671
24956
9940
3970
14916
7885
18740
28325
19026
25982
4816
12809
13246
20914
2826
28696
28057
3911
15131
9911
29061
5989
17752
1401
11546
27735
435
10259
8840
18330
17284
21777
31869
28212
11402
5319
6473
8007
12588
13449
20800
20710
12805
2591
31839
12071
20128
2931
31539
4474
21888
3725
18167
23097
30052
17857
19709
29824
5065
19495
6479
25662
27823
22092
5269
7308
24480
23335
22841
4158
3567
18767
25546
12472
11838
7275
8862
20228
14658
26345
10428
4897
21451
9203
2040
32157
6654
26014
5728
10086
12261
13157
8919
13277
15147
11479
23808
10540
10784
17548
29790
8921
27651
10077
12985
4764
32385
9172
5571
878
29817
9698
11259
4835
23042
6864
14546
5305
6575
20856
25612
5297
18194
10933
30826
10909
29310
11800
30086
21691
27153
22237
30974
19521
3058
11549
17108
2105
3544
32581
22805
25231
24012
20422
3769
4969
47
19214
29131
30390
3838
22968
25802
20490
15957
8959
26446
169
2610
4985
20974
25570
29052
15362
2402
17822
25156
7413
27877
10040
15178
12707
989
18063
1731
20477
11966
7002
21081
12436
24364
16060
18548
12996
7008
28953
28344
12587
20684
12839
11727
31328
14850
8008
1640
16866
23506
3095
6015
7503
23986
2368
23007
25047
16740
19862
13542
30191
15826
13663
20617
27466
16701
19442
18583
29957
24214
4997
9538
3618
10796
32576
15579
25655
18824
21398
25309
23143
14997
24788
2093
14482
5637
19450
12448
23241
20719
22987
25022
29957
16829
28704
28358
16152
27717
16769
17906
7395
22838
22262
8955
5834
31926
27675
19168
13925
28745
20851
13540
7032
1013
18686
17621
23846
27300
4366
31380
2913
1481
4438
15058
25765
5190
24132
5400
5094
18574
1681
11018
2759
2566
24342
7404
19468
26034
16609
8037
14930
29197
28040
7811
16125
10808
3517
4608
23923
1111
32291
26308
1672
18233
24160
8618
16440
25399
5748
8071
30108
21086
17993
5737
791
17360
21386
15388
21201
5735
2489
13811
7526
26268
124
13764
8927
13223
15416
26677
28641
24552
15585
6198
804
4230
28433
11215
26407
12374
13143
24092
5154
6654
28625
23190
11837
11610
24573
7571
29695
21534
5836
15889
28937
14781
26360
1199
18692
14986
9624
29692
11992
19997
31474
9716
23582
28921
13712
8904
7385
20844
21398
5342
17248
17334
13906
32281
6303
16749
13333
21082
7295
30751
31809
6983
10915
11066
420
2379
22357
27945
24324
5597
6336
29632
27131
6918
4191
3034
26630
1053
2229
28736
6616
31702
31551
1997
4340
15227
12967
20176
890
24440
23866
28594
4673
25885
9116
20185
13607
13728
6074
3531
16805
25185
4097
18839
16295
30322
17102
6257
154
343
13861
2716
11462
16138
22437
12941
15070
323
20667
30797
1493
15861
27415
15391
29940
26396
6492
3171
27178
28598
30748
29370
27299
8719
23299
7275
13723
11074
14930
25093
15733
32765
5263
29254
14087
32388
6267
9276
13113
29177
11077
13482
30414
23258
7933
29357
1153
8395
11595
8095
3412
4502
2657
1596
15141
20848
9262
3331
2434
8318
25045
18399
8382
6551
30557
19719
26436
20044
8618
20771
15660
25637
24236
20144
5644
5934
30166
15525
25873
17842
25810
6231
3918
26951
1139
18074
22611
8458
31211
4137
32002
12588
18494
15688
28830
7086
5622
5287
28709
13928
31513
16778
24544
25168
27480
25895
10040
18425
4233
22351
32459
15706
10583
23121
25791
14545
16440
17948
11094
30056
20128
28323
21955
11350
8309
18822
14141
1993
3010
5870
2129
13026
20655
4536
26236
11009
13745
27351
29177
13892
13310
5107
32216
9034
18500
7510
1616
13885
15258
11017
24918
26383
30903
17722
23918
21763
16737
2017
17090
4976
22569
30116
27249
13250
29270
29175
24617
12481
1567
9863
16888
7958
18717
22489
21087
18186
29439
27950
28841
2962
6272
12203
27514
17033
12950
1206
25003
25148
9708
10147
9557
10283
24211
9872
21804
7438
21493
9869
8207
6679
2314
13057
26333
13175
23758
7241
12425
11299
16114
10657
9329
22232
7377
8776
32491
2140
6823
29151
13345
32520
27901
27666
13600
25475
26216
29563
2859
18128
3443
1987
15701
16779
20186
32523
13391
6255
8185
28298
4222
2588
9603
1655
9808
10775
12919
25897
5329
27923
13136
9597
10873
19055
22909
11384
3144
5887
6928
31277
21270
32015
23226
481
4900
13733
19447
19822
502
26375
26502
28645
11877
19581
1052
2935
32496
2904
26457
28310
27219
22835
25339
3159
7771
22393
21074
21531
2296
18472
3060
11374
30612
32724
7089
5423
16547
14574
22729
13554
11131
11334
11357
21922
2662
4815
7204
5227
15094
29858
27999
18646
153
26950
29711
26422
28013
11567
25189
25156
19798
12420
11386
20486
18253
806
21568
22005
10491
16877
12729
8286
4230
26933
2918
26889
26795
12441
4867
20761
27405
21502
6769
4659
7372
28116
5364
19170
31066
18072
14494
27194
16266
15773
21515
32444
5354
12045
11343
27770
29523
31530
30509
20092
5310
4826
17802
1889
20825
11619
29216
17737
9179
2931
26743
31987
18452
27491
22545
8227
10184
4796
10213
4935
2493
4347
15888
9817
14099
8081
28614
5383
2772
17198
11662
21010
8140
4671
16303
8692
4251
17590
9957
18629
32264
28937
30041
20319
20376
6781
13264
9153
25184
29860
10019
6321
6679
36
2543
2214
2159
25787
3725
8164
7845
11392
15685
4585
7511
17516
702
15880
13975
26136
697
1876
5693
20168
767
25535
17537
26537
664
26243
5833
17239
20798
18881
8895
5282
15122
15208
26535
658
7309
29017
8688
32169
29368
18633
32008
31335
15264
29926
6005
13588
15108
189
3362
25273
30546
10331
31734
29552
722
19762
13995
18909
25888
2495
6622
3069
14559
10346
14178
28958
20908
430
19418
12591
32337
1401
12935
31034
15163
29654
19294
2351
26927
2249
1886
24291
23608
8058
3872
4696
22244
4246
14256
18239
17839
20467
14747
22459
20160
3443
24137
7272
2515
23850
6029
30108
29815
10947
13691
31213
30329
31775
11898
28147
2720
18240
11674
26959
24474
24422
23335
19691
1335
15735
4990
28292
31189
10148
31
7526
11292
31818
18180
25719
17643
9238
17457
11639
19857
28525
397
10630
1601
25355
24816
8935
192
14314
11389
7171
21345
4709
306
24497
30771
13469
18365
26292
11385
12316
12177
13957
25690
23224
24634
7508
9946
2746
21741
28489
26121
24128
5732
10511
10106
4576
18153
7059
4343
10894
13488
1289
11635
30400
26217
15153
32320
10960
22038
19160
11395
7329
19994
12449
28388
25221
7315
3845
30602
22878
4330
1433
32326
22020
30633
3471
15118
1511
2188
32640
25774
17142
31450
9833
1978
24255
13301
1011
18887
10455
17456
10743
27866
13436
9698
19777
10017
8569
29369
30100
8929
27722
848
28399
15024
2433
11523
24591
17892
20584
4610
10805
2379
30952
14244
30249
8221
12457
22270
4735
28974
2939
7093
1817
1128
21237
17680
493
19577
31067
23889
264
14537
13253
31558
24019
9135
32638
16923
7574
28900
5803
4978
11066
28728
6189
10165
24147
22659
26312
171
29534
28383
900
27210
22854
11796
26451
32205
30766
596
8181
23302
21866
27945
13337
3060
14542
9643
4805
18072
14124
2294
4599
261
17944
28379
16525
2999
15598
14038
3938
9765
26391
8512
5562
16793
2951
18630
29920
26176
3466
20506
7949
28285
2753
6120
1420
3203
6759
4364
29212
20003
4569
32514
3990
4834
29270
16030
26063
10319
25603
25853
19648
148
25138
19131
6884
14154
31971
22374
4834
22674
21387
8499
21612
7777
11541
13552
21607
6171
20775
6714
8268
28772
1702
26608
28878
17715
23420
31976
20413
17959
6553
12512
21802
3359
3383
4535
16332
25861
99
221
27810
29418
4025
17672
29146
30040
15471
25640
24818
3555
24469
22942
29725
18690
25242
31912
10984
22557
24851
11040
6685
12775
6072
3175
29415
3310
17583
156
1336
26737
23822
4113
16744
6001
15259
28415
32031
522
11478
27000
32628
4356
31801
19358
6230
30630
26302
6675
18219
20426
5794
11952
13496
15415
3176
3450
1089
1322
6434
1489
16369
25398
19948
29675
25724
27726
1209
13953
20482
22305
26194
11464
6199
2214
4507
20643
3009
8183
18456
16663
25313
29794
17329
20735
25430
14781
6578
28161
31614
16123
20246
29632
6335
31485
517
16211
15653
23466
19611
5879
6220
2882
17643
14848
10113
8175
15940
11542
8484
27038
12211
5789
12112
21004
25544
16245
15807
804
21917
3044
24295
18312
24341
208
3177
22894
7266
10546
18092
5037
10442
28615
22469
14615
6314
16649
15771
17930
21691
2397
32584
66
14996
25486
29122
14577
9840
2938
12218
29970
18994
26891
18628
28666
30118
18281
27577
11312
13322
3182
4185
1662
25293
1115
25653
32584
9622
5577
32461
11805
23432
29154
8437
5004
31173
5328
893
15673
28464
10870
30992
28720
30072
11102
26461
19832
29522
17907
23413
9452
21509
26609
15732
27206
30764
31769
26468
125
9143
12329
9054
20305
3380
22283
21746
22307
29261
15181
20938
14091
21905
30161
11657
22821
18807
7366
31993
14635
27807
24278
21606
31049
31580
24225
1349
14636
6768
25195
24346
25437
16150
11281
30616
25805
22598
3394
15881
689
7476
3051
24048
17039
9498
10995
13549
6297
11319
11049
24546
20539
10775
22651
9044
25328
7446
14184
13076
12633
12064
9912
7454
21136
6074
18794
23489
28090
24390
19694
21248
20955
26498
24468
15673
16367
23891
27461
19204
6966
30657
26737
31326
29647
10306
23880
26887
8072
8251
23853
9768
21749
20420
7271
18233
31935
16812
27674
17442
11583
30908
12918
24224
1099
12864
13103
6379
21328
12740
15405
32662
20897
31260
2692
19126
18703
6055
31654
6726
28858
24532
24280
20938
27175
18916
31458
22323
5266
17650
7179
14595
10885
12081
15940
32689
23977
21110
10148
11855
25821
2550
1812
13930
12421
30032
27468
25394
14628
23758
9726
32730
7214
10983
28496
15682
31511
7945
23952
6868
20656
7574
1315
22188
12467
16685
21695
10491
9628
4394
475
20141
8379
368
6499
10057
12424
8038
2223
27161
28982
4159
12982
13964
27531
17535
25983
984
21998
1210
17369
13283
27586
15263
30540
19812
20210
8502
15951
8517
10189
11110
10939
24397
30485
26554
9344
24059
20050
8805
1175
6581
25196
32387
23608
12066
11385
25505
15436
21716
3284
25728
4389
6186
9327
790
26221
24948
22634
30166
10076
857
13284
21041
12078
22902
7185
16477
15829
14920
2700
7253
9451
16460
16879
10273
16618
11876
12450
13143
4767
29565
30192
23522
3292
4463
15712
19458
27246
27428
25666
6548
8270
15869
7560
10900
16412
19057
2007
17120
24264
28664
27102
7998
21395
16423
2279
16801
25398
19740
19883
21160
11104
14108
11115
15464
25190
15739
32060
25195
16182
22204
19875
6904
7566
5114
15457
19861
12907
21383
30352
23243
25795
1746
29935
12585
7798
3982
29819
13196
10627
30736
23871
21661
28023
2809
2924
2970
8492
3606
11948
1626
17583
9348
13236
15499
30594
7192
27672
18495
32516
10749
26724
10151
4397
23199
14440
19485
14206
14536
1491
6760
24120
28681
15620
16444
25549
28252
14364
769
15508
18695
8280
27605
32448
26820
31134
29908
27283
16670
3157
7063
17103
5918
8570
31994
2414
6951
17648
24099
29842
23071
536
18112
12223
18895
20130
4239
15688
29837
6051
4132
3079
2072
9447
15079
5457
19395
18056
28252
5929
16854
191
15527
16052
30769
10747
25167
22254
19506
12080
18754
20378
9689
29298
15641
12415
28202
30658
13470
19665
17619
21544
21643
19182
14607
4866
3989
21579
2506
1435
1961
429
12550
12543
5238
22428
15997
19982
4907
26388
17800
4048
25474
26239
25151
9224
13821
22240
6626
8716
3951
2385
6776
23507
9663
6319
7605
17744
31209
11156
29473
26110
21317
4741
30071
2237
12
5741
28491
7644
32536
2890
13040
887
30443
31527
27033
10243
7667
32074
23998
15143
30733
3502
17602
24781
3399
30900
19410
6778
32234
12053
27664
23258
6072
5659
18929
30624
20594
10257
9187
28045
18845
30968
5172
10957
16774
29563
10799
21386
5508
25125
7816
13500
14717
6354
9978
22846
18603
21091
11566
29991
5024
5814
27871
6999
20360
15574
15676
29008
19119
23918
2445
21832
19011
18820
15642
10876
30042
22883
9800
16326
28982
10201
5382
1138
4808
3491
14439
32590
18804
28966
32656
15360
10004
15968
469
8860
10559
6941
12831
28022
10187
11118
24977
12597
3216
31319
21867
11049
14447
23240
29742
18911
14740
21710
19969
9202
14071
29451
1107
20771
13609
1124
21698
22956
6221
9721
19259
12242
1892
10586
24419
26554
5327
11000
310
8573
20494
27865
22766
22910
9422
18832
15911
4860
11043
21357
10816
4323
19730
29681
10756
4328
25938
8068
4746
15572
15187
29034
32089
17952
128
17396
20432
24515
12994
6387
20934
2632
2117
26226
5997
26147
18558
7077
17020
69
13933
29212
24205
19694
28703
24380
23747
17603
26488
14832
29361
22560
22575
26780
24695
11439
24346
11091
25134
22842
5804
22089
20615
5053
23740
4235
13486
1472
9607
27373
21365
15075
32761
25412
29614
23995
12072
10198
25560
14044
32034
12047
767
8759
10984
30582
20701
28327
8634
991
18757
23494
18837
26593
3778
10757
10491
30858
10363
28924
12786
30034
22361
12286
24655
15694
18028
19697
3380
25766
6795
30044
7128
15945
9531
5570
25478
11743
16083
23343
31465
22016
3037
29456
18566
30371
12734
32071
31882
4057
16026
25727
22470
7355
18546
4285
25592
31392
1935
10296
332
20628
28708
21099
27938
2822
3887
12648
9746
16321
11936
1391
20781
3614
1213
11967
1158
20343
29381
428
6898
11230
5843
8434
29963
26383
13574
21065
19323
31140
15327
314
30327
19080
26602
25648
20105
7342
19105
30674
2707
1283
14477
17552
16145
31905
25262
8828
25246
25413
7965
28508
31674
1539
9456
27389
23498
32312
16222
11722
2912
31937
15396
28060
19389
21866
6438
1236
20884
24233
13658
28584
7441
31117
2274
13242
4890
22001
10360
26095
15317
18165
6159
17022
19050
15279
12471
2887
21002
12317
7618
8295
19504
10846
13605
1801
21542
6178
12065
21118
15308
8288
290
9105
23957
15687
24551
12820
20434
12918
11491
5311
23859
13167
21219
15163
26250
20041
22002
20089
4563
28326
6777
27464
27250
3301
10155
27431
22203
23961
26912
12119
1719
5433
13248
8757
16421
5145
4579
25287
11200
3736
6839
20117
1984
1435
22753
23994
25507
9019
1127
1338
18733
20411
5069
5014
30382
4797
26750
15262
3715
5301
6766
16775
24543
21661
9982
32317
11468
26091
1824
11514
4460
19136
28859
14104
28805
15970
18257
29220
2364
1004
32735
1075
6689
3396
31748
25209
13676
3662
8294
7703
10886
20575
10834
29493
10444
23029
2210
20049
32655
16037
15332
15318
8031
11092
440
30193
16521
682
20346
1184
21214
7620
24609
9228
6838
1321
22887
25880
7989
13824
19499
15418
19917
18304
5139
29322
30468
1191
23157
11544
2168
20015
16504
32387
10272
22718
29814
14023
5332
7005
13989
25943
28688
555
4343
16748
21749
14674
17982
27804
24720
9275
15508
17326
3935
21758
26362
12717
5137
6173
29247
14651
2958
26737
14628
10280
12855
24420
17341
10563
32367
30049
22042
10352
17498
9865
21031
15611
18148
20392
28881
3628
23046
22375
5738
26140
31301
30659
17999
26310
32123
15293
31176
5473
16601
1363
24111
12270
30765
12208
15957
269
609
8608
6945
9748
26436
25670
14202
31586
25230
4625
7015
8945
8222
12780
21109
22827
3461
21173
26970
3071
25800
31473
28375
26675
21602
16574
31715
20732
26761
7688
1797
30156
6578
21760
1794
31339
9303
30922
10424
25929
3576
28278
7242
18451
31584
31282
15741
22148
15401
11454
7010
24446
12162
17696
9014
23641
26160
23192
29318
2683
9683
25302
5270
17192
12651
26731
12036
1436
31514
1406
25001
26455
9004
30400
24000
24249
26708
23202
30794
7118
27960
28869
15281
25451
30512
28081
15531
8314
2635
14027
13921
8082
1684
6785
12753
10443
10899
22728
15472
27600
7958
4040
29204
29237
28721
24789
24082
3083
6019
24994
30627
27314
31675
11697
15757
24047
2395
11278
13567
26430
18620
23869
20412
5994
5458
17777
32123
27226
23090
18175
27790
5422
30673
273
15811
31371
14095
1695
12168
14642
28020
411
1106
2264
14009
5740
10303
22834
26506
7070
23034
26447
7562
31192
23263
15658
4248
18446
27231
20352
2385
30711
4262
11743
8405
9922
31868
30976
11726
26117
30825
4950
687
4342
15133
16359
24890
477
5902
9051
18245
15305
19811
23378
30909
23682
2065
8187
27371
27328
16196
9187
29942
21658
3584
9738
27050
12865
14856
27196
32375
8430
29439
2974
9149
18969
3277
23944
12871
27372
14660
20114
4629
28663
1284
498
15966
31013
7067
4869
19157
23023
5873
14123
20012
27087
24036
12760
21974
14584
22063
20200
18194
32068
28048
22323
20773
19310
15914
13154
21734
28801
21032
12545
25984
32656
19107
7637
18036
26536
28101
11631
2781
9731
24623
23809
14840
26750
3481
18801
7395
13389
1208
11180
6565
25838
19045
28477
16239
5979
26619
5918
26658
21892
14593
25805
4880
5628
15369
30115
23815
25587
27351
19042
14732
17252
24006
27917
20836
9615
15976
10492
10841
426
19821
2351
31802
26068
32710
4323
22308
5194
30474
25187
32512
221
22808
18465
8269
17060
19198
21509
16928
19950
4889
2309
6504
2682
9854
17142
8567
6635
9625
20641
7614
25206
3092
29722
26840
12766
6138
15693
13515
3234
11293
29402
8330
32117
12725
32035
18110
30958
15689
1954
10693
10625
31443
19585
8443
14254
9503
15972
11065
25208
3188
1162
19100
31769
28790
32020
19848
7924
12619
14756
10476
11979
7165
10794
18375
31282
22047
27131
29675
4163
11444
25380
15361
7828
19020
15357
31437
27494
6256
17153
25523
16415
20544
19676
14458
22523
32347
14534
3153
9982
32255
3856
14351
3373
12146
28156
25535
18941
28064
14546
18780
17420
1797
15664
5337
30991
15821
17058
1380
10763
4922
14450
13292
6089
25159
30146
8929
25476
3467
16343
31547
26596
17503
2744
6845
7728
9027
10232
22395
25535
13182
22480
7322
13231
3589
28785
17495
10458
9630
3991
21322
23558
31813
2658
30956
29276
18383
3938
31064
28700
18893
12016
25678
9102
24243
15813
15741
15420
2106
17861
31234
25182
30466
31004
30508
25238
22396
23436
20098
16861
26119
5637
11015
19901
3673
10359
956
31938
6689
28132
24423
13099
13034
9913
1427
16356
15171
32094
16600
9657
17181
14604
5724
1220
7028
4831
5786
14375
19762
24876
11106
31745
30544
3348
1825
12186
22590
1625
6499
2017
1669
10609
11414
17945
7339
19417
4369
18127
23638
25260
31061
32015
3253
30580
27538
11735
6172
24384
27757
32716
11502
26615
18176
13100
26048
28651
5666
5636
15547
7089
29417
2211
20034
7729
27758
9806
11989
18169
11472
26165
22582
19159
28540
18598
29130
31398
11435
25729
30785
23656
7724
26860
2170
23189
355
26439
20896
32179
14994
31075
29338
25639
15703
6126
18082
27723
24182
13618
25907
17600
29401
28672
22825
22278
24533
29414
21284
16457
175
21416
23341
19582
1375
1774
17820
10159
11923
15419
28472
14739
2807
13854
1185
24418
6580
29356
22763
30695
30262
14381
3980
30167
28979
23062
7544
27745
15081
19000
25994
18950
679
18998
29734
13739
12174
20796
7709
16877
5785
31214
1744
27316
20955
3231
20889
4363
7432
31172
614
26927
23351
22696
20903
3813
10726
15969
30571
13329
9535
258
12741
7557
16794
15122
2677
25111
24130
9021
8132
8182
30076
3146
29872
7230
3525
8525
3145
201
20572
12830
21595
11337
26880
9225
9037
18579
4859
23239
19785
6974
30559
11693
5278
17517
16528
15652
31074
24553
1794
15449
11355
15475
31556
822
10528
7512
28990
31888
15227
14917
12471
17570
29714
29021
12058
3002
20550
24457
5753
4402
6492
21263
15826
19106
16090
19559
30353
2900
12340
330
21335
16376
31144
5643
19450
4761
10343
298
25293
2768
14837
19751
12065
32312
6866
11412
28939
25889
30810
5230
4712
26505
27114
20653
14623
13896
13636
18202
20134
1162
12853
23649
8392
13698
4469
12135
32677
4701
2766
7901
31994
7285
13952
19734
12450
20424
5605
5653
9821
27048
3921
11243
22737
1972
24892
19776
24014
13062
20643
18991
10198
11182
5803
19287
221
2143
20872
3886
8781
32361
31901
4505
3661
26087
13284
20922
3651
20026
18065
10761
31383
14006
23794
28327
12219
16282
13722
17903
21608
26438
15806
28493
21802
10152
2271
27731
14622
2040
27561
16393
13306
30373
15900
14469
6479
32655
2281
30396
5387
12918
8735
10392
19778
19890
32006
10571
20782
293
12619
31714
31092
23919
32094
21533
7592
17248
18457
8574
17172
26547
26018
20640
10421
16121
9106
14026
21639
26067
24663
23492
1539
22884
12759
5609
12773
5126
24405
11390
27442
25148
12953
29762
23930
1001
25675
6726
15450
28095
10145
4351
19526
16121
6458
21402
26757
16205
5449
29583
10877
31004
14581
9337
5681
17389
4864
14885
28680
21273
18343
19689
8144
7367
11210
30775
17666
11547
6989
26481
24648
14763
3774
9471
13884
2355
13368
24480
20339
905
3975
6653
14778
32211
25996
30852
28319
5879
30435
8563
820
14419
19908
25395
1295
3759
8999
5352
10389
3951
7980
25926
11385
24077
30905
2982
5759
9671
14437
3929
11654
15253
8853
6460
21701
7262
3300
908
11349
7019
8905
7164
6895
21788
23924
19461
9464
14810
13048
7038
13498
17740
16559
16748
14325
13774
29914
14107
13974
22559
31625
366
18118
15193
29371
9331
550
24871
10693
30010
24665
15922
28664
15848
6852
7900
13950
26631
32145
17457
2437
8480
18938
19738
9376
11660
3524
16340
9833
23943
5129
18337
10092
22662
21307
31422
14400
13003
31846
15508
2807
310
4021
4146
19385
24414
6712
28411
27819
7136
228
30620
26901
32503
31964
2370
17349
24397
11503
7945
17582
30993
24673
32695
14805
15178
32494
5546
16238
32619
12812
783
21313
24359
13169
18005
14163
7302
25813
737
26563
20537
5369
16900
10226
21035
5608
16426
27366
4184
2172
6740
6897
18402
293
28616
1165
21601
27110
19462
26763
2427
17824
27903
31085
19126
14483
14722
18448
21897
31266
31735
25486
29113
5078
13647
12386
31715
4518
7227
15053
32340
1910
7324
2169
19489
4061
27451
11613
21109
10283
443
10208
5157
3499
5836
18497
906
37
26273
10038
11919
3495
24483
28627
28937
19333
1895
174
8519
8351
11229
10305
27370
1250
13515
143
19447
23058
10618
11787
26667
16838
16048
1461
9871
5300
221
24198
19788
24366
28313
4622
4031
1773
5966
28764
17104
32270
4658
11038
11136
10074
24953
31753
7106
20426
5576
2683
20876
24906
17900
21599
19501
12990
11980
7762
3041
6467
3996
12035
28579
7863
5716
23008
9538
379
28769
7407
24503
24951
21402
22009
18358
15967
4981
21230
23171
11061
5755
16773
11015
23312
16377
16931
14627
27419
8697
8702
21316
3552
2928
130
13880
31687
18105
25588
24384
19673
7234
341
17510
8138
28038
15241
26384
12855
31803
7608
29910
20012
12748
21749
27281
12521
31497
27933
28084
20198
3102
21762
20448
6420
8385
28105
28850
10086
3248
10641
29152
27792
12379
32086
29060
22287
9693
10772
16055
873
14897
8495
15458
25526
1699
2066
26193
95
16004
7958
11401
13862
1314
4006
6364
5478
24568
26018
29370
18076
6433
14336
21834
6183
9747
17593
27577
6476
26249
995
18387
26237
20417
30234
1744
2779
22504
12837
14448
6905
13779
30167
15434
27875
18671
15922
2400
4447
15739
10963
5112
29298
16628
12426
17831
15142
23249
24392
15279
27787
15729
16190
16267
17404
9042
2371
11719
22179
3203
15990
16149
1600
28764
25381
26526
13093
14188
24814
16534
20357
4531
21540
12307
14319
32017
18549
17183
29974
4095
10441
28171
19155
23677
26220
9991
14445
32587
7024
3824
19991
12124
11341
7273
31674
24968
11467
32045
15605
21633
3106
8612
18019
6408
19551
9908
6172
27233
18697
4569
6526
27396
20741
4984
8749
6549
6071
17264
5208
4630
16746
3059
27710
28508
3826
13972
26865
24767
27791
20384
12890
18454
26645
21426
8318
29667
21066
23426
2047
18890
3984
14846
12262
30024
23492
16540
21663
28321
1381
7662
23621
28186
25593
2679
8225
8041
3500
14269
28525
10602
4155
13727
12125
24083
12560
16873
15456
9898
30895
13862
28835
53
3408
1973
29654
7219
8397
3615
14388
31113
30143
936
18621
2495
16356
29732
19654
13932
25541
3596
25780
23279
22933
2513
17413
1632
14171
7024
11408
6599
9812
8775
12045
5771
18322
2855
21719
12589
19434
6314
5873
31797
17165
1479
17991
16237
26101
13987
18743
20302
24707
27562
21072
30904
24166
10975
29786
21734
24382
21360
14230
6560
5633
3982
5191
14770
22430
6267
30320
27038
23777
229
12000
23694
23447
31090
30060
19852
15090
17308
24700
10485
26415
18111
30153
27179
2165
31600
14436
395
8449
8465
22523
22175
22144
29090
25944
14996
27324
18394
12330
24302
10107
27511
12808
9338
16804
30674
10931
22148
30628
4278
20891
9803
28432
22898
16549
31410
5516
25133
31788
26680
2283
32634
15430
25898
19096
16429
23368
3608
16948
30060
3468
3717
21376
265
18033
482
2942
24079
28324
24766
10451
6042
20382
20023
880
8684
22638
22964
6001
18878
8121
2262
14149
11732
18175
15787
10512
30420
8991
19749
13133
16728
19998
22987
23736
28226
1572
18095
25451
19792
32199
22176
12103
22000
396
19360
17301
25173
5803
6809
29677
8394
30483
1867
24663
12102
3758
15497
31921
5441
24038
13477
10065
4039
25960
1577
4843
25547
32552
26823
1972
10941
18597
1683
16327
19807
622
28016
25288
8404
2277
13512
25800
23033
19011
11137
19561
19193
24028
8748
9283
7964
8357
9599
7046
2272
31475
15621
6624
5707
13189
532
19105
8063
29637
8960
25373
911
24907
9870
10321
10129
28835
939
30666
27637
21840
24926
22467
3093
13072
4860
21134
7180
29794
9371
8501
6348
27206
3016
26976
15979
6468
20605
4729
6334
22447
16973
30223
553
8491
3554
28536
1205
17261
18089
3771
20835
18498
14540
29357
16833
16595
5985
3673
6074
22055
23265
23973
28594
17129
25563
19763
6355
6764
13801
22918
18337
236
24292
10598
22229
14615
24148
10117
2664
10955
8490
24418
2286
18210
26034
8558
32549
28076
7107
12910
8654
14075
5433
2592
443
18533
6820
25889
26154
5381
14402
11790
8529
12291
22315
489
4922
5141
30412
21439
20177
1094
6806
29576
5436
27127
16375
31823
7018
21539
28810
28051
19951
31719
17547
29676
1807
29249
27021
9458
27416
23320
367
12890
24310
22908
28044
22626
19713
4400
23090
2928
11289
24933
7766
10485
31989
15561
17285
12184
12728
17088
18974
17041
13253
32241
32191
31826
31701
27653
28157
21613
28743
12971
24408
7346
32183
9696
18541
22935
7633
877
12142
31198
16487
1969
31696
12657
19138
16288
4163
31633
8502
15372
16615
2095
28409
2596
31165
6298
8246
5434
10588
3931
16988
21961
17381
14173
16060
29110
29240
1618
9043
12758
16744
24145
28132
28849
26221
4804
3403
26245
27161
13441
3341
30350
20814
26935
7987
24965
5485
21004
30809
359
273
17796
12802
29303
17662
24741
10030
19846
22868
13145
32559
22386
32521
3091
23224
18925
30101
9909
22327
6527
14575
17074
23652
23758
23481
25711
26650
14622
20919
17904
19559
30740
16006
15024
5087
10943
7307
2768
53
32217
20521
2420
22284
9033
31543
27243
28938
29933
9393
6926
16174
13463
2221
8810
14948
3413
9361
19617
29015
14838
21380
9613
10375
29897
3874
1703
16539
5288
10356
15399
22264
31541
3359
1389
21650
14436
27867
29856
24322
1850
21287
29077
24538
2004
2364
25586
5685
23210
21567
18579
26258
277
25530
13868
23778
9999
1101
5424
5343
14906
27297
3826
31904
29221
10910
30731
9578
11722
11998
14843
5834
19035
17505
19
22496
22334
3714
11154
8958
19286
30505
21262
30578
8068
28483
20757
32159
29293
4975
9749
29011
6526
2298
12665
1620
17198
9998
1557
31548
3715
16422
24004
20103
15320
8133
28751
18923
23261
4200
12689
22504
6623
32185
15065
22431
6730
1797
25488
25319
28268
5616
19740
15006
9339
19816
26115
19773
730
25815
10324
2991
22936
17309
5955
100
3386
28861
16403
23713
16058
10966
16953
28698
13519
15446
8894
16066
27247
24554
28389
10466
26258
18745
29198
22888
16698
9681
730
28290
31152
10849
11152
4204
528
42
12735
27271
9223
9904
16677
15018
8924
7605
15824
27324
16045
27495
387
26755
31996
21209
2139
12215
23146
20144
20658
14939
18881
9247
29252
19277
9272
8725
12432
18203
28403
24756
3202
3864
6602
5382
6478
4783
6987
19691
6303
2808
3586
10070
8689
5257
13048
23737
22843
7055
32121
11198
30930
19997
3098
32312
12938
2243
13051
23129
11294
29027
31562
29733
6866
13376
15368
29478
16982
5976
12304
16482
23278
22516
11605
28810
8912
1661
24939
7796
7885
21649
14153
18891
20020
2390
19021
3590
22004
4110
2688
17814
26368
21740
30236
28004
25592
25638
3147
23674
2565
32588
23858
9216
8453
7384
23342
11115
30440
1542
20829
23793
10841
1766
9057
30272
2209
25775
14944
20847
713
3670
17231
14901
32255
15199
8817
9049
828
27892
16410
20585
4643
1332
4793
18351
6955
26829
2581
8289
25856
24269
16343
280
24871
8885
4425
25219
13281
23759
1629
27229
29523
29890
10737
29340
25059
29284
14161
4332
10213
24783
16638
12891
20599
26551
13486
8022
3497
3835
24723
31700
2018
24697
24032
6097
15487
23591
1162
9214
12220
29280
19531
7863
30168
30843
16109
3381
22388
19362
24517
21765
5437
5601
11390
18872
3786
27006
6936
17117
20679
9865
14639
20012
20052
24243
20609
20996
18856
11108
13483
13336
12282
10759
7731
22629
27809
4777
14027
3175
30586
7362
15060
12940
8842
9810
21538
16873
27364
20784
4607
28203
20685
2719
8818
3025
31519
12579
12481
1177
10731
19603
3380
28728
15458
3182
540
9550
19958
114
31252
22169
11964
16235
23431
4201
15125
28746
15730
10836
22157
26998
22891
298
3587
23143
24291
3372
9483
13168
2984
10360
4752
16348
11693
6600
12478
9789
29198
14172
9246
17153
9551
13877
15875
4422
18661
31108
24102
5616
8695
30306
6029
248
9573
32705
7345
30982
25866
3747
14047
17731
25150
23178
19679
18792
27039
22063
15572
2076
23570
25718
3427
8060
2308
22946
14871
29691
32246
7365
7940
32108
28472
32123
18347
27229
7668
4568
9502
3495
24431
12447
28517
19011
10636
23477
13855
29023
18578
11989
25708
18097
8750
9860
15371
7948
10684
21320
3008
19761
27074
19733
9465
20711
18109
31496
21680
31822
24353
856
25491
880
11419
30601
24931
10777
19097
4322
16282
1001
1548
4386
32592
31399
6764
7023
30303
3800
16381
6543
28614
1680
28498
346
11083
32393
32271
3695
101
4466
30963
17447
10328
2441
24341
19399
29602
20588
8813
762
28310
4396
4503
20094
14663
16548
3796
1309
5799
9
14418
1759
30448
3522
26029
21630
323
14457
7861
15130
24719
2162
28530
26670
22453
4891
15717
31171
24810
11493
529
24291
23644
27987
3770
7249
4632
14672
15725
18807
2859
18374
13120
22944
1543
21612
6107
1383
2601
29920
26167
26735
24313
17397
15014
10069
27122
22350
16916
12771
14338
13100
11916
30087
13876
12420
21758
5123
23948
2389
22591
29285
22066
32568
1361
13370
21972
20537
17637
30463
15685
28133
17950
25048
14698
10916
18072
23941
27478
20809
7081
2193
23476
23272
24806
15308
15717
14055
28649
13052
17259
22872
1362
11728
3590
902
14092
7445
29468
31438
8146
12332
9694
8625
25585
22204
425
10023
29519
2724
31786
16437
11436
30260
710
8129
17960
19100
18233
8358
7941
23204
16253
22020
24239
19870
23789
30169
1273
32409
16042
20950
20394
23512
25406
21099
6456
23171
7551
10277
5331
21147
20662
10041
2981
22323
14337
353
32601
24286
15606
20966
21978
20580
8585
12286
29277
18361
304
15193
24481
10031
27973
22263
28533
18666
10411
1596
29564
25748
18100
8262
29485
32083
12610
19838
797
27640
23085
877
8577
22906
7141
29394
15342
15778
3417
7153
16996
13831
19735
32045
27531
18749
1972
4057
3644
27210
15726
1868
13379
20569
2832
1587
19044
30387
31254
15916
4508
22762
7186
11664
13736
16215
30030
28559
11468
12231
31411
21123
17613
22130
9961
10366
319
31533
27328
1573
12039
22240
31951
25538
20760
23865
19547
21652
19072
20130
7034
18538
27048
9841
1143
2928
14551
14687
28281
30792
14329
6204
13664
4188
25503
2785
2288
28275
11590
14181
18225
18307
18652
18836
22037
28102
29568
11932
16476
2576
6026
14602
6581
32608
29131
16629
28198
11445
7190
5241
16557
291
8446
19560
23848
5669
31970
22843
370
17461
12327
23631
8655
26010
18117
8526
19594
15234
30981
19434
28892
10576
18825
3538
3344
14903
17548
30942
2021
9480
17515
16781
14644
16968
24420
1458
26066
10374
25246
27498
12984
25323
32362
11345
21345
30227
1993
24822
30580
10011
29486
8332
15267
14588
27781
18658
8659
5143
12403
661
21629
3089
2784
21892
14676
14304
7859
24964
5928
4134
23260
3925
21258
18366
16536
19925
2225
4757
24304
12148
540
20156
10115
31720
21113
17339
134
2594
6214
27687
14345
30336
10934
32119
15484
2372
13910
8723
15985
24901
3312
6574
8100
14052
11439
13270
21304
19266
17029
22729
4931
22448
11210
5259
3981
4455
15142
22581
31125
5498
17584
26000
4565
20744
13655
6370
6727
14774
14722
1288
21032
27228
14067
5573
24316
30719
7665
11354
18130
4864
21926
27223
24521
18578
18374
7856
22739
30833
20337
2323
16313
21202
3931
26489
10336
29333
29482
508
22858
26562
24607
10472
8543
17971
22777
22804
15086
3214
6422
31347
24559
30583
27356
27878
29579
5379
15703
22356
25822
11375
15651
27901
12027
19986
29837
7435
6704
8080
14069
24682
8844
14417
23415
6618
10143
8753
2762
15427
18817
21113
9319
11080
5910
12047
32494
2590
29071
29673
1990
27807
18740
3271
1540
7834
5985
14114
1167
30062
14799
95
10113
24535
4885
29769
28880
10247
5231
4030
14381
7161
5309
19368
23084
4098
6351
21552
25254
28585
28895
16430
13916
20664
20319
23779
32732
15507
15606
25066
25513
9161
3525
8556
16278
12265
15342
2196
31091
26519
19287
1090
8427
22750
6827
7684
26797
15816
17826
25922
15050
20268
31875
30904
27742
14792
29927
17449
21619
27023
22463
18002
18978
8004
20632
29470
19963
1096
8734
1560
25256
12465
25567
22821
22732
22427
19794
4979
4657
3523
12824
17581
35
24146
4993
16497
24855
8694
27474
19971
401
19511
5062
67
1092
8969
28882
18908
30074
5277
16045
8639
11702
8061
10640
19408
18328
216
4795
6622
11522
7450
9912
14553
32633
22208
10467
24127
24526
18283
6186
27096
22781
3891
4370
20387
29269
11837
4346
24080
11481
7312
32420
13423
28647
5156
7153
32169
10519
16700
17644
17198
9062
19702
8202
27694
22932
30241
9137
15628
18378
11342
5366
27408
128
24874
25515
6236
2206
1035
1945
19489
16097
23496
17162
15122
21121
13006
28299
29721
3345
2416
12783
17737
29606
17023
20119
27925
827
32283
24305
27583
3156
5832
12095
2323
29154
29893
5018
25172
20327
11161
24374
5239
19034
5614
24807
22159
4813
25506
2276
6281
22349
19996
7116
31257
12298
26332
5862
11764
17720
13398
10669
7488
13492
4353
26764
24392
31467
171
7398
22901
25336
28687
22105
7034
16908
4777
8516
19406
531
21193
1670
14431
16276
2023
14473
24453
32473
26422
4480
1332
15441
25211
18156
10359
23602
26912
30309
27929
15714
16260
28567
19877
29592
24726
24459
10642
27839
7586
16680
951
1435
28779
14073
1285
20910
13177
12848
6004
6749
13492
2795
11582
22863
22066
28087
2124
12822
12622
16978
5613
12049
28666
28598
13006
17808
20566
8530
27431
25914
1665
29083
2866
5804
28846
7619
5089
28003
20859
9928
26576
20700
1151
945
17529
24825
24866
18709
23463
31143
16306
27100
8493
6590
21683
30025
8407
12585
22134
30265
28833
6726
8429
22437
4903
17039
19389
29294
24157
18043
26261
10330
14976
1183
20414
12377
19788
27673
22772
30734
25968
2606
11893
16010
14911
6962
13399
19547
21416
8872
19998
27845
11880
20139
17550
3151
28798
10893
15806
8322
16863
25789
31598
15597
7532
11246
21402
31084
11809
26485
5968
3498
3215
20211
23486
17893
28812
9525
22927
13553
11049
6744
22136
18304
31972
6449
19725
7328
7199
1004
18138
18309
32721
9202
7343
24201
17020
20753
4411
31601
12639
5079
31196
4338
23532
18238
27062
14708
14204
32143
4867
25365
11074
11392
21161
31985
6269
25759
6674
2465
13042
6132
11064
15105
15770
13282
23295
31542
32664
4687
19912
1776
1389
1541
25155
31981
623
1623
16004
1727
26232
15879
13146
32462
31707
359
27100
14240
8604
28607
3908
18520
30176
17391
29441
637
1186
6229
19207
29949
20136
8689
4714
8306
15541
9927
13867
16547
21249
13189
1106
20302
14566
21606
4412
9253
26844
21846
1847
22038
7335
19799
5196
16847
18895
31011
27228
22914
16977
10515
1391
8677
19860
17983
11336
126
19870
13031
24381
16157
17544
2578
10565
26794
20015
628
1875
25376
25133
30869
23010
27354
29192
25648
5329
21262
14248
15577
8562
12183
18447
4579
9950
19447
15940
22913
11403
5020
4752
15147
19232
20322
29165
22852
24455
23642
10684
24057
29764
16330
31670
20332
21766
15476
28197
28434
124
19739
27732
10329
27754
10308
19268
21135
20476
12602
1696
18943
26714
31316
18931
9309
27516
15482
6681
1124
7488
26598
13044
20669
15034
12840
28000
21027
12235
17773
16744
31941
19189
29952
14522
26859
25453
6929
25944
16093
9586
950
12433
6657
30942
2351
5680
10051
13819
17774
8179
697
7319
31959
13630
6279
16731
9796
4881
3329
25944
13388
56
28688
27619
965
4545
16343
25251
4999
5043
32406
20456
26995
27133
24526
15166
18612
32173
20646
9283
7493
2658
24461
23477
16563
24580
18209
29391
31781
27826
8271
13526
27545
8956
32700
24303
9840
4179
612
2611
20781
14269
3458
31749
31866
1230
17839
20643
30060
27347
333
13308
27399
1104
14886
7362
3333
18093
16977
15807
2003
7724
16470
8556
477
1566
13969
9152
32267
29015
6620
15942
18315
5855
15208
23154
19154
30442
2540
7733
32733
11274
28162
26319
18877
23716
17869
26085
28498
24737
17376
5331
4439
28517
13659
29251
16798
27141
29527
15871
8093
5556
901
9987
7722
23167
11281
8151
22147
23099
32461
19739
3217
29627
8075
16995
18542
1606
18890
326
10532
2375
22934
28338
21688
19527
23465
12930
10599
29465
26838
13651
5167
596
20648
12435
12433
4103
22342
1242
5526
27815
2713
19070
29712
22604
29361
20578
27170
6173
8549
32014
12290
9
25914
17925
510
17593
9095
12626
27581
10690
7638
5477
22728
24606
9868
2845
3656
10461
2253
17958
29202
4120
10138
18309
17120
21543
6204
7793
9697
19731
15334
11109
11637
26702
7318
6515
15665
3234
4412
475
28458
31336
27934
28124
24176
31738
15995
10954
31448
31339
24686
9313
18943
19061
25622
14681
14731
17842
5364
15930
26292
1039
7316
8818
32516
18815
2416
27557
7770
31724
15633
31556
20021
13683
1399
21089
2607
18128
26043
18370
28104
15895
20979
25652
28517
17830
25174
22817
19609
28503
16801
17765
2978
16378
23225
15454
13879
3842
2449
17218
12673
3710
21326
14518
22375
3915
27049
23196
13582
21896
32149
24108
4768
4427
9506
20038
10317
20370
22690
9222
9360
30589
19210
19866
26548
10170
8603
5968
6294
2112
20161
10995
30380
25664
5179
6488
3398
8280
28796
8756
11284
24843
31569
11824
18665
30062
30149
12096
11966
23075
4418
23344
7674
26763
12792
29824
16881
1592
12418
5489
8106
26785
24263
12640
25061
16666
21535
16467
9820
25859
17592
18642
12362
17983
26679
15352
9258
20456
13218
22473
12481
31552
27261
966
18782
12523
19251
23487
21857
19036
23224
23785
30970
18318
4973
26928
23347
3316
31556
5326
3377
15794
25892
29213
30390
1549
24975
20393
27627
27168
8834
7306
20573
27857
22172
26353
27461
8964
16259
10496
20748
1807
1924
22495
1550
8301
6777
26892
16031
21430
1520
16882
24651
28366
9353
17854
10338
17757
6304
30062
7093
29056
23084
22058
9114
3263
23527
4568
31798
30014
2992
1515
22523
29495
12845
13435
23663
21159
30132
19355
23599
17736
1132
14055
29236
8384
10671
28508
25174
19736
21171
32109
25358
30575
18026
24914
13440
23792
5286
21924
10425
16897
129
8231
309
27069
27132
25831
17828
8613
31462
12166
30701
13714
6912
9940
18804
24559
28510
7840
13721
2596
26896
31694
9601
29013
9986
7850
280
845
12065
18300
20822
1973
17087
10589
22466
27018
21049
8008
16181
13518
21463
14196
18913
7293
499
2273
8337
7362
17502
1841
10034
3435
18687
18618
31379
14491
4029
29401
31593
18878
28064
16521
2710
10434
19250
22324
23211
5509
8748
24009
31403
6025
32334
2574
32274
5615
1423
6200
26133
11171
19318
24761
12332
3028
29640
89
11726
2727
26723
18056
2427
7724
9834
24050
7424
27537
26274
25429
31991
13461
9500
24207
23949
14656
19477
20988
13448
25041
1562
21502
15496
17657
31600
26333
15756
24134
32434
722
16057
2274
27836
1630
1367
4733
17352
224
1309
31368
13783
2919
9646
12708
14931
9157
355
27994
25330
15845
331
25612
30685
32606
31344
1323
7954
22855
12380
427
4870
29774
24796
14516
11407
8964
15620
23707
17410
20091
29555
25616
11672
4371
12249
7065
21783
29585
13238
27455
15534
113
27748
9350
25376
8574
10839
27811
21797
31647
23972
5866
28173
15604
31680
902
2982
4385
29322
22124
14688
12266
19596
6802
5807
14849
27262
9563
31921
22555
30220
20054
10001
20553
29146
20265
25643
1414
2756
24520
4208
5516
3690
25323
24844
2285
10988
14014
16839
18782
23538
32218
18985
21078
10480
29812
3554
20440
6312
9684
19561
8076
32240
5641
17378
26645
437
13276
11077
15007
3648
9986
6077
29367
32696
20118
20814
18528
15848
966
23227
18531
9027
29900
12455
9958
21797
11296
1018
8256
29020
6123
29574
23564
13543
9663
2283
1660
32765
18054
31927
5105
23378
28345
1490
25288
25237
26323
14362
12150
14397
4
13898
3799
26245
297
15136
25283
20917
24572
15807
31971
8100
6792
13650
25538
14459
17633
16370
28199
17595
7953
12490
10403
19586
18261
18808
14694
23562
23690
8887
13910
20850
9442
2107
8547
14273
3291
19421
32532
21288
4722
21496
15206
17031
28819
26899
20695
23091
7893
1728
26046
7159
31076
13251
21469
28760
9534
9591
20025
1309
1187
12910
6442
29967
20422
22616
2222
7422
9673
22822
14594
16900
10728
13167
13684
27918
245
31250
371
8087
17156
20253
14312
17847
13671
1517
13513
2397
24797
12439
31978
27352
22534
7303
22551
17053
16922
615
20833
4164
32219
27971
4533
15059
28872
7402
18611
9791
22164
26519
6076
16944
9430
24272
13133
30213
22274
15247
11916
3608
13976
21920
9505
3651
29595
10826
14151
3491
8517
13873
3107
32667
27385
9851
20052
3612
5497
9522
22219
26916
8281
17641
31197
12165
7092
20387
10902
21736
1565
31984
26705
10513
18136
21337
10885
25701
6219
14590
16098
23977
30383
30590
19869
19724
26379
14103
30728
16488
10851
13583
17765
9413
12588
14674
20988
2335
25348
3932
29803
32361
3744
1625
19774
14545
5638
15499
29887
22086
11004
14829
15119
28215
12224
7702
11894
20126
4089
25951
23544
2622
9710
2376
32297
15400
32758
24
3650
9348
6703
24516
27507
654
24691
10258
3195
20447
3208
30718
28535
16622
13463
12893
15351
11990
7648
21952
19287
20058
10155
2971
2893
22566
25218
12967
28350
1623
10141
26756
24790
2878
17566
22179
28247
25953
3967
18019
6449
13507
30408
16506
2644
30054
25093
15255
5570
17165
30327
7750
17640
2630
5130
6163
23342
19112
7815
5618
2253
20058
26379
21982
16352
31445
18872
24001
24511
7914
21418
22932
10888
25094
1324
9415
14590
14517
1068
739
24727
613
21229
19310
16336
13421
24316
3343
25796
13901
31845
27634
16893
21303
8486
16238
25994
25807
29924
13029
9809
6960
2269
28140
15271
1583
19486
1964
29470
17379
4086
18824
30878
30821
12458
1281
25784
29396
13930
214
1334
9116
644
16751
5111
18424
23768
12411
20474
28342
30092
26585
11448
14907
12033
9140
2999
966
17413
8179
13404
17401
7754
25808
32257
25749
28950
18118
24647
24453
27709
7601
23981
20254
6989
30513
31842
21413
17672
18511
16728
29201
24343
25187
24986
20499
27132
12085
7647
29012
18761
30818
31839
23038
27663
15873
21733
14973
22938
24711
25382
2183
30299
8680
21329
10585
5414
16895
31975
4420
10398
14896
16333
31849
10477
23628
14240
9409
440
22708
14664
6496
7249
28610
20176
6906
23087
21092
9588
8614
5020
30218
8700
28642
28334
24515
3913
22231
8824
10914
6958
4063
31361
19815
5505
20293
11894
25435
9585
29772
25115
31868
26905
31346
24967
14554
13142
4085
28049
13121
23510
30103
11398
32536
21874
2974
4893
15753
32446
12320
22956
3555
24798
21117
20891
23868
20635
24621
12057
22874
9654
28348
6927
2772
31867
18194
8530
23156
13722
13816
20253
1504
10291
17880
5566
18297
14896
17860
17807
13700
21207
16826
13608
7304
23455
20519
26835
22774
17219
22697
20033
29711
14102
14361
24699
2051
1686
26057
18458
12118
25923
32266
19387
904
32434
22002
9390
28405
4317
31836
3054
22010
189
19503
4950
23385
7451
29668
7953
17375
931
5698
4947
15684
23610
26732
2630
3154
24209
28958
9800
26185
22010
19764
21587
31107
6011
7532
4796
26964
7713
364
4129
16692
16791
17415
13981
8992
15095
7356
30525
13629
27616
10879
27064
4799
7113
3005
5210
17417
8085
14234
28738
533
8039
31869
32205
18711
28343
18382
32082
32349
10918
6910
8208
11642
4750
20936
17764
8355
20190
7607
6208
22617
6693
23273
8408
9801
108
8722
7838
28528
10441
15299
15985
22914
23857
22765
273
26509
17550
13473
26071
18905
785
793
11683
25876
13514
20988
18965
21675
30326
15838
19712
27771
28824
8454
27675
32169
6347
8053
27898
25294
7510
13348
3389
5976
12033
9100
15112
24109
7463
30571
12723
15249
30733
26566
20162
17993
11634
21802
13079
5120
21351
14392
1126
17643
5473
10849
25322
29353
30605
27629
26454
1645
25699
2882
15631
14942
14462
4451
11416
19006
16555
22455
10829
5962
24128
27404
15701
17250
17839
8155
21202
1898
2906
15309
20826
18672
29353
22655
171
13071
13146
25474
6554
22163
10521
24487
4685
5469
8529
19321
31402
23818
15169
20746
32015
29903
3666
8947
22340
25255
2728
10902
24494
11185
18423
27558
27333
29651
13976
16618
9416
16548
26332
22077
13231
25481
23200
986
13665
20254
5409
28374
28199
23511
23826
4846
15200
16359
25836
6531
7799
15968
19846
8675
29715
20892
14053
24266
11149
21725
21333
11561
4775
28976
12472
2085
2427
20887
11295
32355
12977
25190
17303
3203
29685
8174
14918
234
23208
14425
17078
19653
14550
1237
9072
26186
3689
7669
2509
8257
4764
3923
32521
6852
29106
28283
13209
12611
4839
22788
5310
2507
31399
7680
24667
10631
7422
5783
11012
12935
13392
29166
3159
11968
28746
30798
25999
3156
4376
2434
30294
12052
17112
23168
13275
15171
19791
13900
5669
32157
27611
17946
20391
5272
25001
9395
8980
16106
7720
16665
19316
29515
1470
21614
10872
9596
12985
28434
12554
23688
17032
24844
13865
32330
811
427
12276
29743
5352
6764
772
3390
21568
31007
23551
16725
8225
27974
18282
14773
20573
13502
31679
17088
28763
7073
2496
2818
4621
21354
26378
21359
19745
17754
1773
29931
15996
25627
30075
24336
7140
16548
10463
29739
12284
26204
31985
26247
21110
17026
3335
31471
12420
6860
24589
21614
31119
22350
6872
11609
17452
9118
11447
8591
16204
11062
10827
28160
946
29977
19097
18796
6571
8890
14942
14957
1785
5657
14754
3768
30992
17199
14224
22432
24453
12428
24709
4060
2755
27455
21095
20105
8960
29174
27448
11123
2927
23398
26091
14480
1463
15341
14710
13517
10661
3702
28200
23565
1309
9374
23869
30831
30807
25109
3760
6352
8776
18246
10576
4242
29021
3898
10518
9371
11375
25785
20406
2464
2036
29363
884
6051
7026
21471
4153
22202
19258
9634
32486
18707
31314
16946
30440
5685
6323
26107
24077
31624
25012
17474
10901
9752
24263
20232
7053
22934
611
13873
19288
2208
28481
25061
20623
16961
16331
27703
24843
6332
25042
24068
11071
25989
23167
13086
22987
3729
1676
27050
30031
12495
10931
8391
6269
21495
26727
2673
10867
2946
27331
13476
4935
10489
24512
28100
7907
25459
4522
18492
531
6234
13525
358
13788
2413
15756
20395
7440
15371
21066
23531
10271
23982
11821
27166
27440
20918
1959
30012
23152
19560
20343
16987
8362
7990
23511
12055
17433
6720
21495
16183
3450
10012
28587
11662
25956
210
24416
1054
7132
11563
28757
32644
20005
6956
16648
16784
24277
2781
6638
5939
13358
8783
15974
21918
12458
21468
18928
4776
6616
31153
28058
15472
24935
19082
8636
21572
1152
3005
8165
20674
30042
9338
14613
27453
17160
30289
23597
23651
29589
7924
24739
19484
17490
1855
27002
30901
17519
25461
29810
22845
32201
2253
27004
16175
8195
15405
15984
15186
25048
24117
770
18910
3247
6271
26867
2528
26224
28709
7300
991
28055
24964
304
17344
7047
26944
9882
18919
8480
7817
2501
6047
20883
17052
30339
23228
12149
27020
7472
31871
20499
8258
12447
6073
2310
13250
8277
6707
7175
32177
17141
5454
21764
23060
1276
487
20083
10843
28590
31613
20454
2462
7249
13974
31455
5670
26520
13918
14822
29743
31074
1426
9690
28140
29861
30364
21893
21708
25508
12032
19314
2044
13417
502
30211
17453
22895
24152
30142
8343
25247
21439
7656
23870
8829
29418
25429
26228
13220
3423
11646
12703
29296
6228
15828
22332
16122
14031
8532
3620
6985
12045
24668
27662
31174
20257
24765
3926
20465
1245
11793
5629
16723
11509
7247
1520
30387
23906
30876
2701
30093
12037
15460
11107
3008
19085
30378
24633
9095
15514
24476
9810
5034
21794
19051
31472
16374
5653
26969
24343
7658
30012
6164
18579
29107
30055
8258
9277
22363
23239
11357
19833
27709
32409
23745
7939
11452
1540
13059
236
23092
69
18309
6111
32049
12297
32071
31145
22495
1050
10240
2808
23746
830
22638
27235
32167
12125
17130
3243
26331
9185
29759
28225
31386
29538
18620
32264
8394
2179
22920
9563
16106
3607
21558
4434
27717
8841
28825
8513
13931
23162
30938
7810
2529
22187
6087
8565
4888
28958
24942
18372
11164
17784
18923
8172
10126
6314
32382
28153
5972
25552
21729
11664
20879
1625
17624
30003
22861
25449
8201
7873
29825
28283
31758
22844
1712
27467
713
1999
1004
25843
7415
4624
4102
8276
11016
2434
7680
3511
16431
18526
9153
32180
5045
28051
13836
7508
7314
23051
8371
32114
2878
4912
20232
10599
5573
11951
6293
4326
18970
11131
17933
18724
23213
23574
25218
26940
6463
17932
11479
1491
5109
6848
15737
4087
2220
11626
13386
6989
8845
2657
734
20332
13793
5014
9962
2180
28198
18017
26873
27459
8802
3713
29537
28665
17335
19038
21878
10490
6712
25744
18173
18500
17403
9893
16356
10337
10863
10527
14384
23695
25072
1213
9270
3103
10137
10492
270
7451
29018
31708
1349
29227
17482
9959
18898
16313
17726
13680
32587
15444
14234
26649
857
12370
24167
24984
27242
10426
29606
4282
20901
20833
10724
31655
3363
14930
27663
20585
1628
3187
20360
24232
24287
29030
27769
24247
11079
12974
4201
10709
23146
21523
32526
18348
7379
11591
13666
29982
24691
18121
25337
2113
13459
32266
3473
21928
10765
13519
4843
31461
956
4054
31961
12875
19249
2236
23449
5113
7591
22302
6753
26644
17721
29951
571
28243
29267
17001
24339
16065
10599
3159
31502
10174
14561
31443
25630
11591
19292
10844
12244
3448
27158
29834
12661
28239
929
11253
22095
6323
19164
20306
7245
25781
546
30687
22218
15125
1729
1794
13731
20488
12462
22316
17040
31544
23159
29700
18612
20749
9592
7618
23154
24875
20050
7128
27011
15932
9625
8920
9541
13039
205
20882
4950
18496
14220
2428
5730
251
261
9816
22329
28283
17840
22800
17445
696
14653
10725
6778
17281
20682
26056
11886
17157
26968
31496
25899
408
12928
2350
5411
7348
12642
10278
16548
28478
28639
10911
24236
1803
11272
24499
9726
5027
7125
6091
3701
12869
6427
28861
31897
15147
18872
11576
19312
29710
6160
7010
10391
19437
4030
20159
30352
1035
29315
12629
10590
27191
6530
12302
20815
2127
30384
1629
18458
27911
19078
27940
13353
29159
25081
12502
22072
8851
28843
29401
21791
10575
23395
6702
31724
25794
1723
14163
7733
2810
32280
24424
5805
32177
1759
17042
5108
13263
29670
413
10164
23600
19753
1765
19433
7590
8127
26230
21120
6210
2572
2418
29476
3023
22583
10419
27477
18336
17630
23218
25786
18316
12809
14503
5560
8758
28253
24306
20547
11410
23187
19642
29428
30372
808
26324
28764
1419
597
8678
24729
28351
15937
6092
20774
14487
22390
3130
18168
9230
23441
9379
9926
17350
4158
22362
30632
1101
27236
22008
13283
2464
1437
30461
7171
1517
12265
25274
16427
28061
23971
1902
13226
11410
6580
6319
7886
16557
17926
7691
8957
23956
16444
21744
17665
32178
16032
27081
20900
1151
31068
19562
28797
22017
29678
9134
22793
1939
31446
9310
24062
3557
10641
20309
17115
3140
3275
23266
4036
10523
13521
19310
22413
3002
19525
32607
9237
26455
1813
12860
31957
14162
32173
15121
15288
4286
18540
2581
9261
11548
28501
10634
28795
4713
520
17893
18774
31836
27632
303
23471
27369
22717
5547
208
31241
15637
3001
11431
26301
22406
1786
5730
25936
15808
28341
20285
11485
18945
30073
15256
23570
31952
17412
8781
6963
9966
19300
17984
8034
28554
604
15928
29469
2740
4617
32493
10248
13332
13765
19298
21997
16860
21068
32628
2817
25595
2078
26803
4457
25492
17700
8562
11772
30382
6549
8730
15435
31789
21531
31940
19422
13313
10546
30470
8897
18333
27089
30220
18752
13994
3405
28907
750
31741
4730
23859
22764
32455
31763
18883
6503
9228
27740
7138
28771
5207
9221
8843
32183
2475
26706
29703
3161
14780
5241
18882
20188
12383
23116
20055
17719
11840
30231
4589
12232
24531
22988
6342
13209
141
4957
14357
5089
15955
29290
13584
9422
28979
12572
23111
23425
31570
9297
30516
8027
25893
14073
32275
16503
2532
13503
13300
14199
26684
10221
9998
4740
27461
20105
24406
13200
16307
27332
32080
17374
2384
29334
15141
197
3242
25250
1015
17841
8456
14431
5489
30570
32419
22393
24482
13465
15635
24181
5899
28552
5640
11925
11510
21801
16442
11003
8714
9562
30371
29456
26397
24679
32747
7207
16457
28112
18980
11870
24130
8269
28343
26821
8678
15120
12958
4291
15894
23626
22228
20661
11205
28912
19722
27095
9294
5567
9372
15720
5643
2430
17347
28937
18211
5251
16652
12903
6819
2424
28937
24089
11217
17247
31814
3532
13245
17620
4478
20893
27928
23698
2063
6342
27209
29497
1708
3453
4542
26191
594
26649
13440
5252
10621
32119
29451
32570
3995
3228
25692
9540
11457
3995
13131
31470
1437
5049
9755
9022
4012
23760
17488
20090
9644
22513
3776
25066
8277
8525
32237
19679
26436
8534
14994
12021
3640
1313
17532
13204
21120
5647
31643
18109
3252
13484
16217
1795
27300
31447
6186
6359
1422
18724
8037
16137
10388
17278
6482
23692
23404
273
30084
17274
1370
29543
10601
30039
15451
18640
6431
14490
5283
19976
649
10089
1098
4884
7843
7077
12099
22381
27922
7206
12173
352
24064
12104
11693
9397
20006
13990
23899
23695
2346
14373
12924
31891
17964
14389
25168
23884
21148
2387
1261
18382
24398
13522
27372
17562
9168
24796
31586
20930
19451
22452
11794
17486
25544
5181
30176
22749
13669
30656
12169
14224
19848
3306
26770
28451
6660
31764
4734
11101
22170
5320
30276
10923
15377
4224
31744
14088
9608
29360
6889
9759
8204
10759
1411
9396
6246
22258
26134
20800
6966
23395
16222
27099
23366
6096
17796
4447
29208
31102
17229
28619
3777
15871
24466
12773
1786
4090
22256
11300
32373
24874
32192
9420
6253
9641
7753
2395
26497
21615
1845
4900
4034
20757
24130
7994
20235
8927
2874
15759
24465
7418
20261
15197
26810
23554
23485
11461
29235
15560
32546
14775
3389
12369
14287
12817
10311
4386
17613
11531
16578
23994
1574
14290
26417
31841
16797
22387
18815
27680
8092
25083
14230
1809
29806
29404
22061
14809
10670
32403
29665
21618
23552
18824
13448
22574
255
17974
1730
26360
10614
7819
6096
14301
13266
27794
14762
13516
727
26191
28491
9626
3219
235
4944
3145
21904
20241
19649
5770
11342
7831
17967
18560
14576
6497
23295
17607
13622
28034
12037
21941
24747
16549
25685
7136
1312
29356
25429
1504
8024
29590
26903
30038
5
12454
20454
13613
30963
23745
17951
9503
27268
6169
26435
15995
17756
15112
27465
22054
21597
18494
24633
16352
25302
18975
8694
14025
4855
8039
1115
12068
30857
31504
25482
30042
19420
7029
3713
15938
18688
31927
16367
3231
3895
2656
6469
4075
5291
5190
21519
24659
605
2739
7557
15362
3166
17858
20573
10658
6721
23564
228
9248
21456
19588
3917
13232
26110
32672
13385
6162
5149
25530
15320
26643
26961
10421
25182
19030
7749
24291
2041
11092
1820
32038
11794
5282
7595
4694
29490
2419
31717
9699
279
3165
23190
3004
8456
12896
26709
12143
27237
26404
3251
6801
16258
18050
27577
14944
3253
12102
15762
10407
32174
29491
20100
31714
7431
18504
15141
25251
4636
24386
15563
3636
28957
17250
6724
12414
20834
26480
4295
4393
7678
1024
18731
32261
21654
10996
11607
6825
9844
13378
12794
21338
12247
26616
26748
30510
14733
2429
27956
15728
14532
10265
1499
14919
286
22711
1088
1683
23811
15594
16702
7960
59
31535
17387
16094
2236
3186
26899
14551
448
723
7909
5315
7451
11689
2283
29521
5836
16071
8256
32135
30418
21759
9213
25443
9537
4069
28148
11715
1172
4309
32673
26498
1605
3384
23389
25060
28059
22018
32213
6196
13508
30847
3003
30379
18467
23632
1979
2196
3051
689
9393
20910
24557
19197
2073
22226
5550
24691
4294
6613
3261
13626
30168
3248
26947
11939
20968
16350
6364
26287
28293
20486
6565
9937
25572
22234
14231
32756
24787
25407
13331
9152
12015
15534
3005
25369
18199
30170
20110
30185
2592
4755
15909
28704
29130
17642
9822
2041
19955
1430
9254
4478
25099
2966
20110
21326
30408
26392
30238
6302
13339
17306
28267
9342
22370
5455
5611
27229
6623
13764
4105
12240
23401
13251
25973
31631
25953
23160
32446
30144
23016
13266
11554
7545
9039
2604
13733
30592
30671
11565
4704
6741
17787
32236
24092
15218
6770
1624
7711
8657
23897
8152
24134
8623
27145
27950
21332
1424
26244
11169
30602
2179
25646
8027
21880
17831
8506
7952
29970
16622
32354
736
7942
27937
31963
31359
27213
21284
22664
3731
18432
15996
4718
20829
366
4878
32616
668
23659
12329
12059
10926
23019
1223
16173
28921
17103
14608
28338
12681
30462
4384
1511
5626
12984
27914
26147
13721
15911
2589
22026
198
15159
26982
24068
31645
1448
32629
18670
3029
22882
4452
7439
24039
13064
25366
8525
9587
7887
6845
17056
15584
27025
32159
28104
26692
26653
27161
12603
16259
18642
13028
15202
954
9068
16279
2308
25566
15133
5741
22531
29856
9952
13129
12870
24468
21514
20471
9462
3475
5921
437
30701
20574
16114
20466
31083
20355
24030
10325
12811
15493
15733
21505
5366
4663
12358
21016
87
25449
13812
15229
8719
31942
9613
5087
5289
24061
21016
11251
18576
19999
23917
30976
3455
3912
11594
1441
20538
30082
13986
24519
24700
25830
4920
10237
21296
31493
5485
9712
21731
26502
20054
1582
122
14352
14866
9518
3616
7018
1627
2961
28291
24544
10074
32679
9792
12521
11968
20533
32155
22536
6418
15477
22644
1264
1348
7519
19063
24811
2698
13351
15250
29052
8299
16903
12460
3651
19735
19774
3220
28194
3578
14169
23863
3998
11921
2225
2327
136
381
5429
28920
18652
12246
24169
23004
31977
4801
22191
13106
15026
19269
27078
3403
5781
3162
28304
21517
15146
19267
26136
8683
16494
18974
11219
16149
32289
12474
31526
8427
23916
10152
28201
32184
28103
10645
22955
18589
16666
32471
10870
10699
21282
5957
10195
18165
23
13900
16209
28678
20108
9535
15811
1039
4246
24559
6536
8835
8240
28540
12815
31910
15070
26474
10393
23363
16529
14583
13889
11421
22987
20652
9018
11945
18691
12851
17241
2426
27467
1640
7123
28157
11312
20402
5703
3302
28898
14484
25855
31210
16021
12415
31859
20271
8230
19179
17934
9473
3842
5286
28725
12742
25412
21355
32646
9780
3869
25526
1373
6593
10617
10455
8093
7003
3039
17221
9645
14938
1945
310
9920
7091
30230
15724
7514
28526
10380
8274
31760
23130
31457
30535
30607
10239
3532
5690
12767
22740
27704
30583
10985
24754
8169
3520
6711
10633
31073
31904
5628
11858
3845
11004
11092
16964
14204
25579
19404
22603
856
31176
13349
24246
31224
8069
12373
815
7596
27713
24783
29425
31515
15645
25860
27445
18402
26956
3882
11757
21630
31850
1340
11957
21868
27407
29506
3079
18318
30115
13010
10414
29649
11636
3031
31101
22029
20485
29329
23360
27437
27818
26333
1267
10895
2129
22711
27186
11950
13219
13821
8689
20734
18252
1397
9581
15639
14998
13074
31586
16150
18493
29043
9087
20800
21887
21677
22039
11497
20338
2634
27673
25237
29338
21138
834
15708
12475
7945
12945
30099
10476
31288
25340
30376
26093
7344
8289
15438
22202
21325
30399
2778
13664
6840
12198
1773
20496
5167
1004
28756
26738
14217
5538
1068
7483
26228
17990
19018
4610
17666
15674
20954
18768
31588
12917
8517
25846
17653
20857
23897
16547
28794
18565
27556
6837
13735
22539
5152
16208
998
30308
26134
27053
11861
23491
25660
20405
6413
2664
15392
3023
19370
10006
3274
22774
3336
13766
157
21774
27722
3741
15999
15736
23329
7964
30266
23012
15691
19351
3105
2406
4441
1256
10230
9677
5814
26212
11019
12592
5349
28686
20904
457
10250
12555
941
24582
13996
30294
6264
19166
29881
20917
4617
22114
6090
3308
4964
22676
8361
23856
5687
22651
24081
27358
9149
29559
3252
365
5346
11475
14466
31650
7592
23449
17193
16386
10185
10922
13272
24973
16542
24333
13385
14505
7743
22664
24318
2141
32748
109
17099
959
28076
6839
16276
18352
6963
11605
8280
7366
29193
29126
5742
5514
1769
1254
31247
23780
32360
18696
29717
18643
9431
11844
29954
1377
15721
21779
7492
27607
19609
16153
31416
23085
25030
577
16236
7876
9248
12815
21929
19544
9928
29490
30001
2608
18483
27993
7621
13463
8400
3912
6890
24976
17642
22827
29933
7622
24015
8490
29477
30146
24114
1597
4984
8032
21966
1346
6944
22404
10316
25677
9391
18441
11111
26687
20305
2554
28750
2202
29522
6149
15433
5523
32736
17708
29856
1129
26129
3006
441
22006
13608
18566
28032
19332
19476
13890
16651
24033
17465
15703
25983
10934
31091
27586
3117
19476
21336
10578
25089
20048
13246
31764
4637
14353
11902
28943
23489
22695
28279
32050
16238
20638
27605
27275
1867
2195
22419
9658
11975
2631
24638
32676
28032
28658
13308
14188
26980
24026
25550
24735
21525
14883
3090
31150
30610
5865
26188
18082
30229
652
10277
17419
16695
12875
21428
17977
3162
15125
23805
6319
15944
19611
18615
12757
9752
8874
10323
20205
30546
8376
5945
3144
20819
19389
7509
19898
22002
5700
6866
2891
4963
12993
8485
22063
17756
24613
23886
10745
12663
25776
30554
24075
8920
11014
2861
19281
18703
13702
7806
31279
32319
23511
14371
27831
14464
1731
31887
22816
10883
24137
29593
26739
22389
7661
23423
19848
7717
851
11562
18481
32616
2828
13747
26805
9149
28592
26919
10112
25645
7981
21127
9496
23157
6750
17683
9811
15463
29408
13000
8392
1678
23329
19496
27523
14865
31929
19769
26621
12761
2302
7120
14155
21238
14290
6927
20373
7231
10432
22573
1482
22841
23112
29813
24466
31803
11126
28818
16772
25551
7098
15625
19866
3930
15603
13319
1505
1792
3021
24669
1909
31426
8781
13769
29101
23785
30890
7799
19859
31656
10335
455
2455
24061
25982
10321
23940
26584
8775
8487
10930
2431
4345
3161
11390
32305
30696
28351
3319
24073
3024
29426
12762
1830
17513
15260
21953
8713
24379
10994
16791
17726
1204
17278
14927
31807
17272
1570
30421
13717
22008
29018
12869
23616
26182
1473
11868
8281
17448
29655
14892
13046
16747
22273
4371
31054
10361
8657
9709
31518
302
8072
11913
4171
6120
11993
858
4552
31453
6640
10095
4538
25010
12211
3237
24282
13129
584
26652
22299
7642
28375
10983
19854
30021
21137
29448
1922
19366
4337
2203
5359
30762
20289
15185
2069
34
2401
13344
20576
5718
25540
3897
15503
9372
24251
21051
26645
5033
20214
4774
6079
17702
16199
24722
18840
29703
8106
18849
31754
28440
25987
2098
28741
25048
294
13015
27621
8075
19612
10
15822
9355
22437
29211
2651
16863
13561
32621
8889
9998
11475
2786
27533
15925
30896
16532
5853
3672
27732
10950
13613
6134
12303
4890
25064
24544
28734
1028
3842
7243
9748
32382
13276
14371
23963
14333
25448
8354
7413
29860
3469
4386
20712
20920
28621
20783
25242
5205
31013
6369
23192
20575
9524
3944
13597
31674
4768
6121
19346
16830
22710
24713
30545
10981
24656
26567
20910
27847
17404
27662
13624
30281
31578
31114
25660
3089
21958
2620
30859
2365
2103
27721
125
6228
21095
25240
27958
30844
32565
13211
13864
8942
17479
6765
21977
25768
17651
19998
999
16481
15456
4939
20553
11458
4840
3057
983
723
25281
14722
27149
12468
12253
25913
26636
1165
22286
25259
1249
9159
30830
24736
18186
637
24830
15392
2870
28461
14221
2513
14413
1716
28892
18816
29872
9337
20223
30717
16578
8936
28678
29484
6823
34
12253
25689
3916
15090
24945
9420
23719
31748
8980
20637
2368
24401
21027
31690
5360
29150
25062
15751
9960
14246
6583
1493
23798
19924
32359
29014
8196
32054
27357
3936
8674
20719
7168
20048
26693
1388
13272
545
2319
25497
30703
14653
31696
23636
20222
21394
9357
30754
16837
4073
31681
28448
827
883
30626
32061
17383
12197
6821
18087
21646
10822
19268
24707
23566
3015
22783
20961
9354
6098
21153
8431
17351
21541
4548
16492
8918
417
8087
29024
10484
11166
22239
27915
3502
16770
26428
27419
5705
28306
7598
22562
16992
9224
5719
20550
11215
2405
15235
12859
7632
18184
13797
24174
10084
24320
12835
30339
11509
2079
8086
12546
15673
16207
19531
5453
11609
809
589
13270
16467
28100
2598
11918
23965
8395
13987
9633
6923
14291
24024
23648
7666
13547
25444
10878
6030
7028
14326
3456
24737
11571
29200
28271
30813
32164
25611
28624
27268
20369
21340
22486
24782
28900
13589
27349
25483
2234
5039
18938
3465
3000
518
10810
14136
19106
16293
30600
23820
20265
29252
14411
17699
31493
6287
17679
10280
7492
6697
10362
24951
29154
6385
15234
27265
16281
26500
20958
9586
2042
18691
2746
15122
32189
24086
6575
4073
13654
25392
7154
5287
17353
9237
19916
30147
16318
18586
13386
28257
22744
24236
3893
17017
31043
17812
10052
9270
9612
24185
19601
2204
3766
9767
6474
12142
2698
7183
19625
25167
26158
6798
21030
12071
18169
1138
18667
8648
3462
27578
8072
16594
28423
5533
6120
20947
14556
32718
18307
10419
29285
19199
26582
1616
20756
11940
2832
19045
12998
23033
2319
31920
4691
26182
14474
29012
10851
15969
18576
3196
14980
8053
20017
26945
8826
5891
23163
26574
18390
8742
11432
26305
31179
21019
21653
11221
18236
6656
22902
16318
31513
10716
14537
16725
13036
31456
20872
29685
17327
28909
4003
3365
24801
13654
27565
1399
14809
12006
4821
28848
345
15141
19225
8488
4966
3287
26550
6772
11607
21446
25059
5955
27693
4545
27070
9862
1314
16613
903
9172
27781
12059
1292
3852
24260
13026
1892
1852
32715
7503
8416
27841
1164
3409
31551
28336
6879
2106
6689
1909
909
31611
26047
11450
4775
2991
19928
13963
2589
21724
6383
16823
651
32757
13235
4473
22102
20899
5311
13399
17144
5700
2179
28747
13464
3893
31106
14881
28638
17740
2239
15392
3589
25769
2673
12268
32562
1455
15102
4011
1796
1869
16423
25191
26476
24194
19072
10163
11711
32544
27428
9874
22025
16848
29094
9108
14501
27478
26187
16962
30218
14614
29814
5564
21736
5847
22883
9377
18036
25032
11032
25647
1279
23744
2969
28332
206
14794
7260
30980
3878
23777
17916
19379
4006
15352
10289
17125
31706
62
17920
6620
5388
19615
16943
1427
9309
19854
16380
25249
277
30210
15375
31327
20792
3518
29100
9037
14426
29910
8237
16562
26803
16495
17584
25987
19062
5318
7181
7814
11615
24692
267
10167
14475
23792
31443
4331
3213
30805
4004
5555
19390
3173
12233
11395
31956
1742
19656
4372
31671
26285
28893
19974
27792
13137
27302
2506
25890
20545
24864
6847
16477
21120
25554
9883
20528
15119
19272
20749
24992
15028
32195
15777
18199
25338
27695
26851
23806
26745
23381
7367
15501
23127
19794
1096
4322
29455
8008
8784
16977
26225
12115
12248
27644
20715
7871
9552
20387
11270
1144
29505
15293
27699
9153
11825
6087
11208
31529
12743
2780
1862
16315
32559
28806
3805
6262
23232
4052
28978
11773
27868
18604
17247
25231
27160
11107
2619
17976
1693
11915
26845
6985
14543
30476
6235
32519
3884
26231
3287
2720
7542
25494
27581
99
17684
4424
14150
22831
23734
26507
21313
17964
31544
25307
18194
31418
27081
15803
24827
21159
332
26769
7834
10405
30462
13238
32435
28923
23641
24526
8240
27770
22073
2133
21094
1971
20286
7291
31386
14951
10609
23090
29380
31551
13098
32645
17810
7101
25393
9771
27568
8307
8227
32092
28231
26995
5911
21987
4804
16134
25986
13429
29658
5793
6744
24129
11210
9236
21108
5064
29666
2821
29754
28143
23875
17565
20091
4434
1768
3457
7832
11228
29924
28676
16875
28821
27883
16027
5730
1466
31764
4753
20077
6419
2525
8955
15387
3713
7280
2031
22400
31959
12837
15857
1113
27882
21575
32174
23283
3820
18203
15341
30792
23029
31518
26050
6507
18915
9103
11524
1575
12132
5677
30978
3811
18001
22594
20338
8649
1598
31968
18858
15144
24911
14443
27155
13590
25933
19799
26074
14937
29432
13875
14056
24712
32671
12519
2581
11629
5359
3898
23960
2990
777
28823
25538
29356
30935
18704
32237
17836
30367
22947
25519
11829
20184
32188
19027
30136
10557
29180
8329
8823
15393
30777
12892
23455
12290
31942
18789
22711
24928
8436
7486
24638
29903
20184
10298
6544
29004
14927
13395
13834
21709
29504
13412
13678
22300
27937
15769
18825
20196
8125
13603
7443
27916
9524
1584
470
16965
31043
29722
18963
17119
15813
23774
20769
15585
10362
32721
30551
29784
32264
7310
5420
23023
15935
32307
10653
4032
26017
18125
18383
12394
26658
3856
2038
3172
18732
11852
32629
20881
29926
16028
1095
20756
16054
12641
16285
22373
10501
2030
21448
19108
23106
1157
6490
814
25385
26499
14216
4719
14917
3287
7123
27639
4275
32184
5352
9423
25642
19096
5316
15629
29240
16723
24091
10150
28878
21421
8443
1156
12287
16891
19117
16600
2309
24096
3292
4530
16005
31419
24568
31951
12820
23199
1245
25521
4857
13444
18864
17653
27188
7932
5642
10210
10176
30888
601
26174
5398
8363
32387
18533
20722
4959
19404
10140
14425
16199
19961
2722
24795
9797
30645
28808
2070
7949
22069
15811
7291
19162
24
32640
17237
4960
27537
31031
6
17665
28615
12419
24724
6467
30076
27441
21349
17794
6893
21398
2631
25058
20218
14118
3764
15496
10119
4931
27475
27914
30498
25683
3777
15395
26086
27413
19346
13228
4511
23605
6547
27335
31023
11806
31826
25182
14128
30991
13025
1484
20442
7537
5334
9177
5671
9320
16534
29676
27702
3752
32468
31612
25325
1418
32596
26568
31971
8798
21237
12232
6269
16387
18158
4707
17751
2742
1368
17634
2277
16936
7917
26021
22106
25043
25103
1812
15816
9101
8972
26329
5769
4190
22944
9549
10463
5007
14267
4399
6871
17411
7557
23452
9331
22475
3743
18491
20231
30196
3244
11705
17380
23203
31505
23157
28212
357
28664
12668
29733
18880
5787
5047
19274
18958
1727
26979
27710
17547
13694
24514
27018
29356
25418
12048
28104
6834
11055
31929
25865
9088
5976
11721
21877
6825
24277
15780
11057
24782
12444
27895
31622
28711
12237
23790
831
29023
1338
27304
25682
4773
10790
24296
26307
21760
20557
17933
16582
17378
2853
1092
10788
19201
7780
31228
16095
7778
5570
19610
29977
26806
2560
10094
10802
13290
14121
2278
2865
16378
18456
28674
23653
15366
31546
32264
25676
5543
1173
24697
32179
21123
20745
5955
5407
10271
3798
27448
5484
17909
8031
10431
1972
1479
22062
29386
27250
30258
10551
16904
999
29574
13921
25691
13245
17109
16962
4236
2027
25418
5162
25150
6360
2492
21348
21024
28867
31363
18872
32359
610
13707
12084
22396
29385
10407
25389
1265
14990
23591
13952
5818
25131
19884
11037
22170
23971
27963
19655
19931
19305
28817
1813
21314
6781
28854
7357
13634
23512
1493
9233
21616
17162
21835
11466
16951
6690
17918
29445
14285
11470
20208
17291
31077
28355
5140
30037
31143
24927
17760
7248
20829
31885
29731
22877
24431
7914
21145
27548
9489
18726
4540
26346
12859
10412
20830
13224
13913
13701
22133
15295
2373
26489
31670
26848
16498
18040
4197
22545
9322
23097
6507
26213
6778
15649
10409
31498
22187
22118
16012
12937
27125
32628
27105
20298
176
6288
6635
4951
25931
20667
22195
26465
6976
9433
21408
29448
9799
23058
4167
2647
20939
30585
31620
5262
3226
747
19658
20517
11488
1338
1975
6157
12374
6539
24044
3641
19639
3069
25371
20317
25716
19340
18273
5110
13224
13108
3031
25226
18766
28249
25956
14129
8370
31846
16853
17492
28453
6069
9007
12469
31221
943
17731
30383
2204
1588
16772
18624
18232
4157
9494
8004
11579
22975
11559
21379
15460
29907
7554
27630
11246
7189
25953
32166
21511
16457
1667
18238
28035
6469
29311
26818
31186
15883
21080
23800
26415
2101
27729
6117
17691
18070
7171
28307
7434
798
4268
11282
17244
24574
17866
30653
13454
20493
27113
28862
21170
11882
10169
8917
5916
31075
1379
14421
3167
13462
19997
3439
9336
13910
14845
2226
16200
25681
18442
23763
30024
9071
32409
6058
31352
32509
1495
8830
11672
19210
20642
6018
10139
17937
18333
4255
24409
32217
10883
21364
13700
31642
7099
32412
31965
31585
2605
7215
21159
12981
27989
15755
23388
27259
1941
1108
14240
28695
8912
15545
17779
8660
31540
27897
426
6790
19543
32294
7584
16494
13446
25130
7465
15197
25178
23303
4295
5660
16523
18275
16417
3852
5129
6211
22704
23562
16457
21527
29884
26005
9693
19191
3719
15667
20296
24620
13256
21264
24592
3314
3418
12009
31253
124
3894
12328
3360
313
25759
6481
17599
29526
27804
27292
2129
10372
23211
20452
16733
23803
20404
9663
23592
1470
32572
23023
13958
21537
13531
11001
28912
4745
19952
2835
21975
15988
31635
10819
19256
953
24779
27590
625
32016
24833
19119
23123
24020
12981
29136
10104
26888
2672
2781
22230
22937
29178
2255
7829
8162
8140
29063
12574
6261
25288
27316
9845
8217
30248
3574
4040
10511
20917
18500
26952
13722
19001
18571
24119
23486
5686
16791
4930
13895
2776
823
27410
26381
9513
11932
31006
3703
13188
2563
5827
23614
13132
14228
20118
7539
14045
21385
4601
27588
26563
15762
27884
25083
31019
4472
11302
31175
7830
4865
10597
30399
23253
4373
12802
676
15153
1054
15304
24294
21226
27573
23558
20330
2787
12154
13539
8843
6555
1859
19698
31327
14175
11898
1286
15163
25278
26304
8264
17273
18750
3542
4742
20600
10317
19134
2254
13541
14970
5661
24636
17465
1253
8676
32528
6019
6388
25647
17411
3944
7752
18798
32732
14184
14576
20930
11582
28259
8156
7594
23236
30811
30612
11742
31568
23931
17706
23163
4255
14936
3436
17761
25633
25976
29791
19417
16904
3601
28905
15228
27295
14354
26830
20048
11742
14695
18654
12851
25915
7289
28012
8061
16322
3061
28417
17121
5224
11215
10066
32404
11933
902
624
18097
18720
23977
28735
7389
11031
16538
2601
28455
7007
25746
16659
24113
7713
19173
10128
11925
12454
23176
11349
27010
30572
9680
22766
28838
4729
15740
26799
2385
3055
13558
19436
8919
5345
15318
27501
23606
1125
28840
16412
3320
19690
20719
4865
21851
23500
27242
31088
31152
5926
12693
24961
3329
28136
8563
17089
12022
11817
2187
18215
24825
5566
10032
74
13977
20747
774
31952
25900
23577
5058
21034
30393
31209
11569
28287
9237
13832
19068
18149
6731
9316
7850
13783
12097
21342
3686
7652
18841
9248
30467
9380
32726
32049
26301
6640
12992
2886
10818
24402
9993
1116
21361
25531
25136
8451
7521
1908
20134
16381
20901
31831
27440
26631
4814
30271
2444
7159
12338
16317
24663
13575
26348
1805
29742
14193
13348
30536
7188
21820
7313
29146
9491
4949
3387
31799
22822
17633
14726
13770
27991
20690
6764
27182
6949
30136
29450
5025
26920
32730
32350
25014
26360
9606
10831
6218
24650
32165
1005
23224
19292
17554
14587
14161
30356
25389
21163
1798
14692
27691
3496
30056
11376
944
29529
17619
11507
25887
6245
8933
12126
31537
9330
8501
9539
15940
1843
9794
31346
19702
32417
27306
28002
29427
21128
22173
18130
4619
26950
21392
13487
8584
6607
26166
19513
14270
24309
9388
30562
20963
20455
23796
20854
20001
503
32676
14081
19434
14240
8927
3310
26252
199
12677
748
32261
12353
6823
21782
536
19094
5438
20690
29600
20996
19484
8441
4133
5063
1570
9529
23469
23192
7860
22712
31956
10868
25194
3066
7967
27038
9224
30213
20366
6887
7601
24771
1904
3373
29271
29863
22907
9250
25462
26515
29980
7758
3842
4858
29708
31832
18846
13634
9764
28033
26894
25196
20338
25969
4847
26614
3212
16182
25509
10240
20772
4490
406
12207
13533
6228
28822
3279
605
22386
14753
9916
15524
23222
15056
7810
3740
14126
13190
31299
22769
12713
24810
8153
21026
11894
16027
25277
27865
20079
16287
10535
30840
23863
5020
27767
12276
29887
19530
6356
10982
31247
30504
4115
25823
22339
32622
21466
20220
5843
27715
6917
8123
17432
20273
22088
21773
13580
30422
26646
7341
8530
14812
5058
5807
10870
28203
26597
9820
14709
24668
10239
17725
21888
24433
31073
3190
22525
12484
22346
26710
8655
62
4688
10795
13783
8393
24321
27739
23738
12552
14283
31920
13797
30789
5657
16628
22991
4011
18111
18878
29054
11189
23960
1931
26445
6630
3181
22032
5356
18107
24857
20943
4776
24542
12011
11241
3053
26268
10060
28723
15625
18073
26018
29067
32306
17602
29300
20589
32715
23172
462
20417
7139
20795
28903
27639
24831
12782
18177
26710
14873
23865
15761
18065
22504
24458
5024
23708
16226
21905
12401
31933
8576
29937
22884
25574
24641
3388
32538
25154
25841
5406
26074
29198
11179
6104
11571
12458
10269
5872
31459
28144
26507
13351
19704
17860
5142
14252
14133
30700
15679
18063
4023
29219
2471
23928
20185
16488
13848
25497
9812
22428
1481
27105
5035
28236
2014
27251
29126
22476
22063
7254
19932
5509
12618
12142
919
4751
7611
1195
25715
15747
26251
13952
28264
29834
10502
1431
21960
30650
19905
32195
26218
21923
4828
26422
8
1572
2949
22516
12774
10116
14525
31111
14772
4541
8031
22260
27062
13339
32606
18159
14882
28934
4174
17995
2506
27676
26406
22196
20986
32388
26948
13728
20900
17790
28849
32643
29626
32574
1447
4930
29916
10746
20816
18923
3123
6466
11729
22179
7069
30096
30599
25312
11018
23072
912
15064
13094
1281
24462
7737
31544
19821
16039
2330
3657
21590
14289
2353
2954
9025
14668
29511
22000
11607
21871
3306
26401
26297
19624
32354
18835
26133
30911
8422
32242
17527
32090
32015
20419
12129
25030
3468
23880
24861
30708
6680
22179
29522
13506
16041
14397
16342
23932
29418
1129
17347
11939
9708
16453
14541
24557
16920
14305
22738
10636
11625
19876
32691
11955
6616
22763
8035
29015
14871
22514
14909
13107
11905
30968
22427
26638
15954
16030
9892
7488
12563
17297
17253
31347
23641
24936
21028
16295
14767
16080
25840
25721
6353
2278
24445
15524
16923
23524
19759
17864
7488
7936
23925
618
12351
22417
31320
1596
2707
14196
11604
6047
28842
27310
18022
2663
23449
26706
31078
14302
8462
19110
26007
14347
22406
29313
15229
16436
19136
31223
29934
19105
5233
14904
21356
27555
11577
26806
6322
30677
2518
3974
11661
24482
6296
25865
10989
25607
13076
18123
31036
2202
22557
23467
31214
26316
16880
8509
28506
18027
11439
26732
5832
8043
24849
1380
10443
26853
22359
13999
13265
22880
1666
1949
1272
31824
13251
12778
4899
16604
22067
17051
8270
26084
25284
1577
1310
26435
5239
32737
23228
20561
1232
28811
30436
6060
10376
12362
28217
26681
1153
24515
4316
31589
12031
13441
5436
26801
28948
25752
25904
3693
7260
30089
16707
30659
26859
29286
11854
25592
28548
19767
24909
21231
5131
28571
7531
15087
29757
16051
14431
19365
11935
5691
14587
25197
5556
32506
17410
5069
9075
9309
19259
28226
16632
19807
12995
23104
13946
23723
24743
15220
22397
7173
27314
14156
16201
22246
22148
17593
12698
2150
8164
26932
29593
8287
31064
18175
12555
9168
31474
24749
16841
11391
13164
13796
25456
3043
20344
7522
15193
5440
19281
62
13516
21268
25238
23152
3952
11186
12888
9364
12806
14637
16754
2795
5463
22647
25368
5539
23403
13258
10163
9816
26364
19527
20460
28378
1834
18142
30215
17713
2929
109
24947
30942
21463
11564
14495
3428
12650
1864
1295
32263
10985
20686
15790
28372
31170
11467
19302
28385
21308
5042
15342
12246
20982
26365
5859
22188
5008
26647
2331
18869
24232
5754
23094
8157
25864
14612
24693
5423
30237
5872
26320
10395
13740
8978
14658
18166
10944
8099
19304
10050
15079
31822
11594
15408
26013
29673
17017
24291
21513
11608
28506
5879
4327
25518
12481
9154
31942
22934
20929
10969
21107
7154
13251
12246
20405
22465
23766
14681
22074
18246
16454
18253
6354
31335
30064
32365
10459
32339
20692
11526
30716
10343
4972
3326
8727
2131
9277
26389
4984
17784
2091
31595
24403
27541
3089
21315
23149
27299
21777
24582
19993
19965
19241
2955
22374
28356
4615
7573
18071
9602
1055
6813
4819
16141
25594
32722
13854
14511
14289
95
1416
1923
858
10220
22948
28450
21474
1639
6972
11135
21148
18692
2115
29200
20793
25730
17675
3631
1208
13489
3513
7359
25216
13617
7157
11026
21420
14204
5350
15626
12966
14886
4957
32383
18167
17764
8784
9185
13149
28876
15243
15903
2590
30299
7842
1479
31645
30396
5162
24942
21291
21191
28968
11090
13855
15945
28362
31294
22825
28675
10837
29102
8163
4853
24927
23860
23209
23772
15934
6938
5803
28153
18624
6729
13376
24084
20253
28521
14206
6849
23337
17738
1799
31458
1998
11395
3365
11117
19130
3673
28442
22895
1621
18146
20145
15697
30710
10858
18969
27482
22102
31253
11763
3446
13381
3014
3498
27190
31643
10560
13827
23831
5234
27275
11765
9223
3218
3994
14778
9765
21293
7466
5158
6089
23757
16621
21048
8132
17290
16616
9455
25065
14208
31257
27998
4812
21376
12894
22275
30921
10758
16786
27733
32328
7787
22009
22940
14656
24156
22494
20997
3066
3979
12410
19190
17176
1444
30744
415
21717
5251
20343
32466
9614
21156
26736
3348
30082
24539
472
21748
23510
1093
23208
5019
29404
15230
24667
8101
6548
20
7320
12335
28275
27452
9745
6705
26468
31940
6315
30735
11021
8009
22751
28522
3923
15530
9824
2364
24864
30396
16894
20516
22883
22592
10954
10494
25433
4626
13947
6583
6156
6307
2320
29279
4889
13736
12215
3200
1205
25108
25326
5295
9458
31812
13288
4704
27711
11898
10546
8703
13614
6541
3734
5436
11131
6111
31808
28070
11337
11406
22815
25979
31662
29423
23694
31422
29554
8760
21300
12427
3860
31100
11048
31400
30990
10205
2905
1884
32090
1277
31278
23428
1333
11701
22377
29923
35
22794
11601
26298
24115
31068
7440
9368
32644
32225
27226
28532
15624
18514
27215
6393
28296
10980
22947
4385
4585
634
24060
29189
30637
16665
13979
32244
6333
31900
24639
17346
31077
21929
12358
23906
15776
19171
11030
31927
21142
19553
6587
15016
20835
9056
8913
23667
32538
564
27301
835
3593
20613
32407
31236
1087
1975
4035
5494
27468
13226
16608
23168
11592
27556
2919
24264
17175
22411
32760
6016
6122
5464
26107
2691
17929
4808
32387
5536
4305
12116
28279
16437
16376
14948
5107
19200
16409
8640
19180
29235
11372
25671
25875
5574
9684
7395
22780
15377
6944
14780
27776
8858
26250
13228
24160
20780
25732
23028
21290
25385
26549
1581
2401
31520
11838
19585
6360
5282
15425
31770
16735
10322
16292
987
3233
22076
24850
3918
18253
2664
9795
28638
5492
20398
18814
9799
9779
17611
10844
8266
19089
26549
15310
32421
29610
11052
4961
30530
23566
2706
32193
10159
24676
4092
15484
27598
19283
137
20745
3278
6306
8947
30985
23641
29597
21603
16332
4111
29883
24458
18711
28980
25215
18925
14629
13477
31132
2944
24043
3857
92
25719
32161
22885
10562
17753
28285
22920
2287
32086
23490
841
9026
8922
23545
17814
21443
27234
15486
14318
5442
24463
9791
15384
27835
13432
32705
26646
31613
6981
12388
19541
31883
24058
10471
27174
12611
10384
21806
28274
317
14666
23363
1192
20854
27462
19356
22011
22190
20307
9884
2251
26382
18178
23387
21600
3854
22016
9130
31966
28054
7586
24914
19317
7011
14018
24733
22233
8621
24010
9240
12274
17415
9486
7574
18132
8582
8543
30840
7153
28965
17628
22828
4493
23912
23564
13812
29043
17216
24874
11497
31463
22575
6592
31551
3291
31660
12920
31178
16486
14281
19758
17089
1905
13587
13641
25795
9140
9658
11852
18199
2529
27634
4264
9016
1310
32664
10453
14225
11961
22297
3232
6021
3607
22416
23239
15538
29934
4142
6339
15735
27572
17631
8933
19635
16984
3114
25252
26320
6447
1113
16182
20481
30257
25563
31837
18375
14949
26854
31620
5562
2970
27745
4874
21382
1624
7168
28638
6196
19478
8113
13644
26795
16813
11831
20246
4470
4621
21780
10695
19911
18735
30637
17732
24508
6987
18857
21924
32226
11338
18586
26177
14840
27518
30943
13071
17653
22417
27081
11309
13388
16059
17660
22458
11374
20280
27928
1514
5264
3066
28569
2905
14255
31131
19964
30111
30418
6037
25124
28196
28816
31157
25083
16182
16849
5581
18012
12120
17369
6570
6449
9949
27522
23877
28376
21430
11720
17725
3788
16265
3467
10629
3969
3075
13969
5210
27023
18798
18891
28025
17939
7046
16089
25998
3154
8328
32463
13807
29344
20109
7226
2186
5761
15126
19550
7197
24589
232
1474
30885
13465
14362
26607
18456
15507
13420
20596
10070
16558
32218
16685
861
25151
14193
31685
22205
13031
26722
30330
23373
28531
23381
3616
1051
25088
2047
6505
21417
12131
15095
16739
25174
5064
28613
17218
10522
21144
4412
32608
25718
23969
5131
31106
9131
30577
8078
11869
22571
21762
14570
25177
31053
669
9304
19860
4164
4088
28865
18730
16466
18338
24972
25012
7993
30112
10932
29454
29171
345
13085
12638
8610
24239
20776
17233
31946
6767
13701
20904
6334
1515
30792
12276
26456
17893
31807
669
21741
18607
7299
1577
640
26513
22606
23483
28726
14187
28940
32474
11274
19611
11957
18548
22722
30241
15961
8995
8482
13313
24317
21678
27487
27881
20645
211
24791
10004
14770
18756
7678
18542
30318
12015
7836
8697
1766
6274
14902
19055
3832
8751
17609
3113
7340
6829
10175
27199
10440
20863
1819
241
1438
6776
18167
17734
12329
10879
1328
26610
14168
12688
23392
24445
11690
22019
32012
23970
22779
29969
1567
13302
5278
19604
3479
27594
6571
29198
20607
5457
8602
15085
2333
4614
5905
31245
18028
24136
18683
13951
22477
7751
21466
16265
8441
29220
13662
16877
27194
21844
15926
17006
219
3398
22054
8593
15324
27461
18010
3233
14571
26015
32250
32757
26000
19463
1278
15990
10408
6968
4420
25179
16404
13275
29151
27447
9906
30891
17587
27958
5772
6103
10815
17827
31568
935
27577
30894
26881
24163
18272
7277
27371
23921
22286
29984
16092
26557
17676
9913
20625
29534
17195
8092
2415
26230
30736
8355
18548
32601
22224
1637
5740
2034
5309
14264
27240
22627
12671
23924
4716
27884
17766
18298
5224
4878
2558
8949
7017
29168
20708
26080
17681
29185
23769
5065
25413
18399
20757
16340
1573
9848
10973
28674
25153
23663
31064
17843
26377
24769
18335
3946
6534
4776
27923
10193
1864
12479
14323
17917
26016
19303
9774
8946
12559
13930
8309
6250
24829
15839
27541
7378
942
8782
17412
16534
22131
8212
22457
4254
11805
1544
4673
537
17335
8030
28432
19321
14709
29900
17941
20158
27623
10476
18065
30968
25458
29666
5160
15111
31233
574
14905
32678
2296
15140
26987
17064
13162
12714
13192
11648
8331
17793
14735
23815
14952
14040
4
13434
17621
12669
23947
25026
24743
4933
14261
30457
20260
29103
538
15657
2488
8900
13224
9303
490
19777
9786
29888
7565
17400
5228
9570
17211
12404
10670
31678
2815
20700
22680
22749
26450
19737
27518
22417
23113
26427
835
8189
2828
2841
30834
5207
20362
312
21130
15085
32363
18671
18842
2406
7494
24008
1550
30027
16149
27688
4809
28102
9958
14643
13684
8873
723
16874
8469
15537
21299
21910
14051
27405
21010
12138
18777
27162
28383
21348
5513
26481
12901
12916
26291
26403
7933
23008
6166
3651
24833
12775
26886
30373
25475
4005
22335
28646
7487
7734
29561
20908
10703
25374
25660
17199
798
25064
2806
7161
28447
8974
32587
16874
30143
8729
21676
10366
29464
26377
24107
21843
6631
20215
25741
3557
31296
18425
673
4764
24704
1094
7121
2826
8324
26779
8439
1901
8472
14813
6002
15228
15282
19967
5752
22112
17505
17446
11949
7168
19968
2059
28661
9089
32431
9377
391
24333
2180
10745
68
20692
6781
10850
5958
4433
23993
4820
1723
2767
21224
25231
3316
3627
9217
1535
26041
9435
15923
22755
21472
17455
18461
5038
26910
17879
18497
10285
28
18854
4022
20843
7373
25750
15646
23250
9984
16651
27608
25234
13105
5212
25463
6983
19877
3471
23410
20694
31670
8548
10012
13463
26475
22422
24023
13498
26955
32093
21381
25315
25715
24887
30016
11800
10471
31720
24139
29661
20518
10943
14664
11421
18433
24348
16811
14156
32684
26415
31086
2123
27414
13314
26375
16268
20598
16570
28567
27126
5158
32538
8548
29195
30389
27976
649
968
31032
14548
14316
26572
23520
4854
6257
6589
27346
6679
109
7656
3378
31891
31070
23079
19073
14526
2521
30216
14890
7717
16835
1579
4439
29718
22212
1772
17161
26978
25849
27202
26216
12641
10217
15591
22360
29239
16315
9914
17740
26710
22182
19041
9311
25412
15016
18482
13473
32671
16251
26708
5038
16990
31941
12321
3206
31065
15503
26319
6552
1292
11768
19792
19744
28567
12330
3446
5043
29962
18830
9307
1304
24800
7996
19456
14170
25801
182
10292
18459
19629
23509
15032
4139
13293
11523
25248
13658
8172
16299
27388
3722
9166
21230
27832
3592
29055
30360
1985
9756
31735
13394
14185
23518
3773
22809
17933
31820
32426
29422
9205
10138
22512
22223
9595
9929
11611
17127
27760
16251
27862
28930
187
31238
23856
11587
23619
3527
10528
17689
28176
26553
7047
25199
22701
32581
28918
10019
28624
27996
25200
7354
14652
31172
19825
19538
29927
4783
7470
4823
28760
25234
22815
1402
10580
30772
31931
31327
953
13574
31875
2454
5802
30130
7233
6733
21740
10486
31378
20548
5264
18611
30114
28033
14803
26945
19767
31812
2370
21254
9713
21821
25890
23111
20944
22013
31246
26941
502
23467
7906
28780
17838
22008
27608
12592
31406
1620
19697
5785
4761
16227
5015
4216
20936
14506
19328
9402
27466
19087
22229
10997
7721
9856
5524
26177
14319
24434
7219
29001
8297
22157
15750
12450
21163
24613
27618
16219
26452
13549
13699
2517
5140
871
24619
2772
17515
13727
26636
24279
12211
16153
26088
8613
4192
1800
8311
18985
24711
17088
19721
30847
16285
21614
17260
27215
25986
519
10512
2394
18109
6270
22377
18514
19978
20282
405
16879
20242
32711
23871
20031
5753
1484
21187
574
15133
23357
30866
19878
5277
17617
24025
11016
31513
8887
26717
5660
13369
14725
18857
15446
12657
1905
20332
7097
899
31171
4893
1008
10053
5770
19680
11675
4004
28302
19885
23527
4329
27527
25775
15457
4411
20108
13290
30988
8805
29390
14369
12464
26842
10374
2039
18806
29686
15404
3668
20914
27527
32234
17418
25344
13964
23888
11449
15250
32573
27977
6896
456
14411
25678
32660
26113
1896
27865
18566
5810
14602
23069
4736
15029
8556
5364
12864
26083
3798
21785
22761
15332
12575
31383
22438
13638
6768
7041
18064
15053
15690
6628
4818
2826
3019
22010
14346
7727
7213
20640
10483
31778
30351
21002
11074
14544
28664
26806
10957
2756
13977
21662
18418
12280
29522
12978
9527
5355
9336
31877
14382
29171
5590
12359
8604
21205
6641
13555
20697
15507
26769
20169
30330
25989
18044
14335
2606
13227
23173
12724
26598
30018
21445
8485
18489
1941
17705
3363
6150
24598
23085
4037
29531
11181
18662
4186
18325
30800
9542
22945
24777
7380
31132
24637
26211
21251
18522
19811
2829
14318
23323
8662
29651
9861
740
1301
6788
8292
11690
5330
12123
14576
29973
18599
15838
13987
2692
15877
6407
24228
9297
109
21154
7835
20566
8674
16886
2243
20400
14238
23975
22081
24514
3844
27867
25524
5245
11990
21404
23565
10207
30888
32382
1441
25274
32404
12673
25980
695
24880
15928
11512
16794
18877
25899
9615
25032
21665
26235
3822
25606
24
1476
9034
19075
29478
1351
13815
3353
12496
23625
8247
8912
2955
11446
28752
17572
27893
15370
3809
19848
17859
29553
20085
23466
14842
11053
6489
5881
23907
17721
12715
16613
5176
23340
14260
29029
27684
863
27256
9535
363
29010
22154
388
17508
30028
26405
28761
13104
8002
3449
31485
23462
2298
29251
1288
14733
2929
26016
19697
17678
25465
291
21971
17768
2470
12325
7793
15334
16747
4700
18807
31503
9089
27824
6915
15900
10120
7241
28515
21679
28913
16365
3873
14017
25371
2953
1084
5340
16572
31245
21689
14475
23171
20861
18010
18704
4348
11589
4014
18516
11699
718
6730
23588
22428
21582
14933
14233
9906
1508
32586
14552
6879
2276
505
3836
31260
20848
21455
31825
23001
19016
29528
2243
22431
15074
27138
14486
17652
21438
30500
6999
19071
21748
27710
18194
18028
783
7811
5061
27154
24093
4500
11029
23251
20231
16271
16448
23108
16159
8776
1107
14734
19960
25046
10909
7189
6522
19538
4451
19799
19509
31451
25301
11798
26102
18397
16961
31929
29336
31379
22919
31984
8989
19403
23245
17047
31998
10218
19059
9181
5054
21039
9545
5797
197
19772
14080
32044
3436
11474
13535
9708
17237
13532
28855
705
22269
27055
14361
23371
8340
30096
13254
32403
5900
1910
23399
14321
368
3858
20863
2861
21111
31245
15261
31716
25177
22161
27350
25645
31457
32522
26738
7805
27075
13102
15078
1736
3377
16955
30467
5865
3753
10879
29036
8772
16401
21022
9293
29866
20229
15632
7498
22653
17008
25705
1974
18452
30297
4829
9990
20064
2560
27267
21893
23248
29738
30681
23369
3187
12729
30217
12645
14429
17023
10346
1376
12107
26708
27978
4326
1674
23654
28139
6590
26644
28369
4043
11772
11773
17520
2856
28792
19725
9970
19140
2430
21167
6960
30950
4039
31241
12733
23969
32168
7277
17855
29272
1674
240
7678
20098
24730
20312
9275
20907
22210
10812
9923
11963
14039
13414
22596
15483
28692
1404
478
12117
30151
20960
7037
8284
14922
18900
15975
1420
22069
29666
9745
32594
12242
1659
13111
8015
14033
1246
9515
3161
2109
9019
32110
10178
3759
13848
16765
6109
29378
12533
3821
23487
28614
30763
13754
19523
24761
2586
19677
11857
6515
17283
29980
14943
24608
17203
15910
15671
6899
12514
25055
13819
1561
27482
18937
5479
1516
25052
5060
599
26986
7359
1607
18313
12517
14682
11919
20131
11515
23844
5703
19576
2505
25626
18569
647
6748
20065
6388
14788
30824
12589
24831
23196
19517
12001
10124
17971
20726
14968
26305
21744
26868
10787
25619
7739
22155
23859
20131
28037
27898
31034
6094
2185
19873
621
14847
10962
1390
21325
25032
23166
7833
14215
11570
31297
31377
11800
30033
15533
2102
5812
22043
23728
10824
20073
26746
16222
25119
32640
25247
25328
4765
10404
4762
16141
28514
8006
26407
31305
27710
4415
31435
6380
16620
18871
21792
2292
21757
15686
22125
12125
10258
8538
378
23199
2638
4825
6051
15993
14603
4103
15146
23789
13260
18857
3026
140
23923
3947
29097
11251
15797
23423
2597
8854
30410
16775
27506
28348
17257
17589
12811
2251
4339
22832
3208
966
2543
5306
14774
25364
9398
21137
11501
32131
2671
20114
19614
4492
27198
31652
32556
28377
3257
6484
31229
22788
15260
19645
1744
1954
20925
16555
13137
26496
1858
4352
7914
300
19985
1366
23261
10423
21128
24293
4240
23226
29807
15783
25127
27287
19498
24763
14680
26113
4147
17928
30843
20927
28360
27938
16865
9132
12257
16753
18791
7683
13157
28560
25675
28633
8093
10739
19262
16107
21481
8397
17082
32410
29618
12592
7573
14388
7583
3958
19927
10357
8972
28897
30665
22094
21432
30846
15182
1764
12733
27471
10102
13020
8646
28584
3153
24790
27516
23514
7937
2359
7745
22543
9235
26412
11809
22389
5136
23276
23813
11423
28238
16701
17450
15656
11788
25657
4562
6297
5566
26962
20282
30348
17574
24724
17099
24594
19108
22826
17044
2131
11855
7972
2808
6260
6468
1655
28068
29374
7871
26437
27845
12540
20584
12127
5751
25124
5487
11529
13440
19258
30682
30461
9278
12146
23582
5554
27358
25493
22253
20957
22991
12453
5456
19513
22390
18884
2805
17027
8228
22866
23242
9673
4933
26966
11723
26085
24794
11039
27671
5701
11049
25131
3146
20461
28850
30279
27911
29886
21094
28920
27860
14328
2580
27162
13355
4094
9508
10183
26061
30041
22407
30074
10586
4864
31470
30324
17439
19414
3642
30559
13359
14709
18740
818
437
2090
6271
16212
14984
21568
5579
21252
19456
27778
20554
24056
12041
7675
31080
16964
6773
27904
18871
17790
12183
24433
12840
19744
21773
15419
11649
14893
13277
25633
17931
10264
2756
10173
9099
4833
19402
16065
13684
10369
14362
17539
19803
18824
28177
23993
15787
32005
7573
27520
20634
23462
22184
28580
11100
13856
9788
1563
29078
31441
30025
6098
15637
7844
24094
10925
15808
3382
27637
29385
5579
25655
30921
2308
17966
32274
7532
27327
16214
4048
26580
9954
27162
24121
19381
23585
15600
20029
342
27774
12641
21651
18077
2575
11706
2208
13931
258
14085
24218
10800
25310
32567
19693
22966
30475
9131
24798
11585
5269
12239
1646
30170
18733
14366
1921
32744
29041
8526
1599
13312
9837
26570
30395
14846
9313
31586
23506
21077
3780
833
19287
22947
13706
7712
32109
10889
16291
29370
27443
20921
24260
9344
16551
18512
28777
141
9668
10343
12315
30428
8942
4068
24302
13241
9360
9622
1103
28021
25092
29826
11260
14942
11187
4471
17748
750
25725
16105
2001
25667
10843
764
211
5839
29250
25566
11935
11601
6987
15962
19623
16388
15634
27306
13580
22550
13659
9101
31585
12123
14588
25498
9394
6211
27639
11476
8388
8714
17638
28286
26783
19758
16284
32049
26186
25638
8969
20779
2518
19537
24158
32490
12189
25389
16754
7674
15308
15305
5220
4619
3871
20605
21123
27206
14572
31960
3178
19169
2659
21466
13679
5361
28436
9827
24639
16512
11954
19948
11970
7392
31766
3957
31045
27454
30086
10942
28887
1914
31288
27066
16627
4919
30994
17473
29792
22318
7348
27653
8534
20167
30904
21703
8418
4586
7224
3275
21899
4370
11665
31113
17718
22436
29543
19621
2631
18560
28394
17697
24585
2261
27479
4306
20048
3385
9921
25104
14429
31993
30737
3506
21249
24493
5708
17722
17926
18704
25876
16716
31946
30479
27250
28773
27181
5664
20946
32201
17325
8149
8271
17597
30672
1969
32305
1015
25539
10810
14772
25939
3136
12879
26380
11719
23988
26812
16805
10649
14242
8716
12975
10447
18242
16031
8410
8168
30063
28924
27998
16585
27584
15975
16959
8186
29940
28087
5583
14866
15507
22626
1908
28016
12754
20954
31147
15404
4535
6428
3405
27213
23679
2181
25106
19517
14909
30696
16467
22906
4803
1247
4116
22413
23749
13662
16705
12608
26684
10382
2360
19980
10249
18904
6536
32209
16091
14911
13304
19658
21330
25588
16332
21439
28517
27684
17475
22652
28417
30485
27748
21123
16882
29297
30714
10238
1287
23010
15838
14071
13937
10718
9076
32459
2413
29893
11640
32220
7459
20009
3579
6023
6861
108
21416
5718
32539
16529
7756
7798
4822
21580
31894
9323
22213
24155
22299
15362
26317
17689
3228
21383
6235
26449
9100
12089
22535
4944
13517
14587
2673
29758
29627
30796
29807
27054
30571
18041
28267
32115
10548
4881
26374
27573
31855
19610
30977
28997
21372
16770
6238
21550
13830
3417
6850
23181
15495
26173
7966
9122
21774
24213
6286
5926
17728
28418
130
24287
3484
23698
29723
7795
4612
20279
16600
23930
11129
11384
9329
22486
1831
2663
17411
10311
30369
20179
7790
314
5485
20158
32251
26594
26563
529
11587
9610
22162
8079
29516
25386
11460
13576
6900
9016
31171
4047
2451
3520
32060
2414
10460
17079
35
3223
10244
9869
16119
26206
22567
23809
18759
14246
10215
26169
31349
6873
598
4626
28602
20957
5398
15797
8042
4163
16830
3947
30073
13761
16000
9394
6463
3298
10761
26256
16504
25084
5801
30759
13199
1635
20660
29578
26396
5084
25640
26831
20139
1108
9615
21349
19647
29138
16935
31144
25622
4779
6977
27315
3631
17909
28903
3701
23306
17469
8129
31752
15919
18557
30266
2621
11505
17736
25822
20092
29172
31304
3590
32203
23021
32234
30904
25644
7593
3928
27337
26156
11601
17576
11844
16569
16620
26962
17936
31540
21029
8424
21964
16327
25422
8705
16638
3577
14246
7543
17773
31615
24791
9682
5323
30549
17859
11011
12695
17166
1664
24150
4930
5737
24993
4770
21905
8484
32440
27842
30530
24341
16921
30793
27634
29302
3552
29810
1342
30849
5173
27990
30505
3133
7886
30050
31677
27543
28598
4871
23030
29364
8013
14003
21467
24966
7057
19713
16366
8093
11419
16685
20934
29248
8812
970
22011
22717
4074
27063
25922
765
14118
30543
21209
5723
2784
27616
23078
13494
26957
8542
20379
31173
29720
5209
22748
25259
10662
10285
28708
21452
9118
31609
14053
12510
7849
24786
23470
15171
12150
20408
5970
10902
18690
25032
1351
13188
30742
12340
23372
28893
30737
9585
17486
25322
1255
5935
25229
30978
3690
15502
15611
22872
12488
21647
7140
23319
5717
4296
6356
26289
9867
6237
26038
12403
9807
14123
3897
350
11638
3398
15992
562
5512
21158
15833
15563
17860
797
17717
18352
100
1676
20794
20458
5410
10583
2574
29970
7418
30998
32053
11182
9010
22926
11957
6590
24472
26079
17784
8593
26123
29182
22257
3805
28476
16486
5635
6671
7862
16395
26910
13792
27164
26256
11179
23337
1458
31417
7850
18168
31263
25379
19609
24291
18290
19763
25752
12188
14690
16460
20684
14790
20698
28997
3073
263
26293
27162
31379
4447
27590
23009
19086
28344
27163
8448
7956
8894
11138
28062
2815
23792
10573
31831
7880
22775
10579
20788
3496
32567
11319
31962
11772
29605
4333
16897
22766
1752
4473
12072
27986
15714
31994
135
31182
24928
21224
24134
21054
21072
9114
19180
5206
1827
23051
22042
24457
30355
21213
26489
17450
22967
25758
13809
11730
31957
15691
16156
19713
4727
14610
21242
17416
15553
5724
2022
6950
16641
11019
10952
16369
6536
32512
32653
5111
22969
28641
26068
20134
6239
16921
13802
13929
21572
17184
27129
29972
1791
24828
26492
2946
23053
23304
31990
10364
12835
28660
26596
26333
1219
11533
30448
14068
11278
17086
7271
30506
11481
599
1261
32741
8962
26894
1648
9900
18436
23620
31578
31883
18378
31497
24075
19385
22465
10465
14470
6264
17457
13768
15466
10557
26573
18293
5925
23057
16777
26588
22116
16183
7339
23798
28877
23311
32549
11716
18161
27450
21026
30866
12412
4351
30943
32377
27055
22765
18876
2087
29969
26050
7571
2019
17761
17036
26952
7371
17358
8206
5537
23392
1643
357
2392
32581
19165
7148
6511
27204
2390
28252
21444
5266
13256
21304
22501
21076
30034
4712
12837
4705
1535
13859
27888
31306
26287
10003
19547
920
6485
21428
26623
32340
10595
26366
5896
7373
6275
21059
25225
27797
904
11866
29203
24781
5028
14333
9861
20898
4059
27504
22309
5400
8887
867
25840
5383
10302
24346
6191
1634
6177
5067
31819
9663
24630
11592
11746
7444
17192
25053
20250
30399
3950
15740
5686
16842
17017
2071
10855
19308
27698
27470
17124
4563
26275
6986
15420
21536
13812
1769
6123
25524
9370
21275
6700
6826
28619
9612
31247
7076
6197
643
22475
16075
10991
16906
27989
20497
5808
24655
11570
698
24895
11594
17289
15898
20778
8096
11644
10144
24507
20167
23224
3603
1832
22635
3403
6684
16650
13585
27575
26629
18704
16379
31044
28352
30709
30283
26778
22571
19119
12651
31886
11922
27114
24747
27453
885
17844
1580
30551
29580
6522
31486
13246
11273
27699
16005
9552
21789
24795
21793
14080
1469
27427
31245
13356
9382
15463
10376
15659
23199
31968
16435
27173
31230
9499
18619
4135
32621
2985
6327
23670
4078
31513
25556
14884
6173
25635
29743
13794
28853
38
4866
21525
11350
30677
25731
3372
29318
25132
15113
25648
3061
12202
9585
19356
1029
21946
15552
19568
905
20082
29961
9089
18637
16511
30098
18707
24792
25440
15410
5801
1517
29651
4093
32540
18264
19597
1828
3307
24167
30510
9238
6866
21686
18804
19947
31390
24495
25263
10243
32319
5458
7541
3306
5919
24114
18838
12415
32690
18624
16978
11606
9039
8652
13514
346
14398
30281
10933
15799
16402
25169
11604
28151
25144
20841
5288
31338
21713
5125
22242
2508
18365
28239
27675
9762
1528
1060
6725
10469
16682
18015
15714
12898
15225
17755
24564
12385
17314
3251
14260
14341
14152
27724
23174
14067
32652
21142
16301
16310
15325
7182
24891
30051
3857
31752
4556
23160
17077
25259
23156
1802
13474
1085
29942
2592
17105
26017
13879
31322
10609
4637
31986
31190
1846
24161
30892
12627
31731
23749
23787
1687
5483
26323
21667
4623
32357
24581
18929
6070
9214
5583
22027
1847
17731
24800
28024
18262
8447
27558
7292
20620
13778
16912
26583
23281
18563
3735
9647
9056
9367
10367
25290
3029
19235
22362
10240
6937
990
28623
13296
8098
1146
11673
31987
31156
8757
28370
3918
20685
16811
13426
7084
14400
30958
3091
18891
1824
6104
18167
9077
26463
2720
8779
11186
24631
19116
17581
30268
24521
20902
13549
21299
2053
17106
11792
25362
17097
16031
29851
9954
24909
5244
4366
24749
19134
18156
5038
22582
32297
5597
17799
22503
27547
822
27314
30219
26759
1455
31188
32317
17255
24037
27879
3872
15014
16814
3901
16465
23230
20905
27841
25754
1950
3354
18049
15465
13646
14325
12393
11392
5077
26425
15441
19693
12891
10111
22075
25661
23947
29139
13781
8941
15675
25282
2374
13089
30031
26548
15654
28824
19930
22141
1486
23776
9863
9006
3539
9158
14648
10289
28109
17425
28652
13461
20829
12400
20966
21670
28014
31920
19468
2241
11194
27442
22669
24166
12176
28317
18886
8079
6101
29648
15463
3136
8778
2075
29905
21088
5132
12206
11203
14279
2913
81
3638
10904
7857
21590
29829
11217
27859
10700
5329
18464
651
502
13476
4857
14672
21756
7636
22501
29522
28127
23211
30237
22715
17074
32068
6743
31285
7432
30264
19168
31917
9897
15995
31211
12887
11913
22656
4649
17651
14842
27812
12697
21838
13856
1225
1698
13323
23973
11073
863
6051
9903
28911
23354
29611
19727
7848
32444
21846
19644
5599
2467
26938
24703
9346
22325
3671
22767
20511
12501
6741
24480
23627
19156
13069
31384
4164
905
24907
25602
32725
6308
16594
2599
23418
18111
29089
19353
3013
1846
11893
17329
7168
24633
11407
15164
14356
31519
10423
4466
16810
29949
17793
12584
16527
7544
7887
26182
12893
6103
13975
10106
32088
4701
7911
10286
2710
2005
1318
18104
19299
16238
668
10961
11747
32457
22069
10313
17657
8785
27521
14841
10088
4043
21248
10488
19000
14125
3997
13330
23132
5556
23928
19317
22929
28465
21992
13486
649
12708
5313
10964
14409
14091
17106
20227
1232
22908
10674
32012
27385
3442
13501
22635
4002
30309
857
9594
32270
10653
28798
17124
2952
4935
13173
22363
7753
12745
32223
1934
23452
6995
15098
18517
320
438
21536
8495
28174
10362
7824
29423
7643
298
22129
5810
7328
25075
19220
26900
13529
2670
8314
5540
23850
27321
18966
13973
10568
24780
8915
7350
16919
24586
18009
21412
10512
14103
3980
13885
19174
26602
24662
10073
9577
17955
5799
17077
1194
20382
21178
6704
7008
29512
29337
21306
31370
14897
26339
14473
11350
1763
17613
5133
30274
24307
14695
25895
1665
29397
16929
18198
4256
22516
20109
7090
7529
10498
12134
20060
4616
141
30418
17205
12908
468
11748
18062
8944
25560
869
4256
11579
12982
22484
12669
19556
15155
19115
31047
17498
21657
11492
12448
18564
31938
31932
13665
30116
31346
20151
20367
8961
31210
18404
21131
20165
22457
3426
24200
10660
3542
19747
22082
1470
30444
17392
23790
11463
23541
25773
28780
24933
10
1247
29636
4057
7801
12907
15824
29154
3865
5792
54
10718
1242
2680
6810
6451
6816
16411
11793
30189
8786
9637
1240
25513
27181
25897
8774
5041
27743
9718
3839
12392
7377
29465
13675
6121
18756
27427
25190
10731
16287
7468
15929
11496
11911
14103
20937
3710
29745
26904
27663
789
20340
8820
31688
18626
10019
2952
12654
4459
23449
24845
32102
22572
22165
5274
15995
9722
19785
22122
13451
2438
26797
27744
2944
18020
18457
31304
4738
32621
4627
8032
29548
24674
1894
3351
32380
2770
19572
31508
24142
19005
23756
7290
18443
21369
23807
31339
31710
4949
16048
22475
10663
20605
27371
582
3572
9373
26296
13460
23341
4297
9711
28155
17166
12573
77
25366
13402
21408
31944
27606
8398
30318
26400
4806
24404
28951
25527
10643
32378
19778
30114
1739
6946
4758
11008
20709
3963
2522
25482
31362
3632
15194
25964
21490
32223
11405
13396
22010
10444
8438
24264
2516
5335
25160
13756
12920
6059
21453
8804
6938
31545
21768
3655
12020
18021
14234
4501
15941
32254
19554
23482
5274
29172
19432
2611
17484
27333
7676
24992
19274
19257
17562
7451
29976
31311
28177
18377
7704
10615
29284
21678
15369
19201
16369
26822
20429
19670
31568
2897
9327
27494
22142
12398
32612
12513
25403
20971
9745
29866
25776
2652
23694
28425
25685
26218
16810
13600
3602
24686
11311
12576
6053
14911
28007
27324
14147
10567
7390
13278
28034
2269
20842
3481
9846
1743
27497
22880
30234
32317
21578
10869
29682
29870
22351
19363
31215
27997
30608
19760
19091
1748
26436
12046
25173
5820
1084
31569
30791
14324
32176
25830
29174
32480
1854
16001
20114
18436
15664
24023
19791
21713
7678
16142
21258
10942
15635
31857
21296
26779
4820
28265
16348
1570
3551
1960
17727
12752
18832
16808
21573
16627
3530
11604
16501
26115
31732
31749
29978
8501
3393
5295
1440
8014
17973
2397
7488
31413
17253
218
4576
4813
894
26801
7732
28033
4744
856
1834
22305
31340
9897
12421
13420
7348
16017
25799
15086
22931
26636
21589
908
10277
14417
4054
11101
1015
1097
476
30395
21450
15430
11206
10906
11668
12274
10725
4121
7112
20102
17117
22103
18391
14140
1614
18056
11767
11782
16052
32328
15907
18560
14988
9262
3683
26403
12473
19109
589
20156
17445
29943
3020
30237
27307
29355
26912
23571
15157
1297
1062
31128
26401
795
22234
9289
25322
28526
31002
29978
516
13497
15277
1864
2567
31814
29827
9103
272
21199
24638
11166
15204
3986
15602
22984
27735
12711
553
10492
15981
10130
23083
30967
14014
13589
16508
17080
26527
27464
27045
28980
13950
26347
22583
12876
14606
18682
17166
21500
28069
7554
12499
469
21218
9396
27844
30381
8850
12855
14520
30357
13268
5827
24669
9483
18556
18412
4549
2929
18870
14907
7969
25534
14316
8579
3532
31604
20969
2930
5771
17106
14142
2151
31507
23626
2532
22147
21707
16437
21284
17155
16596
18630
12212
13773
3399
14908
1827
6984
19389
7004
21110
8305
27925
29215
13844
29996
19057
14504
29407
2263
16258
7800
29348
29989
14854
27109
29621
2858
25230
3528
6100
14002
17029
18295
23123
11223
2926
22771
12666
4819
25453
13154
24361
9746
23305
9663
13502
30348
28720
25552
20025
19025
17019
31064
2207
18789
23732
32143
14236
27855
14230
6863
24171
25581
22995
16016
28667
25610
14684
1430
23114
5682
16860
14441
24853
5957
9349
27654
2996
15947
21776
6868
10816
7431
22527
18905
13814
28367
17958
3630
4320
27035
10601
1712
26802
9563
5831
7673
16626
3470
10648
10383
26715
4368
17426
13146
23940
1075
14610
5724
26301
26898
17178
8092
24889
4642
27797
27235
2931
21258
19811
13995
20170
13237
16785
21717
19566
22949
32104
31130
12672
7050
8874
3652
5749
29459
15128
20766
28092
16644
15415
23081
17824
6025
30804
22544
24943
32457
8390
6494
28124
26559
15731
13807
21666
16709
15766
27812
29546
25458
1471
2395
14831
17702
7963
26399
29536
12259
27637
25243
16134
26079
1405
20693
31782
28247
9928
19993
11561
31781
18713
31026
5626
8853
21855
28385
6576
19573
3838
6535
7021
10603
7122
10533
26245
1420
19825
18310
25059
16169
4017
23739
4777
20204
8299
30664
12823
5668
29822
12189
23214
26462
28182
4168
4245
32053
18478
26728
10555
21355
23379
2789
22078
5688
8107
22750
22412
7137
4151
10211
6344
7309
21333
22629
15855
7253
19593
12394
25403
15258
31612
20101
5191
24987
19525
18694
15989
30022
15592
19822
8845
6223
31772
21542
2470
6272
25938
15472
16714
2896
32242
25757
8917
18358
22504
4737
10782
12863
32095
16420
24409
3935
18892
8378
6204
20484
21551
29141
21601
3185
20118
27866
14572
8522
32482
27825
28525
8939
13517
7105
27656
6910
24876
15900
24275
17485
12914
27638
21631
14548
23158
20572
19003
17947
24950
16419
14549
23491
10843
15646
23330
18526
3134
14740
13217
14468
9516
12272
5467
11299
18982
25275
13325
22038
14444
22728
32649
6649
27644
27054
20058
7228
16213
28283
7079
6263
14464
27303
23642
29181
10065
16711
12160
12980
30955
19075
28147
27684
25730
23882
23863
11981
21861
8517
2467
3006
13883
15625
3009
21603
396
13456
15607
3231
15236
3050
8038
17178
14580
560
32018
17373
22426
30906
579
22812
2978
23185
22316
3666
26220
6183
31947
10644
31376
2886
28944
20254
16672
22343
24129
819
25645
6532
22941
32292
4748
32272
30016
1710
16601
3237
10566
18056
31677
16861
22579
19773
12141
18597
29331
13624
2163
26607
32221
7965
20913
30888
669
30560
29603
30698
9682
14864
30948
2418
29077
10483
15348
32340
4348
10200
8760
13293
830
13097
2114
24346
2584
9408
17235
6055
22383
15099
23582
14347
15926
5651
26319
25938
27282
8105
7244
21338
25916
4258
6331
6466
26152
2357
25412
10784
14948
28482
8984
17906
16706
1766
9650
30424
17593
31052
6749
28288
12553
15814
9974
22497
28574
6428
14835
28972
26935
10020
15780
511
29511
8850
4281
476
11419
24338
26629
731
3390
10644
32129
13467
11674
743
12436
4990
2271
26762
31633
6166
16041
8127
25218
31450
6109
14048
16164
24606
21203
12534
3634
66
31419
3976
8678
8233
20025
11953
23998
28140
31059
10101
24444
5584
9869
11349
14704
9078
11090
5153
8697
850
21398
1806
15434
14430
4282
521
24170
6672
4016
9290
30846
11913
31327
31531
331
29967
26697
16443
3063
13501
17003
15758
27407
9081
7780
19544
1231
31015
21722
8634
15517
17180
22298
24028
5590
3030
2046
4412
29645
10986
7188
11334
6929
20797
17660
3364
22511
9591
11282
8151
28216
1205
78
17543
13893
15231
7016
28695
2871
19193
575
15101
28291
3677
17531
21073
1199
21672
32625
32547
20310
17044
2120
14354
18546
4295
346
28954
17115
31306
24285
7598
13322
28476
7875
6407
19235
24520
14302
26811
31027
13140
1096
3473
20149
16379
11010
22164
21084
22078
19675
27238
13580
13558
30868
31447
1833
31117
10817
22198
21269
24686
23026
19944
16628
27066
23955
7094
10163
13885
8721
19307
12104
12448
32703
19231
26683
22240
11767
8398
31845
14335
6660
30125
23800
31225
9535
27581
4543
31737
3705
29088
3495
26829
2713
2220
11391
19863
20614
12606
15868
2246
7240
29008
16896
9541
28010
10574
14875
30194
1186
11046
13395
1362
25780
18335
29472
11651
23187
17899
22203
27762
20681
31103
27544
18510
29210
27170
16945
22588
24420
16964
29702
17740
31946
30610
31202
22443
6673
25031
14175
25627
31306
13253
24492
11681
32434
2788
6030
3965
30934
2186
30885
863
26619
10748
23025
22488
9660
21107
405
11023
17909
15219
9178
32181
11744
16216
21366
29243
9854
12850
18191
3138
28217
15570
6139
1107
3527
28197
24138
976
29777
30401
19974
23850
7893
17086
14777
5205
20169
26055
7728
19321
5121
3440
7039
26603
11730
28106
32581
859
1912
23606
17457
32079
21429
3190
10949
16592
3003
9226
20314
4706
21836
6073
24933
31290
5152
1902
24568
7852
10887
3141
32652
8931
11599
11494
7421
24020
3816
27666
25046
32116
1478
9595
32207
27177
12807
11481
6548
32383
18006
25402
26312
26397
14351
13977
29002
16119
15011
16307
5559
15301
2623
29206
16688
32435
18856
4731
24157
23898
30570
26453
5041
14063
15921
22442
14064
10682
9335
27682
6639
15562
24415
26206
5276
20968
19681
25226
28733
29641
22824
14134
6141
21640
21304
1889
12964
4179
29908
15063
2470
2148
8607
20670
24927
27186
8577
16491
9885
14057
23116
23674
5471
24344
19616
27677
15580
18090
22540
28340
1223
17688
2677
15774
6098
30173
32444
79
22385
27945
3739
9891
15584
9433
23504
23922
19303
13735
29822
12645
30685
12446
5840
21512
10603
11474
22495
14112
14226
23885
12758
29246
2415
17228
15700
9876
14910
20652
6673
21768
26398
3743
19141
23175
2579
7331
2117
1692
1617
7093
20463
65
18872
22977
12617
27893
10139
20830
7909
3598
20677
20920
18056
18513
3262
25293
13450
18880
6218
14813
18048
16819
19763
21019
12569
24362
30536
32169
7494
2402
31398
707
8350
1702
12086
6459
5376
1384
5495
23589
4986
15248
18558
979
5737
4116
20795
31748
1762
713
16125
10840
14673
18041
10552
30983
7520
16693
32391
31187
9499
26348
17645
13627
10065
8765
12128
31218
16701
16266
11400
16527
31589
3662
21188
30598
13763
11440
19822
19287
7971
12632
12128
16133
15308
10113
20150
10442
16226
4431
3542
26377
15883
25699
13742
24964
30929
13486
17725
10959
18760
386
23125
22021
28784
22767
6047
21689
19676
17740
11231
28975
15380
14612
24185
14540
11065
27892
17717
27340
6887
25633
1855
16179
6751
2799
20850
6662
32230
9120
24533
32442
21608
30073
16486
22509
24673
29212
13079
26452
6142
17681
19223
29173
28799
422
13650
31894
30943
25337
18491
11381
1975
21075
16585
8249
96
10167
20671
21801
29527
22715
25137
27804
7654
2455
13380
26032
3329
13436
13621
7999
26479
23335
15773
13839
9002
30389
4339
4937
10759
6585
18258
16173
12697
30860
1148
19459
19027
19428
8224
27989
27118
16808
9048
3931
29962
28675
16246
695
3096
32440
8704
4195
8055
31413
18937
2535
3805
2026
16994
10703
22521
25947
26113
22620
6231
30580
4193
10362
26243
19613
24602
8434
18033
20495
28242
9697
15644
7910
8068
5737
18286
13175
29057
29350
14432
23267
27316
7651
16994
10477
3753
4366
12285
24072
31697
4458
4023
29620
5759
16260
22327
17163
25911
4712
16809
31127
552
4884
28004
20583
17911
27693
31946
14690
4030
8689
15984
30427
20053
1645
8320
20837
11984
15856
29531
24552
5192
26559
16258
5620
15583
16138
12982
3158
14334
18463
26718
14313
4577
24030
4394
687
22614
13165
15862
31520
23745
7725
20977
3522
22372
15340
24574
31994
20445
18780
30554
2850
28400
15555
9087
2779
7559
30965
9033
18853
5367
11392
7000
2221
17541
12582
18357
30693
12329
32656
28856
26458
11410
2880
10025
8899
7273
6856
2981
11093
4826
28729
9539
17375
32593
21983
2936
786
18049
25387
26424
24608
27819
3569
3934
28042
13597
23508
17486
13874
23289
18430
20185
28856
18231
12564
1633
32003
26605
25448
573
24606
3278
4977
31326
12870
27889
23673
6963
13121
14805
6038
20683
30961
25505
7899
19770
27688
29360
20687
20029
1982
6732
26654
26145
3553
26810
31631
19424
10157
14456
14902
30350
8956
18114
14315
2035
17024
4954
24059
19066
21519
28041
21533
17994
317
21089
30119
12722
3632
70
9985
16586
31408
25517
8026
6231
14718
16674
31387
26608
29159
16528
10137
28511
32664
15805
1679
29514
9396
532
19403
25875
8740
19367
31399
16892
10799
17780
3259
28047
24906
21735
6481
2877
24881
24737
4377
6981
29238
29816
25119
24279
28377
26303
6137
18297
1434
25287
19525
30123
19723
31909
31571
2758
24105
12854
4382
21034
26860
32097
17025
1432
30493
23452
1703
12509
20840
28338
17604
30897
15026
6851
2562
18654
30125
17804
23487
11685
18601
6888
31221
23645
29613
31383
9721
12125
19654
29503
16745
6428
30367
28336
22879
21143
25938
29548
29163
18675
9598
8039
9665
3684
6554
16395
28206
21069
8584
11135
10065
9385
24685
16169
9351
2217
5313
10098
26919
6814
13986
21705
22896
19738
20590
16874
30655
338
17808
28512
517
32455
31642
14408
889
3622
6549
25689
11914
15212
20884
6945
4888
845
26768
7313
1251
28631
28783
25276
17988
26707
26726
4316
19227
14444
14209
21398
10248
4755
13696
5759
478
4513
13797
13022
4436
32190
18763
31668
3838
22658
10489
19193
7036
29787
183
29737
30706
6959
2785
16383
8888
2114
12985
21888
11346
14681
12545
13372
22690
23328
22218
9169
24668
21705
31367
15536
26299
14070
15205
28196
30578
4569
3807
9616
8422
30361
19596
31480
32410
10232
11324
1730
18410
15924
27204
17598
14077
16938
1558
10341
23541
961
20245
18014
12392
12166
13223
14151
32532
26516
1675
6065
29646
25527
11885
18796
26556
23761
29623
23046
15812
18300
24747
12942
25412
8688
26543
29853
18692
22824
17383
10392
26729
2368
18441
8495
10475
7458
3949
14377
14792
4449
17764
18532
13306
24165
30411
2327
6247
19913
8672
11867
32345
16129
30804
29418
1581
8000
1953
28454
25679
6296
15261
24925
6246
15460
28495
19275
9419
11491
2
2272
23104
2597
5785
17476
3039
9771
6946
27417
16208
17482
1710
2304
11583
26576
1887
11102
9741
30186
10946
12896
11974
11973
607
13116
27220
16884
30351
20410
8946
530
15246
9972
2019
31656
7377
17241
29539
29520
4762
10744
19678
3867
21961
28412
23392
12081
26101
29554
7245
14775
13755
12371
29266
24054
29014
12990
16539
4793
4976
11653
17990
21494
15416
17387
19992
25521
32437
29100
1647
4638
6234
13374
5496
20742
18138
22871
15778
5739
12350
5807
9811
21103
4404
20231
7385
31858
9642
10346
24995
31611
32667
22451
21937
28121
16425
17743
7241
5130
26349
28484
1260
25307
11147
11378
20872
209
5513
13593
11503
13000
18017
5276
25992
31706
10708
26757
16452
29826
130
4296
30676
7425
30904
13644
15386
12033
18825
17575
17885
12921
1056
20522
21184
22992
3924
26909
7541
26949
381
25419
9774
11662
19590
8386
24404
17855
28740
19156
4732
17518
9990
7265
4503
27669
16494
8537
2152
2743
7807
3964
572
14535
2294
7268
30677
32581
19166
29894
31143
10538
20063
14581
19015
17414
10967
8871
32032
5096
22828
14332
28008
32382
608
12220
8530
12669
7269
27360
28037
2115
18739
10069
27854
29884
11289
20476
8209
28546
10576
3573
19078
13128
17366
32541
24097
18296
3449
13781
3154
7707
23858
26118
20207
18682
16309
25442
32111
2562
22086
21740
16984
17133
6094
16826
1274
2079
10286
23289
7006
23246
14803
10035
22650
20070
11659
29389
19110
7468
25751
10708
15956
28705
30977
32505
22779
24105
20528
985
24660
26220
15289
5762
457
27133
7288
18483
11819
26810
15328
8548
23971
1395
20367
26374
20459
5454
23333
17676
7357
15977
25687
554
10380
27074
11583
8413
20851
3156
26870
4523
26731
2947
7781
23212
19136
16570
11608
22601
12230
24659
10708
31556
32456
18359
427
10233
16705
30406
8269
6883
1358
14457
1249
30305
17508
16069
32405
23994
8766
13763
818
16735
6170
4623
21491
16497
24613
7790
25751
17283
13620
3251
14517
13473
15028
3555
11088
30865
8420
13719
21675
3416
22850
11426
606
29185
28482
30452
30122
15257
22854
20670
23562
31614
21963
26327
13834
23258
10464
28255
8284
3946
19933
24482
13097
3460
29009
22590
27557
7000
18236
26761
21478
10614
4479
20525
23798
5264
27280
28181
7975
13441
10354
26509
29862
23695
27621
19108
8787
12525
12250
12245
720
30084
27945
7911
26584
14836
9862
15122
9683
1749
28850
31331
32167
28738
19182
27746
22736
12696
23477
21489
2995
13947
26026
6263
4655
13594
2256
21054
31350
15796
9209
30234
29211
25436
27265
25676
10604
25081
571
24229
257
26000
15788
10735
13717
22214
18039
24200
32277
20640
19481
11344
20471
9102
2774
5573
15821
2472
16115
26221
9242
28727
22566
26741
6244
31351
331
7575
20106
8603
20568
32577
26712
5650
12947
2547
25433
17929
26883
6120
6380
11569
10532
20218
1178
20930
13791
9664
17575
4800
1208
17401
2279
11133
17226
16941
25555
4191
20720
3217
12764
2275
198
27948
2816
10978
14288
312
29338
6931
15224
7627
14718
14034
17470
26550
17989
2847
10411
8877
14310
15594
13446
31657
5767
18062
75
21131
1682
11931
23769
18178
12810
7128
10091
3246
23584
27272
6601
19078
21249
9965
27328
2423
13299
4363
21199
30285
13728
3502
18723
31447
27825
10414
3270
29254
16031
3186
19987
31959
30406
4787
3181
14002
12732
21122
31792
22033
4832
20365
2280
29860
30774
11934
18369
2101
8306
4964
28223
20104
30546
2934
8495
12421
31793
10901
12254
24728
30426
15409
3976
14425
28314
11823
11027
6504
6041
6378
23293
21915
10857
2168
6548
25180
23008
27438
18277
23372
23331
18790
5110
6189
13316
10879
24248
23038
17294
19238
9271
21351
14557
2260
19348
4184
27700
9880
26677
238
20041
20247
17339
11158
25059
30673
17460
19060
29607
2470
658
22534
1071
29336
9565
20228
6237
1234
21412
8587
25583
18154
21561
11131
595
6499
11550
9246
12732
21878
22330
21258
17525
18705
23120
3144
15478
13345
25906
14261
17717
11021
13874
26537
32702
642
26586
17111
21766
10358
30173
17780
17020
3687
3660
7580
21730
2276
781
9969
17755
18511
28554
18821
27845
20193
26278
16378
328
2030
15605
2279
21039
25707
17196
1918
30199
8365
1238
5996
7846
6003
24393
6145
2143
17959
1241
12945
13874
26209
16459
24602
28984
16557
3213
29222
15840
7310
21668
8947
15236
29123
28645
28882
8768
16072
11880
18637
21251
10400
2490
17548
11750
18386
19922
32634
8893
18098
20038
18211
12268
13537
31679
10976
17277
13335
28075
11959
12911
25120
13361
9597
14928
9253
1642
30269
16654
14125
8398
20702
18186
10723
26604
5631
16238
9114
9055
30246
17089
7310
25853
3098
20408
27501
28753
30349
3663
19478
13900
13566
18713
17312
14647
19422
4308
1438
27884
29682
15937
16033
26438
22776
17971
26623
29910
11149
5093
2259
26071
2638
23952
2117
10084
1598
10045
29964
31977
18024
26584
26161
28120
3781
1159
22805
15261
11871
5690
12469
29651
6327
11650
14893
29368
11876
2214
23163
27102
30974
28660
18822
16164
24122
11349
32351
22501
3670
19492
12486
9327
12728
10816
5104
32695
6610
27488
11911
14155
31048
26023
29683
20359
26453
9849
728
22540
12907
2700
11487
25710
17945
7234
11194
32045
10290
11318
10082
7399
20780
22548
29091
3531
25542
29615
6875
15185
2029
2125
17407
19496
27873
24133
20958
6256
13972
17613
26026
20522
23123
3085
16052
26093
11943
25976
26999
4570
12926
7771
24536
210
20358
26806
32428
998
7130
9804
29819
21518
24288
27126
3459
15902
23921
9020
256
19191
12603
10278
9131
14330
12132
4432
9089
21443
8816
7229
12485
4883
23397
2029
14408
29197
24109
8114
4840
30118
11579
26687
20055
24919
30834
8962
29470
29972
13122
7092
27617
18306
22036
29742
29156
4197
20200
25214
8910
30551
25916
5434
9133
15040
5424
12820
30011
17154
9705
8879
23904
30196
32563
9137
2551
24210
618
18970
20693
31987
27290
29396
12551
21115
30693
20618
31068
32337
27173
3006
14372
32275
3795
10518
22582
26313
26152
10743
3896
10776
9089
6997
282
15289
3336
1738
15588
11049
32401
31205
30386
1441
5058
6084
8956
5192
15735
26853
22299
19112
18020
23865
4873
31070
2813
13434
22633
6422
26770
16575
12999
16823
10175
14158
5408
8667
26115
945
12453
2690
17071
20748
10428
25351
21250
15789
18504
6483
8594
27877
7210
25168
15597
27414
5896
24224
6529
6158
8780
30608
19129
2963
16496
2119
22377
10303
9338
10052
11628
20623
25282
9223
30860
29238
7931
3341
24737
23479
23409
20994
29437
4146
19856
22067
15112
3454
23462
1858
20008
14457
10218
19485
20196
25500
19644
24624
11080
9171
11822
28378
6795
26507
1220
798
7663
1036
1400
8092
2281
11529
19201
4799
21634
2677
25685
23351
16893
24729
11373
12458
4282
32356
20296
1190
19290
26114
8242
4059
28708
25520
9542
16263
30887
1742
31794
5937
1185
12597
31802
23194
11296
12492
14720
5105
15591
5974
19842
19014
26387
17550
2276
31809
7423
22134
29296
13076
10852
29676
14171
16814
18117
9598
28873
1073
9994
12415
25236
13223
21099
10330
5961
8689
16015
10791
32116
29183
30453
30332
27166
8263
21396
23942
9363
28527
702
12632
24425
3405
27210
12930
17085
1042
9202
10982
27584
19394
6394
10951
1395
4072
275
7203
24238
32135
18558
8259
8551
11603
8564
27536
3889
32289
17606
5032
26371
29597
9665
945
22587
27963
7508
2798
9954
18800
20597
14735
25906
18721
21952
32718
26197
18268
24161
17207
20080
6470
26165
24135
25568
10836
12076
15929
1476
10430
3058
4893
27579
22065
15822
17962
4847
20677
27082
10837
31826
26670
26900
6947
8231
21302
30884
32187
15045
22891
3103
22591
22167
17684
18427
29532
14184
12650
26341
14880
2781
2309
3679
19468
579
18581
22190
30059
14731
22994
2547
482
3987
6838
24216
7495
21416
25833
12525
14006
27720
10621
19
6626
23340
29915
12826
12970
17030
28413
25446
12013
20359
11230
17751
29342
11812
24623
20521
4635
27162
20044
19480
18106
24879
32622
30152
4517
10939
7458
16869
233
6248
32506
1030
19145
13366
16514
31960
13144
24514
29557
4984
28743
30919
16945
15904
32507
9957
5737
24070
8418
13985
6170
4737
29192
9646
6336
18286
19941
17515
16073
722
30330
4268
1354
13761
12700
11709
25585
5246
20623
7588
13115
14819
21974
8103
8422
6659
11594
22542
18602
2063
10858
9514
17700
21366
16626
17814
19731
16464
11183
13245
12486
24317
30097
23196
19413
1801
6402
1994
16144
31059
10614
16053
1717
28015
15171
20782
16614
3656
32180
24872
14425
10762
15192
12220
1874
6463
13472
23921
26318
8504
2217
32699
32257
21934
8279
12225
17923
15785
20387
30307
21959
16289
8502
14716
10828
6371
54
3684
16151
25655
13408
5562
2784
29632
25687
17504
13452
547
4667
15814
5211
32492
18046
9068
21859
31277
23795
32162
19261
29543
10280
8595
20478
4014
24310
14465
15976
31497
2134
19538
23650
31000
22902
32076
18854
26873
14861
17693
18106
16491
25323
27422
26657
16948
19156
3544
2514
29633
21902
26056
5865
5645
31033
9567
31133
9668
19935
6733
18290
9895
15180
29695
32175
15922
14624
21350
25107
24956
21794
2043
23492
6752
29655
7680
22664
10202
32596
8712
4663
32179
30800
15801
18545
26465
7549
4561
17036
21033
7449
29031
11728
646
1215
25204
11239
14542
25476
1937
9615
2323
21055
22274
13714
27207
22056
17140
16376
16548
20901
14083
2427
26443
30560
3839
25403
32044
29597
27376
16051
31013
16331
1111
15852
18798
21592
26807
5104
564
11466
15700
18818
24452
21004
28731
14860
7787
24325
31362
23769
29020
13167
6097
11908
5073
18663
5922
20145
16693
24128
10436
9722
4866
27933
19878
10285
2599
7615
19410
1716
18348
11547
19512
26452
14488
31024
1453
29467
14611
10135
6451
20883
29384
6748
891
25660
31373
9996
18344
22073
28998
17423
14166
21578
11270
8248
31707
250
10104
22683
17612
31002
19070
16543
16324
31853
15383
28756
15712
3749
20614
3334
10126
9358
20913
18
11528
12682
9927
4088
17947
10557
7973
4018
30381
18825
25723
6212
29054
16573
22570
149
174
1033
24561
1917
22400
27190
26057
25631
12637
24211
3853
12409
25116
16435
28382
25145
15232
16725
14278
17874
27650
23332
12443
12240
15057
10657
28839
22632
17688
17373
9989
5460
8319
25707
29006
26078
1780
30229
1398
1338
28587
22734
13040
30488
14691
29416
32537
17018
18924
25223
24787
20163
18150
25430
24432
5905
19403
15480
6355
10189
16688
19138
29393
6785
14663
31527
31709
1001
30121
18803
16101
2124
31314
5949
3703
2572
20973
28438
2856
9853
26451
2055
26934
29939
6222
7483
14700
15391
26018
28152
14662
4507
25678
31188
28246
6083
21519
19749
4326
19911
32550
29113
2527
9726
18267
22471
2026
22141
1090
19238
28628
6121
5821
18621
11319
18057
21954
18491
8279
6559
14430
19976
16970
25849
24826
22907
8284
6339
28126
845
21937
29599
13043
24653
12844
6904
16589
31830
6544
3474
23784
382
24037
9318
20274
24465
6430
5550
10442
1982
18936
11836
26632
4239
14373
13583
7613
22047
25514
11560
30652
27271
902
27034
21657
27289
22420
10209
17584
2769
20914
9332
7273
28808
23075
23966
31675
11115
13106
30857
28399
25388
16408
31900
3239
3447
13088
22790
13598
16424
26377
26779
22193
29627
26540
26592
23455
18947
28127
4449
9485
11551
21144
21579
14157
23211
15702
22838
31583
12083
4540
18755
14776
17901
24703
2919
12867
16551
24451
27654
30118
19454
11585
25284
25542
13265
25452
27288
29581
7157
15572
8226
10219
12586
21130
6718
22042
26190
13381
12505
8487
4561
24580
9731
20142
32617
23797
25926
22757
18951
32150
19766
25051
4617
3354
14154
27650
25521
27662
12778
31724
25046
24636
8393
1874
2265
7120
14197
21850
7643
16313
557
13337
7725
23890
28914
10071
17160
15170
6368
29843
28031
24993
8127
12359
3761
12636
1494
12398
24643
2778
16895
2114
270
18399
25601
29002
18964
3249
12569
17812
28601
13434
28378
28480
17200
23790
20536
28990
10291
21805
14559
27991
4855
29675
19145
19314
8799
6350
29199
26128
10864
23831
25343
24602
17157
14213
15984
2012
11971
6006
20562
27473
11856
15184
7305
417
5056
17951
11772
3560
10832
22656
23528
7993
18007
12477
31099
20963
4473
5689
9118
13810
26398
5135
8466
32505
21794
18166
2238
24847
5327
17000
8775
16152
4104
20739
13538
3654
18118
5167
14438
4831
10441
18177
7334
23104
14215
10335
6909
5666
1129
20581
17962
15644
24374
29960
19550
5225
18639
25081
8084
1772
32286
10188
30753
28017
12105
18010
25996
11318
14123
22116
24991
18858
26372
30329
6590
25204
14959
32537
25208
7863
1941
16922
2396
3220
32673
22859
30990
1009
4980
18520
25498
30585
4249
30189
26375
22244
2683
16414
24624
26233
25557
12295
24527
12241
3179
4271
30171
28637
18168
27955
18196
9771
2919
14880
8412
10596
22853
11808
32584
25882
3703
3545
14711
9408
5672
28434
18466
4090
1030
14103
23157
15384
28590
22623
11549
30428
9316
4973
22435
11908
30984
16116
1016
6916
25669
23358
17489
3220
8460
29902
31540
874
30529
6725
2515
29897
31924
27010
14490
24890
25170
30733
3588
8218
8605
6838
1970
1108
7769
20601
27070
15984
4232
21669
6221
8141
19097
7230
12131
9002
12253
17055
19708
24171
28474
10595
16728
16794
22051
20358
6550
18221
20423
9160
14468
31111
25737
22098
29110
29121
19889
28060
23253
13225
29025
8846
18234
2827
23242
18406
8635
20016
671
16601
6341
10661
31690
19197
20652
22845
22623
8038
4158
29273
23246
12047
7070
9063
18268
32380
12624
3241
27092
25758
23952
5688
9081
12535
6120
26440
5440
31999
24321
25261
14908
11461
18106
19615
1626
25305
11383
32186
23886
27498
1467
18248
30157
25260
31994
27843
31997
6780
20648
22166
3626
839
10390
25124
21178
7208
21886
29451
24163
11856
11997
10666
7067
22443
768
25313
23632
10433
19810
25879
25306
23002
10037
24194
30510
23397
9791
6306
23636
17818
7655
1295
14875
27487
30352
1909
20235
5224
3877
8413
32411
8867
23797
24622
4004
9939
15810
15347
12054
10362
12308
14686
2794
9469
26067
1165
6487
2563
25877
24077
24649
12062
11061
413
20751
4781
1573
27188
3155
24065
6149
5957
8784
29886
14580
14145
9023
4996
11046
23390
5138
16847
21814
6295
7013
6940
30398
14835
31410
13134
2854
26635
10180
6735
20153
27078
6766
17146
6654
25192
8828
20793
1861
12491
23018
4970
5760
21483
1876
11016
17236
30889
1198
10375
16752
5320
32309
7807
21278
13116
7589
28685
28183
21924
30125
24183
8860
3861
16800
6670
30914
15385
19821
23129
14350
31735
6609
16751
19777
20277
4299
3749
17013
32604
24145
25705
32105
13307
16705
9582
14362
22766
26778
11530
26515
14816
12524
26332
1285
30479
22029
2481
27930
14159
27918
31144
18823
15186
14957
5525
14561
13862
14476
29604
10417
3839
25186
20799
5578
28727
5745
14897
9946
18323
9720
11019
21824
7112
25705
12998
6173
23358
19229
22443
17838
2067
1351
17264
7897
25955
30759
31396
14597
2503
7040
9037
14895
31515
13899
7887
6970
14213
21421
31503
25735
20402
1063
32473
6342
30307
16141
21887
16908
10537
30777
7619
21797
22124
15872
24567
24363
9394
29541
12131
12631
16158
31373
31463
32536
19255
25459
20706
8802
27628
29405
6738
31305
30164
5519
4412
6094
14522
5054
30286
11513
600
6343
18883
29224
15971
25377
2951
30118
22472
12432
18075
2431
16182
15004
27580
17299
15068
22338
16191
17386
25460
4585
24128
13639
29312
20632
7931
15360
17875
22885
20602
18188
15444
19505
7537
30558
20479
25746
5734
4465
4396
6161
10004
11557
26388
25750
31506
6089
14737
25376
5552
7289
26661
29369
8482
9898
12862
4010
14560
29443
29880
10987
13132
17007
24740
5597
11925
17264
3912
22075
25820
9654
5990
30286
2966
3056
1986
9569
16946
20450
27358
15477
21499
19639
14344
31542
20799
9113
21910
4397
17329
11904
4209
18230
524
5447
11472
23861
26361
14597
29766
28677
28467
27034
25855
31665
745
6536
26183
19943
28260
1029
9803
31913
19945
31054
1316
13638
28897
17725
12561
30601
30775
25630
22532
4400
13314
31167
4705
28063
1124
16070
27394
3542
16817
22599
10366
15521
28628
19862
15275
21262
16623
4186
30561
8484
11074
19171
30081
20178
5710
26814
19766
18726
25402
3462
32379
4032
21621
28156
14046
30341
6301
16218
21379
12184
31904
12517
17515
12678
2337
9154
13558
19904
3869
5386
7591
2895
26574
28193
9000
6595
27599
12099
26254
28780
25986
10335
10973
28109
687
13353
29647
2894
2413
10603
465
31025
21574
30363
20303
14023
22934
7091
29489
31460
16948
30269
3238
144
21332
5037
7200
3071
12204
32244
28064
15300
13270
13906
30771
31297
29174
21100
22204
9058
4252
28574
15861
12939
4332
28818
5041
3278
16380
14610
2916
15202
22397
23578
27620
10832
4510
28722
25201
16240
13357
32250
1780
23956
22271
15623
30084
10243
27027
4845
8494
6697
15346
2205
17398
18316
3801
10738
4121
22530
28442
902
1685
5154
24640
13002
5867
5624
6770
15446
27684
29181
24474
7293
2834
27717
11206
17957
9688
3579
17614
981
18605
12043
27959
28432
17372
18462
15959
29154
30479
8395
28090
1720
25038
11787
453
10869
7491
13550
14745
13505
9024
1421
11322
2724
1667
25152
25329
24405
56
26385
29422
30540
30399
1392
23090
8606
25008
26664
9132
23434
12060
21393
5794
21071
3606
22023
30035
14145
17010
23708
3803
6684
26061
10
10326
15768
14798
7660
328
6718
28586
4653
30525
889
2286
9408
3244
8944
13689
32657
22305
15891
21191
16572
6299
31220
28790
31998
2099
4441
32258
18024
3583
12559
1492
2907
30262
28289
6523
25008
24469
3209
21305
4663
26881
645
4289
30819
25197
31150
19263
2627
1278
13477
12441
7348
30317
5455
25076
14294
7086
13539
31611
4028
32463
16961
18779
30056
19490
6790
19986
21494
10910
20445
32234
3607
29571
4760
21440
20417
3389
12415
8970
10277
28043
7783
19225
32738
1760
16391
12187
16248
9482
25096
6755
14847
32017
6747
27245
12313
29794
719
13340
32549
25388
483
14023
20661
22027
5592
19316
24130
4836
22027
12515
7455
25872
7810
22735
26284
29884
6597
6768
28876
11663
7407
28228
10905
30862
2564
5903
20822
19773
11397
23585
20900
24071
17474
14551
18681
25568
12912
9572
15183
19753
31995
23761
20761
21460
7198
17475
12667
16072
17968
22397
19642
21127
11713
16037
10994
13582
26085
29003
4871
18685
24784
2727
7645
17399
15523
13090
2508
1100
21126
17177
25166
27093
15351
733
20475
13856
16993
11262
9400
14285
27889
4041
30763
17720
8357
1807
26738
19033
1702
3880
21268
28136
11479
14392
6711
4548
5294
18609
18964
12949
9283
14873
12969
27312
11686
29454
18861
7228
118
25223
26825
1683
14767
24668
15365
19179
17860
30473
29825
9270
18670
31407
4965
22087
25027
4443
24858
6197
31242
4235
25787
32260
6606
21486
28614
9602
28849
29036
4632
10864
2435
28262
2584
9698
23571
23103
1330
15593
12613
29211
17543
622
3429
12774
31202
12385
5307
30361
28910
31764
7776
5560
22695
2529
26960
3615
16655
17427
10175
13823
8482
6404
21681
2596
30987
25730
1989
633
25752
2167
15185
4045
12780
30921
14516
9943
20596
16000
7912
31864
11292
13863
14167
22337
18626
3444
3312
6709
12778
17451
31097
27856
4788
13375
7463
9288
2572
25914
29804
21010
3873
12000
16
7080
31256
28431
13187
16266
1281
22250
7538
27522
22794
4919
32408
18477
31730
21508
17111
23991
12737
30609
4231
13798
9911
23658
25102
24410
30082
7892
23984
13843
23988
17770
24489
5427
15987
8456
27257
22021
10610
25576
29056
16447
8737
13323
12746
20356
23841
15579
3372
29229
5115
1038
7056
9545
16657
1485
26253
4578
22485
23574
827
3971
19768
30047
32325
12278
1126
7804
20031
14418
29616
25538
16442
11062
5577
3437
4758
18511
31542
15167
12824
9504
4096
25450
19772
17154
27052
14512
12749
18025
12652
15305
10418
13162
32407
31749
17419
21370
13655
19250
21373
10361
15778
26816
29385
4335
9835
26659
26276
405
2329
22137
15299
30743
16696
25453
23605
2840
19566
4443
3829
15222
26289
12469
5568
27344
14008
10917
23844
6982
7855
24307
29402
23680
1327
6442
13909
2546
10861
24822
30619
15966
23986
10705
30804
8346
9995
9694
800
28051
14657
16405
3374
25490
16395
417
5643
29374
24195
26246
14775
22243
29143
25991
10494
32369
27713
12103
31749
25288
23609
26798
4900
13746
29673
25742
31219
2097
9441
8327
168
20092
9228
2344
32672
25924
27106
18774
31035
31803
736
10482
3565
2519
17461
16054
30354
11347
14527
31072
30978
7160
23093
17427
2790
4762
27302
18938
5834
19557
546
7470
6003
1498
9399
17626
32114
6932
29855
30365
4857
11344
21687
32559
20974
27564
3891
7752
24638
30767
21648
22973
9844
27146
9931
3052
13450
29725
1233
12635
26878
16061
27190
14748
3625
24501
30505
24436
25037
5002
21672
19516
15085
7172
10480
2694
16865
26601
12344
3076
28329
26636
19870
18086
16770
13702
10338
11523
27063
27972
10578
1530
20154
25794
27781
26521
12147
7189
31564
22845
19416
4399
25190
24827
19646
22623
30835
63
24046
7703
26795
25523
11900
30194
21968
19043
19284
6901
10593
26654
2070
1302
25361
18207
27172
30714
31864
27885
18937
28419
13575
18047
7868
2698
23105
8100
10260
25193
24616
10658
27199
25021
24054
21789
12382
4074
17166
827
2323
27359
22578
20998
29006
13979
24822
2066
8548
26095
29045
25439
12386
134
19522
20352
416
10788
23714
18173
12441
12075
8440
25591
28409
14947
6528
25610
2296
6138
3904
9080
999
10698
18236
21379
2824
28891
30186
28698
7843
20521
1765
14520
14678
27815
3301
12426
24493
20099
28143
27088
19955
10156
8137
8325
14407
25490
2225
26690
20722
25645
22606
29024
2295
4160
27879
10589
16108
5855
6355
14976
20489
3119
23601
11968
16255
17261
26329
14819
26634
2609
30354
28387
27594
10484
25989
25749
22095
19664
31985
3468
9459
16008
24609
18236
10604
2760
9115
25691
31393
32686
25755
13965
26557
9096
29887
23359
8578
2272
28164
20435
3553
9142
17137
4350
31175
1036
7954
18799
7481
6568
11176
21426
9635
25877
3231
4947
14957
14827
10688
26950
12240
30288
6184
18310
23528
21439
14329
10237
16906
13576
23119
27300
2135
5528
886
24299
27537
32251
7514
31835
9518
8607
11838
3706
30635
2523
26545
22511
21795
29231
8638
28902
21536
14798
5732
25782
26289
3673
28998
21185
1981
13294
1954
5788
21142
3681
19591
15217
14545
20425
21827
16033
19030
28735
539
26029
17331
21218
8000
11094
22198
15391
4606
2051
24890
32047
26165
6500
1601
30944
20493
27989
23875
26009
30182
29701
11206
28824
5774
23895
23855
9855
24503
25992
11480
17679
2216
21779
13922
23091
1330
14289
24653
21568
25830
3941
21701
26491
12933
1239
31935
27868
26552
23935
12613
7697
18689
14117
5902
21190
15858
20326
22610
8996
31133
23129
12508
5015
1867
11379
97
11733
3953
15272
22288
11036
26847
15315
12394
5050
19003
23128
20564
30675
12206
23816
30315
9567
18653
10309
23447
32626
795
28774
11747
23232
988
6749
32396
864
10093
3990
22103
20432
22499
2339
25640
25914
20562
5655
31185
4341
8255
24879
19240
23375
855
31160
9052
14218
24929
9132
1161
29988
2673
29471
25993
22108
862
14041
526
28657
30327
30277
28909
13869
7282
1674
29885
23330
12709
31479
15009
25140
19321
29860
31586
3287
8731
5462
12993
1178
8820
6564
24843
26213
23644
24152
2797
4862
8458
21784
27530
26834
26063
11334
3275
19187
16133
11812
14838
6493
1858
6972
131
32381
1745
1023
13099
13812
12130
26028
9025
12440
16384
3699
1093
14779
25924
3291
11703
433
10696
11873
12073
12684
19167
20833
27288
27690
17795
3642
10492
24690
12175
31662
23838
20698
12591
4743
2218
13356
12948
29824
30597
21387
4588
6754
17760
2481
30097
11630
24974
1914
3712
4091
1298
16806
24334
22880
20221
27610
22998
18708
31479
9449
27894
29972
26139
14418
19835
14213
22024
6410
5913
8091
13876
31099
5152
27065
16260
9420
16811
17114
15898
32099
25626
23343
26991
17576
16323
3081
673
4108
18917
5370
11534
3915
26077
13367
13601
2029
669
7745
14700
10771
11353
6341
27127
8816
26243
15552
20952
3478
25082
9190
24324
12403
25471
1349
7269
6683
28264
1318
21037
4808
1944
15412
105
31774
9390
14816
26585
1716
7037
1539
5375
24785
9661
26053
8566
17011
19711
26559
8069
31382
21223
31580
25588
25010
27029
6021
8734
21894
20580
13437
3656
8724
10455
7433
31281
31725
6096
23253
8170
28590
1795
16915
3816
27339
6827
24677
28504
16779
12155
21245
4018
22100
29912
18434
28817
17961
30533
12086
17090
15985
12063
24023
2971
24570
26506
10691
25486
21309
4523
16351
766
29156
22552
14776
4432
10633
1676
13931
27206
31681
6624
31427
19848
16217
3126
23714
11396
1759
12664
32162
2680
20580
14337
6395
8909
25217
8601
26792
18855
31384
18599
26053
15034
12380
17826
26684
19039
12948
18633
27040
11495
16668
15380
28505
18479
2092
16746
24578
17268
16604
24852
18447
18793
15080
31858
20915
12423
13233
22764
29697
32165
7813
22316
7505
29896
16928
10890
23781
11324
20339
9416
20428
21988
21924
27136
21767
13006
14165
8410
19691
25866
1321
29442
26566
5053
24964
29146
18373
5489
20883
13164
31253
5295
8077
15266
2889
25296
12856
1465
15100
27920
32174
16883
4791
2020
29025
7052
25621
1166
1885
6896
29220
17646
22733
30763
18959
16795
23489
29089
3834
13874
11822
31487
15662
26606
4662
22641
10358
14969
32682
31254
14792
1794
28366
11185
12328
27024
16476
27809
26826
30870
26315
1043
29303
6855
13520
9590
28721
28459
29990
14639
3866
31603
12171
7566
5010
5258
16139
29697
16800
13676
7552
20104
9363
14395
2138
20841
31209
9616
25244
7461
17263
3599
30759
5290
17578
8766
1595
21450
28534
31895
11579
27116
1005
20955
12208
11522
26506
31658
8849
14523
30606
4433
29378
28153
23203
739
25562
1669
5568
27275
27689
4354
26700
2080
4602
26911
13190
6906
11797
17
28964
3588
14216
2369
32058
10771
31911
24385
14174
17014
27986
13573
16138
4047
23158
26448
20290
11553
20182
620
32118
27433
25868
20510
24489
28146
16074
473
24019
18596
358
19250
12932
2972
31638
148
24267
30914
22648
3637
5462
21015
981
23368
24794
30350
9126
28021
2486
16669
19159
24710
32467
24083
18764
1635
17870
2732
15650
17216
13913
29411
18743
31253
1246
8583
5356
7502
24678
13969
31017
14276
10170
22453
32418
493
31175
3895
4441
22351
9543
3328
3428
8251
15262
32241
2289
951
19202
28023
32647
30140
991
25952
17039
30114
19834
16365
21266
4312
3540
24616
2244
32216
10449
17527
10818
25434
31385
10098
23192
8136
20799
8946
6
9459
10657
2410
2052
15364
13199
27003
11395
17845
24879
28610
7798
19137
1439
6901
14737
28824
18141
30254
9552
9816
26340
19846
1852
7673
10264
4326
10858
26055
20708
22810
16452
13846
4770
17191
7819
18225
22459
5599
7837
17299
15631
26034
500
10842
14999
10951
32752
13816
16200
32076
24790
6956
17467
27658
18968
13361
6924
8508
8151
27701
31616
18849
8102
32524
5226
29136
6289
24870
9167
19916
25694
25534
23112
7896
1554
26965
3496
11148
4535
15967
32479
32297
16733
27196
14110
23850
23391
3177
16444
12827
19943
6648
15449
21166
9140
3901
8385
24588
13851
27083
6162
12393
16460
32415
20386
30427
14295
154
13339
7532
3695
19253
24936
1390
16621
17776
18901
8718
22424
28939
22641
8492
15267
31225
4791
5738
1527
23058
32110
23683
11059
25864
18638
8415
10481
20636
2020
19812
6220
3345
30520
17550
18847
481
5804
9154
19854
688
6823
32735
3915
4222
30835
20503
25618
15136
4580
31485
13302
14065
17467
14814
8160
31429
24137
18005
18645
31262
16856
1562
7287
20387
13382
10523
19151
27597
8819
28110
18761
7140
23518
32709
1792
32042
2314
9347
13884
12374
24871
10894
20281
24899
25326
20165
12331
30442
5325
3060
32382
32654
4164
2214
11618
11574
23695
5946
19847
30304
23685
31801
2597
12020
21440
28391
30528
11639
18174
2072
5418
20609
15303
4933
11593
30833
6992
30175
27674
18783
15520
8419
23670
18770
23025
16559
10261
11955
30041
7956
16720
29442
28841
27564
23083
32200
23702
24174
19602
31693
17174
26751
22499
13962
28941
26443
22445
32737
809
3541
22456
1548
14858
30795
10565
9172
22951
7646
23958
259
6125
5329
18865
5915
24233
23759
30562
28232
25767
9089
10111
9876
25115
14176
18799
8538
25665
7368
3053
24317
1089
31054
27402
25817
1365
18772
24433
16250
7725
5083
4847
29964
29075
4248
15923
31763
31307
29769
5074
2653
28221
22345
23694
20532
23766
27234
10455
29656
3243
28131
15250
24876
23647
7923
4634
16815
10951
3877
11652
12462
2637
6733
296
32696
17298
28305
10844
8019
27480
23235
21891
32749
3998
22254
29767
32533
16396
31534
10530
13547
30098
22725
3107
13781
7501
26988
11503
7284
19114
2279
30214
28631
21709
11484
21831
14830
25396
20197
19895
25153
11671
15588
22142
8417
29459
17303
11058
7583
27784
26476
29016
3965
15936
8086
22312
28770
11473
18272
3985
6418
6468
14785
20349
22876
2166
19249
12374
24726
14783
5564
7113
2630
4306
19285
9418
25378
22244
620
29144
31291
5905
12483
7298
21109
6651
18557
10794
2106
17588
11128
521
32623
24286
26844
1139
11687
1040
30964
10076
21655
17532
27453
15388
16587
14543
15037
17007
24727
3417
15510
27840
18255
18542
23771
14759
28858
20492
7586
18096
22725
29373
3163
16478
15221
30655
8544
4975
4383
31331
15821
17250
6875
5299
15249
2615
4918
7511
17349
9590
22311
31930
24381
29810
6981
23912
30045
19407
310
15291
11566
8770
8555
6326
25777
31384
23818
21553
12916
12026
3116
29238
9570
367
23625
20396
14047
5538
29424
2610
8981
14310
10428
8014
7048
5495
28803
1735
2033
18946
16080
19535
18761
26216
1428
27749
13092
21696
6168
30842
12096
15771
2870
18003
16222
21131
26057
11950
20816
8678
13666
7976
6484
22471
23357
862
26272
4182
9587
18771
9790
8009
2160
1298
2074
28843
3240
30612
31322
26332
17542
31971
28397
23002
24229
9600
8039
7102
10307
32514
17164
9866
5107
20481
27434
22305
6289
19250
31149
22935
31867
32211
26093
10923
24830
32074
17354
21138
8719
6153
16635
15607
24124
3508
3235
21055
15074
4742
23845
13841
14495
8689
2106
20246
11274
25732
24897
31741
11938
11538
20950
6595
7173
20753
24741
16177
28515
24640
6784
20902
5425
32653
4528
22294
1314
27445
26505
10579
14419
25645
5186
28299
20421
3265
24835
31506
32529
30843
18494
98
3927
29510
12355
11617
3704
17363
13327
9186
32389
27964
28261
26477
6519
13287
31521
10563
32032
27054
8904
5533
21345
17724
25699
1589
19102
18618
20878
15879
29295
31660
28876
4697
20632
31765
6685
9465
16956
10978
467
5062
32077
30597
26017
16753
17991
3809
4085
7045
11806
29030
9607
421
27764
13437
28978
12821
10768
29478
8708
24445
20364
12767
12177
21481
11341
14793
22668
17683
2489
12038
28568
15845
32419
26213
27227
16698
5898
15937
26324
2533
9220
32422
6895
3060
18421
1206
25175
6966
4868
15691
24204
23290
17360
13022
23861
23322
94
12968
30903
1592
6999
19718
9990
17736
14704
13602
10940
31822
27433
17360
6760
17513
3770
8630
29224
1809
3658
23728
25466
24221
20067
27763
22351
24584
24739
27248
22113
12788
20148
251
19399
5359
4478
21932
21958
16630
2202
29445
6379
15415
1546
30038
18774
3867
16936
32478
24153
31108
19421
14131
9282
3412
18707
23012
8308
21038
7021
6236
31677
22144
15669
21257
26339
20929
27286
28094
11648
15351
27403
17238
27408
32381
3863
31899
5705
8707
13879
20070
22187
7638
28949
25351
22615
11362
5118
29414
4644
18677
19862
20587
12784
15045
5578
27420
9012
20789
2311
3589
25563
13652
937
23901
6997
29862
4535
22374
10215
10536
1741
23701
5701
25230
21081
755
14178
13519
25610
14531
18567
4067
13446
31333
24995
17611
18012
8058
7650
23507
13113
841
12928
8212
6494
3170
26592
1084
32081
22400
10456
17554
29651
2484
7247
27188
10259
3520
32011
5027
4641
16577
9156
9858
29093
21010
30589
20123
24785
23148
14356
28195
5012
28242
22295
25407
5905
12204
21209
18119
9551
8882
18373
2121
24882
18955
11251
2897
3754
20022
26873
10727
6954
13354
18436
16474
2652
26425
25639
9788
6931
6714
5874
14510
14465
17383
4935
23006
2986
14980
8809
2509
16664
12994
14166
31830
22224
9698
19543
20588
1670
25373
16085
19619
8205
20548
7534
17649
26641
7588
7240
3510
20232
28972
9125
8187
5222
19666
11448
21239
10768
13362
24760
20184
27668
21880
11826
7360
151
14721
18595
30733
29711
16189
17990
17629
26034
26200
20523
20433
22573
11545
6281
15122
31386
1418
2901
15506
32172
9689
27923
4501
18733
14334
23533
19311
9643
11422
26370
22927
11886
13615
12288
29884
8109
10590
19189
20383
21761
23469
20578
12418
3097
8545
21906
22615
16304
4507
16169
23292
11964
16325
8704
19645
25576
29999
9776
26907
20805
11770
8301
5835
21564
23862
21910
27906
13768
15431
7305
7664
31458
10637
21052
27274
6460
23108
21514
909
25649
25512
29770
31680
17916
24413
7462
12153
6441
12047
5547
17762
13898
9046
7452
11389
2539
2524
20620
15206
18120
26305
3755
21721
2109
23870
19937
13683
30973
2953
6297
20157
20999
24057
9184
21350
17878
7531
13358
22736
11224
15588
17539
12751
34
10872
9142
26285
2914
10090
31754
28273
18197
27540
30979
3424
20986
6153
32632
31941
2246
15610
11240
16366
5913
30422
2834
19063
5297
26293
16575
23499
734
2551
4323
13287
15925
13608
32484
1377
14473
13863
30522
18601
3863
24968
14136
21648
20737
3894
26409
24582
2558
19037
6815
20776
25935
14471
11016
32122
31989
31749
8322
16240
10529
5520
7409
1332
25580
2352
32078
15523
5448
19037
9538
16536
23350
13156
10483
11118
8762
3085
18718
12992
8716
25467
30054
28787
4753
16723
18667
15607
11529
29217
13599
32457
19850
29431
20181
4925
18605
16471
29083
13434
18823
3154
11594
198
19419
8178
12763
1796
1677
27606
11644
31866
23130
3100
20707
32728
6343
17284
28131
3446
14167
12753
25661
2270
17153
18803
20664
32650
10209
18532
12916
2287
8494
14416
31355
26554
25964
14840
14745
20569
25315
8152
24686
30909
8271
7175
17857
21854
5593
1376
26391
10112
4678
30687
6020
16565
111
21581
4290
8100
8433
25376
6784
18952
3109
7837
15356
2044
4179
26687
11220
25717
16418
11612
29210
5904
17747
16134
28838
15118
19375
24880
17840
30620
6206
21777
15518
32088
8378
25294
16666
32018
14147
9811
2152
31695
7764
9089
25846
10260
6390
25999
30773
5217
19252
11690
13992
31483
32462
29919
29243
28398
8242
17723
24277
7763
1959
11825
17712
2511
25292
22587
22505
21852
21057
31684
24275
5708
4004
16198
11409
17035
12223
16560
4708
9508
21759
19978
17985
31750
26152
4443
28455
8969
7496
13259
19375
28716
746
15365
9957
9504
10635
11231
3926
6667
15698
8509
1130
1414
15355
32306
3572
1511
26901
23657
29192
20422
21101
20420
32013
9658
30922
15426
4114
32100
28890
17190
26982
30127
4205
2902
23394
597
31713
26881
25994
28838
10205
10372
25557
10629
9027
143
18504
21683
15711
28547
4809
16720
23653
2079
31539
14238
6170
29020
422
6153
27857
7573
22817
27492
6809
31979
24658
18550
1205
12008
7340
12981
9548
30563
27579
22097
26978
31395
24244
17780
2311
1223
29777
6857
12238
24676
9435
9531
2433
113
29832
255
1811
352
8
16852
28630
17806
14171
4745
4846
12509
15077
28096
11526
18335
3780
21491
22082
13495
6241
8884
3188
31482
6725
28985
11666
21980
8751
5655
30312
3400
7523
14926
22922
16591
1860
7558
17037
28165
26149
28568
6518
13864
2653
25424
6771
9987
17305
24178
21961
2834
119
27386
27662
1255
3152
19880
23192
31180
24404
26044
27701
4010
13533
14847
8732
16938
23549
22274
10532
21273
30297
25258
12084
6673
6459
2284
11515
30550
1250
9686
30689
28158
26141
20687
12349
10581
22040
11551
24520
29055
3189
9138
23634
21343
30622
27160
17075
32696
12122
31441
7685
9618
30111
25288
3856
19424
14760
2077
2054
28255
20806
20007
28785
25025
23675
15034
17769
17163
1861
165
2570
30268
7608
4991
7205
30767
9807
10404
16694
1986
30340
18810
32662
27192
30110
23289
6130
20188
459
15978
13052
5607
11118
28526
5984
32420
15034
17219
31738
210
13184
11587
19014
21834
19269
11437
25880
29154
1432
18344
18317
31888
27299
14213
4161
31187
3071
10821
19650
14926
19405
15707
6469
19382
6658
5555
26776
28911
7170
14578
2136
25970
29297
3072
13668
28658
4421
6852
21649
2111
24096
3374
9120
5226
2270
28027
30317
298
21097
9140
21608
14718
13781
19064
2633
16788
10153
16636
1024
30954
24442
7760
747
18355
24511
27108
1100
15228
12256
15690
27642
22287
31888
13117
18263
6552
4701
18403
15489
262
26245
3663
31181
2996
8716
24394
14705
32073
25355
25939
11648
27357
10315
10724
26652
21085
6930
2039
5095
16688
11069
10185
4282
19994
12687
26590
18586
27233
3145
22341
20711
20015
27131
9501
11223
1080
13977
10584
15907
22684
24273
27327
19712
12047
23964
17974
6225
1079
18452
6978
25883
7765
19333
8648
3129
12584
20934
19736
24913
30991
16330
24617
1542
4461
626
5926
32111
2641
23973
2602
5064
343
12707
11593
28264
16841
10902
4559
22515
12298
3691
19660
7377
1077
7391
9936
3039
6145
13789
30963
28516
19432
14855
23320
4678
18312
22931
1907
9598
6473
17752
5961
6601
31040
30248
31991
16800
13139
32353
24374
20331
31902
6591
14749
1010
14358
28532
26216
8468
28268
14971
30071
29883
32053
19497
29850
4111
16711
7429
3339
32490
16486
24537
6716
5004
5664
19209
7635
6801
10229
3108
13555
2848
25787
6585
29374
1892
4929
22380
17432
16704
29747
16456
16557
5950
15165
2903
3381
32201
9075
32368
13047
2205
8945
25425
4235
10363
446
21230
18405
28961
22519
19208
19855
31609
14121
16896
32054
14353
766
11502
22376
17867
15644
11246
19612
8406
18506
20666
14707
15836
26324
13182
30781
25981
30769
18919
11199
25597
14820
13437
10036
24889
4000
30260
6033
29920
5807
19005
21005
19167
2197
3106
27617
27677
12528
26130
32588
32617
31394
14714
16859
5809
22578
30165
20455
23668
2928
20932
20831
13689
4184
6753
23496
10946
12089
3280
13697
12220
31255
28184
24140
6328
14669
21809
266
21918
2934
23391
12998
17632
15502
9918
8949
12974
6229
797
8444
22633
15348
32015
6899
28761
10979
13120
31145
12706
11018
20998
32232
18548
11303
27960
762
7811
15983
11331
19051
1975
23672
31866
13585
10020
3158
15790
3402
8252
7173
7423
18053
26691
32007
4593
22020
19460
845
12739
2272
32195
2907
19708
31565
16242
19368
2886
5407
32040
21827
31103
12173
27598
1980
15886
18485
28
31810
26483
25953
20932
11273
2338
3977
16108
21999
6802
1049
25570
26462
19601
1395
15115
27764
18650
27704
31005
19297
4073
24004
31118
20241
26894
19447
20301
17676
6337
8763
19887
12954
20789
17346
7596
25898
4400
16144
13131
25076
25881
23226
14171
30942
15955
24429
14692
32412
21705
17201
15837
29212
18122
6639
31903
4385
27416
28465
25498
8238
2363
27946
12743
27045
27675
29942
15965
14384
718
3107
16456
20576
943
17263
10711
11668
17840
31443
27829
1565
17393
9921
14874
23199
32657
31403
4930
5306
13252
7364
15903
30954
4133
18186
29259
28588
27982
31108
21056
27107
12198
8648
1227
25721
19579
23489
702
20297
9553
12207
27878
23357
11641
29039
32316
29619
3557
9469
28255
26406
15162
3127
22594
778
12839
16868
31010
9975
19958
1524
23484
4874
28000
7945
17340
30089
22950
30007
28024
31685
9181
18952
30174
27205
27785
12740
32427
32
18798
12783
25311
10667
15779
10514
3949
18004
30696
25535
21558
1486
19257
719
16696
8303
5540
5870
25603
28374
2391
5466
31085
9424
3069
2535
26503
13181
8267
10823
5072
5806
3541
11912
27048
4498
15143
4830
9479
7826
28177
9891
13678
5753
26178
3228
19742
21208
1560
4222
28809
20393
32183
30128
6662
4146
11353
9043
17864
19244
11237
20864
31249
8741
15042
7120
8099
26659
30701
7458
15992
15242
9545
30872
29362
30527
25655
29667
11733
16142
8295
1729
6196
11081
7406
963
9897
22450
22424
15956
14473
22939
13951
20983
20951
24908
13276
28368
17848
2725
31774
20326
25895
8453
12857
15271
1514
23146
20033
15661
30149
19929
18999
26815
11757
10496
4387
24859
23231
26906
25698
30450
2994
6931
11074
2613
8075
26348
24780
4239
16592
27234
5089
25907
1662
9930
11657
17879
3326
1600
29063
8448
6998
15360
27953
6529
10397
1044
18558
25406
21937
1584
11617
23862
12076
24538
14677
3265
19347
6605
11577
24085
6609
3232
20319
19983
29668
30883
13280
24881
18903
21770
24370
3047
30960
6733
30460
28686
9002
3022
29992
5046
6885
17597
4410
29991
14045
3128
21473
8227
8793
13495
2252
10347
32165
2728
703
11653
25281
5718
26086
19387
8795
13583
27753
7783
19707
19846
22848
14190
23678
9078
3401
12299
4549
3720
29336
14030
23214
6263
12814
16100
21571
18034
26413
13464
15666
4546
17962
23322
27774
21420
26692
14207
8307
10393
12885
11530
14815
3700
2471
11946
14207
16980
19208
10691
1464
8539
14369
3633
30343
4318
20227
6027
30139
12741
16387
15268
19810
25397
30152
25176
3713
22637
25506
19077
29192
17902
3613
16471
17924
27103
471
2249
15127
29615
11406
9832
9765
3836
19581
23386
2641
5556
27113
3232
32552
11642
3831
27288
18203
21579
12736
710
10803
8289
1191
7891
26880
14167
8427
5334
23507
16527
16248
27859
4653
22225
29699
32641
1654
15668
7765
29265
14834
23362
1511
13483
19698
17495
21424
25211
26439
20042
24123
12268
1276
31567
31740
17011
31557
15132
20452
6928
18866
18251
17459
30161
2984
7936
10126
17047
7698
26059
8273
6940
19796
10704
27174
23093
8064
21797
4567
14421
3789
20091
9056
4435
18501
3329
32329
14189
17085
9093
17458
30604
16906
1756
5552
13002
6770
4997
4439
12593
18529
5769
18712
4549
12381
23973
8654
31685
6972
4779
20755
29999
17045
26150
27992
642
372
19773
17461
29639
32082
22234
27389
722
23364
23563
15766
9926
21874
4008
16263
16599
17611
12598
4947
1620
29431
26379
31750
19428
18573
947
7437
5648
11143
14995
27722
4865
8691
1996
2664
24971
3307
20322
30060
18795
4038
30622
18829
18637
30608
688
1094
6930
14008
27545
32169
7375
18697
19016
3062
12569
5083
771
1388
3072
5771
1289
5215
1625
32552
23670
4491
24257
30575
7014
22696
3038
15866
24157
19263
1000
24500
28647
30139
7528
9616
20347
2755
27968
2683
8101
10439
17900
19855
16229
7641
15367
29833
4818
7615
21521
21117
16130
7750
15727
26312
23854
19929
16051
10311
26898
22609
14110
4294
28307
28175
22883
31931
15012
16712
942
13109
4970
28065
22757
10767
15262
32252
32558
23145
17716
1169
10161
14680
30522
31040
17311
10461
19202
21029
2675
29972
17539
2670
13688
12718
10749
2921
5259
2977
24284
11233
24610
25374
26079
14763
27789
16836
20089
16764
8828
275
4472
2302
24770
13603
8420
28450
11096
12182
12074
9911
19365
11979
29049
32572
17916
3412
24941
12274
18535
1451
16875
22838
30371
24096
27468
12302
14187
4374
8893
2050
26362
17775
229
12077
4811
11077
11209
20627
8867
4315
26605
20661
4817
17363
17596
22627
9140
4769
26666
466
8831
575
15768
23534
12089
3106
3064
14321
9224
30830
14129
30005
430
10342
12485
16198
1364
25894
23473
29244
19335
1684
26517
6472
9344
1684
26388
15244
32168
21627
9598
27440
1115
31943
32684
19122
26092
30989
17452
31869
20714
15410
24223
12478
7074
20190
21086
17779
13285
4142
18532
11460
15372
28329
13416
3479
31032
11638
21833
21087
30431
2508
5295
6708
900
21673
2544
16425
27333
21703
9264
27866
4251
1228
16333
26180
20958
448
11002
4570
19975
15813
23977
23765
32314
19202
26799
32459
15748
21217
24610
19075
9825
3450
17670
264
27009
19791
12841
23292
459
29497
20556
15407
27043
24226
21891
17776
13672
11765
5087
14499
14145
25427
23369
25364
4122
16776
12977
523
20969
30013
11369
21921
5942
24174
22987
21969
13274
3615
8738
15826
25351
19531
200
24996
5768
14878
28299
490
19274
25700
31317
4599
1820
23104
21773
9259
25523
7201
21688
28800
19185
30450
13028
10592
18535
8081
2630
4794
5144
8835
22434
3924
14975
31718
491
6243
1492
27558
11692
21337
3212
23028
24486
14846
2335
24564
12986
2242
24333
18614
9482
26449
28963
7784
16476
32617
11514
6090
8639
30184
28610
31202
9328
31274
10301
16880
13310
24465
23054
11172
2477
30053
26164
26511
22808
4319
15570
5592
12315
32128
23601
22832
3568
18343
16647
5639
30104
5475
11258
12800
32637
390
24672
26531
11861
11515
16457
595
2889
31321
27071
5759
19799
10167
14668
2588
4085
15043
21949
338
23799
29454
10534
885
3506
13994
27430
27704
18274
11511
8300
32029
5833
31674
13178
9008
28441
23151
2729
17653
4116
28641
16238
11423
6002
11767
23259
25218
16771
8145
15209
3019
7445
24083
2036
8559
13976
7553
21511
4961
32384
3021
22874
11272
28395
28332
27289
18416
13444
14639
871
13760
24231
2897
6563
21100
23238
20429
5098
13739
16139
27698
2397
684
10302
14136
11940
12548
12010
10581
5171
25068
14267
31628
6603
5545
9003
10374
15172
21835
8285
995
6795
9370
10057
23506
27367
20558
24090
22751
8576
27774
28116
4109
3873
5979
2618
31525
18237
21534
12527
19277
30768
4671
25563
18908
6344
13544
25296
15213
3844
11945
10350
31027
13339
1389
11844
13452
22976
21165
15415
6360
13477
5091
18216
16267
20542
24386
8913
10881
28615
20644
2800
14482
136
17092
18344
18535
344
10413
28964
32139
864
7026
5757
23493
10273
28704
19422
11430
16569
27121
25574
25438
29281
23746
22605
29396
1083
21447
9675
18933
14923
4222
7989
27211
25026
30177
31722
19666
29315
13280
9581
2312
27104
18190
2131
29252
17060
8347
27744
8008
11863
2690
6125
4121
29629
7171
17036
26127
5792
21076
6895
25128
11471
8596
25606
7585
1127
4608
28008
12488
32593
15721
27380
15372
18444
16614
28600
1878
17325
30406
4114
11164
25892
3272
28436
31411
17856
19087
15149
6500
9974
7248
24070
32707
16734
13774
25515
21436
1278
24968
23787
20975
11979
20528
16641
14526
22381
31840
4724
27043
24387
30345
19259
13511
23463
11564
21541
721
26995
1356
2936
20732
2243
22307
7896
13165
26109
8980
15467
20931
13327
4833
24379
4591
31736
6942
15068
25926
1418
20709
2638
27604
15726
18380
17956
25076
15464
3092
1510
3102
21468
3363
4277
5375
17298
3124
24877
4559
31926
25422
8336
8415
5667
14450
23840
22129
21985
28953
32716
27597
29675
31198
17679
25745
31286
13943
15638
7753
26096
11753
5921
32319
28165
18172
15403
12693
4840
10477
31949
13200
23440
5220
22112
3639
25537
18597
4962
2333
8076
18698
19226
14971
30745
5809
1151
11905
9636
12914
87
6382
27334
31508
28316
17631
5366
15296
4899
14052
26191
32437
7552
13657
19604
30782
14372
10996
2417
7649
4808
6042
12291
15834
27663
887
7067
10952
24166
10317
17343
20389
29743
17676
4466
16379
18208
20388
6582
6229
12005
30999
24910
17140
17165
14290
3528
29892
13347
19517
10171
30351
16411
29585
21070
3695
17905
15594
7161
7561
15500
13469
19600
17912
4328
22987
21629
11528
12148
4662
16716
11685
15545
4180
23406
3859
16701
24482
20790
5087
19623
2875
4904
29973
21539
4777
17779
7603
20488
8443
27324
14942
23737
14871
11293
29012
25289
21074
25198
22178
2658
1086
17603
28823
32231
22723
24629
24696
16344
21874
15590
885
6134
17685
21567
8156
23464
28299
15484
29325
5534
11731
11627
12462
20660
9062
17008
20895
2585
28106
7629
13616
3760
8548
20768
31250
18358
29326
12077
6284
15014
17897
27358
5487
16473
6900
10120
24908
14194
1246
24176
14308
13817
9625
15758
5088
32326
24368
25489
2755
15137
12122
7459
9500
18215
26959
1901
1792
880
16858
15326
31927
366
25008
26920
16310
1048
29184
32140
1997
7240
22347
18008
15522
25698
3702
10414
23390
7991
24606
22406
25766
15913
24107
10998
26317
4751
24488
31922
30792
11867
28370
11727
13922
14330
23918
14796
7217
13691
29536
31442
17864
4852
27514
827
29614
26657
12946
12370
25231
16719
7383
23129
19250
28536
1381
17873
7851
9136
3094
14837
21202
22975
26011
24712
21235
22032
29132
21200
26823
15050
3133
30691
12707
30780
19218
6177
29680
7294
8212
18946
26843
18005
4100
7186
20045
16216
29743
8249
21790
337
31298
15424
16262
10982
22112
25489
17364
10105
23410
7742
1890
3660
28094
325
17864
31977
956
31763
30800
28865
10532
8006
4522
25619
14412
16567
8673
12815
15793
8376
30350
1596
14803
29850
2892
23319
13639
31347
24171
19453
23303
31261
32233
15946
3340
22402
24733
9667
10015
6679
24502
26673
25580
3495
25700
9295
6232
24658
7637
24550
14612
25045
21347
24887
24178
18444
9996
14233
14968
7349
23586
14179
13620
14454
30275
27916
9038
28450
17548
19345
19172
20792
11530
6679
10897
9900
19569
25810
14031
1770
15889
29989
384
12825
8197
5387
32711
3996
10158
8629
25116
30175
23136
12661
12960
8016
15962
20698
11693
28843
6140
6941
2226
29819
1844
12731
6974
12254
6458
22372
7770
13448
8829
12820
30236
5130
29917
30848
14713
6228
17946
3763
27739
25977
23180
22009
8179
26803
18453
13308
27985
14503
25941
5421
32306
19178
14620
28261
6169
8899
32293
460
23969
23859
3841
27387
14865
15922
20049
13917
11057
9020
24376
2011
23900
32524
16912
5304
19927
17064
10588
29881
26465
22429
6910
3722
19723
3980
12715
9053
18250
11493
4763
15828
1867
26867
27525
2081
13446
6937
3274
19820
30870
25947
29681
10868
32072
2591
23123
12666
4338
20277
7191
1371
25862
4630
2913
12284
6886
29033
967
14314
4858
12236
20997
14658
12801
13264
17393
1487
4260
18757
29873
4211
18769
1977
10539
10184
22598
571
20669
17414
16876
9317
32302
27688
29543
24729
27877
30282
4459
5002
26201
10070
10577
16638
7113
30175
30826
3539
18477
29773
15763
6976
11884
9787
18697
10078
18383
17693
15999
5863
14006
14374
15726
19517
20874
17257
25517
28590
23026
12862
24129
3318
13386
231
31862
10757
13137
18803
31023
15107
19489
30691
28282
6034
18021
2444
10087
21843
15558
23484
17435
11179
422
19872
25632
17607
15377
14693
19199
8157
20720
2206
13073
26805
27776
26598
17042
26729
16387
24006
22263
29545
18358
18649
6785
30913
11522
2349
6163
5791
6390
22765
16705
22543
2805
6205
6825
10
1964
4198
646
1455
13383
29235
17794
9680
12773
5019
30156
11696
19785
12447
14443
25355
22226
13174
31954
11607
13997
18408
21172
25674
4425
15864
21017
26524
4107
32709
18866
25614
8772
7858
10089
27051
19040
15301
20285
14158
19296
20301
21581
24420
19082
5064
18482
10739
14686
6147
5266
22492
7117
15491
4850
11101
32422
8228
22220
23001
12881
16384
24034
19164
7615
20114
6865
18522
15777
1564
3561
1079
9176
31301
24636
5900
2861
11527
13557
23593
21315
27336
9452
20182
30921
12743
6263
19679
24052
10426
29570
25167
30509
26806
18402
635
12295
7758
486
21058
7283
17919
17199
26516
18999
1996
24514
8753
18076
30245
12636
435
11367
13325
13574
7375
19979
18044
9960
7640
20509
5378
4194
26756
18440
23982
31833
19699
13058
8238
17871
27629
22847
17463
13495
12396
29028
32552
23815
602
6206
15594
29710
5787
28852
4122
4104
78
32762
28010
1520
26448
6664
13892
22933
2050
29259
22193
29680
24653
9370
31354
5045
11747
19051
7565
11304
8647
28743
31649
9778
27919
32635
8989
14260
2793
28689
12086
17691
27612
22270
27992
309
26192
9373
29128
16195
4177
10076
24455
11087
26256
9910
26489
23743
25770
10849
17094
30507
29357
16840
11393
19820
19417
24507
7816
15093
17059
7781
21931
10087
1536
32639
24848
26719
19423
31940
16597
30098
1271
31909
22520
8989
32196
32573
13684
22038
4300
6023
30893
26471
20007
1231
21774
10460
15422
102
30961
16506
5587
5018
23487
19987
10562
2533
14168
3863
15622
21349
12469
29869
7550
27532
29644
24578
14321
6169
18099
30945
26321
5191
22537
21125
21308
31812
19602
21163
4040
3300
20513
3819
20608
2967
11707
5191
25642
27289
13049
19717
21196
32104
25262
30906
17774
20859
15050
27304
6944
32561
4478
585
20287
1800
19873
4652
5365
3855
32339
10496
19455
5278
5600
28911
12979
26180
19431
6445
31041
31233
27323
32208
6713
29621
3081
482
7245
28633
2235
20404
8537
26221
8221
29558
26272
14897
6718
1029
6744
18456
27034
19972
10858
2810
4085
13614
28787
10121
19082
16362
24334
29830
18789
288
5205
21301
30222
21580
30117
27662
3431
8145
14498
9141
4311
4495
32123
23596
21160
2487
24176
22088
8622
10206
6289
18273
22570
11857
12744
30542
20973
12201
16409
31376
3521
15007
13865
23758
32260
30753
22781
20354
19606
28581
17157
12529
5622
26045
6233
32608
24487
2283
20546
3205
19929
24759
14332
1340
23621
13056
4794
8571
7769
21392
31467
4232
19093
4595
26812
30057
5429
14728
478
1949
7696
22488
5769
11273
30144
15655
28609
6709
32259
27465
21208
25016
10593
26295
24116
25585
24079
7650
9042
5624
20
23239
8715
7892
26282
29380
2326
9711
16615
10410
24527
26055
11676
29971
32054
22245
2686
10486
28731
1811
16003
7800
15673
28874
911
27653
5312
26346
29520
19872
26519
26797
23398
14455
31745
29150
7368
19643
26688
6982
6755
6574
5720
8040
31492
26622
13589
5998
17015
32337
14927
1122
1521
5153
23149
30881
16299
26314
6440
30093
1488
9441
22418
20867
10393
9160
854
14861
31670
4991
19265
9816
20209
9405
32001
19944
23054
21824
28717
30602
8181
22113
8838
13450
3347
16875
27005
23591
21757
4397
23797
23364
21334
2638
24393
11360
29684
6113
26257
3016
26174
16057
27425
15371
8152
9727
8019
28335
29315
25985
21639
9506
14654
3661
12647
7667
24753
8575
7536
8770
20172
26967
1454
18294
28076
26767
24262
31022
23998
21483
2106
24441
4902
18961
29929
30025
25186
15771
15573
25381
16426
17771
31785
29215
14491
18238
9083
11014
24981
12420
7502
30172
19554
12656
27867
19850
15000
11851
10769
23507
6720
23309
32474
4487
3383
13614
2464
3833
32725
20410
18704
28850
4813
9636
29981
21607
23636
26204
26952
10793
17542
28835
1055
9692
261
28575
8196
25834
29667
20010
2352
7225
29122
29808
5368
25178
13113
953
15950
27139
30074
1155
27530
16575
3634
15060
16747
26084
30385
5326
10072
19909
4683
26500
24812
9514
13310
28172
24754
26877
10069
16086
14381
9798
16523
11067
18716
30298
14324
15705
7163
2894
21657
18463
32717
24754
10786
15780
22297
25724
28154
16317
13875
11331
10157
7886
14012
2734
16533
15072
9324
6443
14005
31476
26383
2532
30437
20119
19918
21999
8752
28087
8112
7108
17018
19125
5473
16885
12901
27323
8241
12825
15478
6224
8799
16393
13684
9258
31896
4432
5649
10307
5307
6364
22477
303
14815
31482
6422
29100
2455
28033
19636
9339
14965
26700
30820
110
28620
14830
18115
707
31418
21666
28782
5040
11366
26497
16488
2367
7559
6136
14268
19548
3878
28536
5219
21548
18596
20847
16231
27553
5886
3448
26185
30028
20816
25038
17313
8562
1688
519
23300
19041
14525
30207
11306
27396
18640
25874
8528
25526
30865
8590
15580
340
9525
2151
19008
31382
8038
2349
5664
22431
17548
27196
29111
30674
15691
7475
1399
10728
1356
14247
14063
2623
8257
25624
9714
7029
8227
24355
1270
19766
24766
21754
20666
25938
7280
13074
11052
32531
15918
16923
23945
5325
5319
7221
17862
18358
19309
21345
13103
23032
19313
23605
30286
3845
27470
4309
10254
26155
3817
24606
27680
25448
7447
32036
12958
23167
28256
8927
15598
28747
6403
16417
27114
18004
15929
8139
3389
1184
15550
24897
22032
13772
27790
21787
2279
10587
18412
4638
4293
20557
9641
22122
11159
18419
26787
2292
13775
1795
18572
28471
22864
24808
6125
27431
9098
21339
11114
21863
18150
21047
17991
18363
2916
1417
12331
27584
12930
11751
22564
8667
21089
8964
10476
5231
27683
8321
29291
2899
16791
21765
3196
4995
11800
26511
5876
20245
1714
26379
31457
367
17799
22564
4367
11192
1137
21850
4561
19852
2793
30036
12797
7668
29480
27511
4409
20629
10891
5815
23925
15143
20796
29357
20409
28457
15631
7914
26145
7123
9130
28812
32550
19533
12265
16911
14878
22046
1665
30053
16646
3047
32227
23624
24448
2129
3427
31439
2840
9540
14233
22591
16587
29530
29703
21028
23498
17811
23549
9633
18811
9546
7866
8965
16065
16999
212
16286
21117
13271
27354
31186
8533
7225
19255
17259
24244
1754
20313
26163
30481
4324
14355
5825
10101
13010
19776
10642
11831
15911
13482
7772
30986
25440
12330
30110
29755
21543
1808
1148
24371
21961
7876
15050
19011
22506
1710
3943
8609
25464
31572
1740
27053
30173
9410
2020
4217
7289
5167
29471
30857
25679
17629
12226
8407
29182
9281
9089
3610
22004
25956
18511
22856
28894
9097
21621
1882
31842
6160
10465
3663
3089
26522
31169
11123
6807
19054
25937
28385
30517
5148
27889
8263
10098
24160
1147
24809
4365
23368
11219
12009
53
4761
18112
11717
24060
3696
9978
22561
11018
15141
31876
32455
4750
32372
8251
14572
10619
18911
27824
10677
11760
11342
6451
16121
23287
9977
19248
19785
9331
18823
20927
11565
28500
22903
16246
15793
6669
2240
22145
28704
26952
32692
31477
16656
11480
15914
8034
17054
12527
6108
24488
7163
20369
20494
15883
8744
13896
6257
13961
28157
13338
30534
7274
4976
9144
22726
30234
24084
17912
20418
19252
14048
8325
18823
6367
5938
13525
14596
24669
11539
9052
32047
993
5309
3840
1700
26017
19291
21708
143
32045
16143
27624
205
22271
8249
457
846
12883
22519
9893
13502
12601
18408
7722
20580
20200
14134
10351
5450
4181
4307
22315
5790
8964
22274
17189
27480
24094
28698
13803
285
22981
12422
7111
5731
4260
17937
20975
8151
16330
26721
9468
7419
30904
29376
5021
8212
6584
19235
10637
3395
8305
14948
1730
21746
2745
6611
26344
11633
14762
31213
15629
4065
2808
9835
14238
31826
7297
11135
16530
18728
28198
16474
19941
451
21978
15089
5704
6239
31224
28929
32279
28472
17882
10832
20619
31986
3239
2103
6449
4153
20076
1629
12698
30373
21359
30917
22356
2784
4544
11019
24090
28170
4368
1258
21064
28764
16582
22530
8082
27916
29776
15064
4084
7537
31159
5407
14060
10088
32375
16694
7400
27382
13965
26353
16122
21295
31185
29596
14035
11862
19334
21309
7919
20805
48
20250
1805
2575
30117
13691
3298
9701
4455
11953
27918
3638
31025
25431
8271
16666
14800
22488
22773
10481
20532
8498
29846
5959
18631
22265
13826
26364
26878
26270
23417
2465
5933
11249
25884
1060
29855
29413
8098
7856
24038
18067
18252
19407
17776
12674
22299
2770
7259
21286
22592
18802
15754
28326
17876
2231
3833
22243
22729
18713
19789
23477
20513
486
13744
7287
2397
10211
475
25543
32057
1846
27252
28807
29846
29827
9115
20519
2488
6486
1984
11815
18865
24513
25783
15575
2589
16710
7950
7010
18192
31990
8094
23818
7501
30939
16224
5557
13497
21140
9602
4009
12047
25407
19386
3732
28372
15004
7387
17359
19086
21870
24998
22499
49
4901
28642
11597
31962
11963
20399
16510
19647
16092
19223
18726
18278
329
7142
178
19478
30078
11195
12819
8844
2707
6752
30402
21486
25696
32343
17665
4101
31716
5045
13155
29350
7912
19764
5518
15729
4831
31619
22080
22975
24337
32480
12944
14037
504
14057
14967
22622
5610
9391
14990
10520
10489
29453
29465
26061
19480
22840
16453
13445
7551
2966
6062
15354
21072
11988
32548
20300
890
307
24751
502
16861
11810
24528
14337
13744
18
5130
1655
19744
25734
19617
30747
15930
30313
16802
2647
24587
677
22051
30326
7942
15089
20428
6931
4262
2794
10135
6609
27220
17254
22483
32077
24458
4101
19311
31569
11065
27401
21109
10059
18536
871
16341
10493
7710
18717
5220
19317
8835
5063
23332
30784
14658
5997
6854
29403
20785
7072
109
26730
1332
10437
10165
10156
17503
8112
9204
5423
17754
28533
11968
12224
18698
23930
8113
14630
28781
5073
4455
22288
10694
27077
22479
16459
30971
6835
11171
19000
7995
24348
12080
27262
26083
7159
12380
252
4259
7244
19431
32258
15069
2302
22001
14528
9293
4841
11197
2558
12527
812
21172
32526
8221
9672
2221
14591
16120
17003
10603
19476
6666
6022
3431
13172
29226
2981
17872
11555
30879
2304
22993
4657
5768
14157
26898
32562
17275
2009
22401
24814
12140
18391
26194
14681
17360
11512
24132
12485
16387
4156
12071
18262
29927
19207
10395
15030
25551
27255
12314
29707
17563
11509
6201
4646
14116
32266
32042
25597
9178
25716
19078
26460
4011
5754
20041
8151
26407
10364
32031
23043
1250
2510
19422
12006
30490
17351
16979
23467
18586
12052
11073
16794
20702
4946
1447
8776
20344
25821
6978
27659
22195
5346
24659
10929
18805
10172
162
28786
28778
1405
15811
19234
27230
14538
664
6572
31723
4077
20503
21947
597
21541
26445
9658
3506
2880
21667
19199
26190
30572
16481
16451
333
18763
10352
7254
10386
14405
26468
3344
23008
29986
11450
32395
8511
10968
19037
17039
29346
417
31599
19534
18118
22609
2119
21586
32605
10215
27574
30899
22124
17762
23951
11661
23794
30166
26214
4529
19658
2238
24727
31643
12754
27796
2699
21157
11853
29087
3638
2170
24198
12045
8676
18124
8119
15937
9782
9546
15912
16494
25959
31692
20123
25189
22484
9425
14056
21163
4540
17452
10725
24015
15940
26106
6792
9466
19390
2519
27216
8904
11562
28242
22240
29270
21757
12446
27374
3229
19746
5258
30299
28670
4159
2226
20899
26141
2105
15095
28792
23539
22010
20782
1962
31
18034
6677
19018
7037
6363
19083
527
22522
31298
6912
1784
27047
23107
22826
23091
19980
32020
16889
26686
5566
28357
14286
13900
27700
15301
10472
32490
20950
4777
14878
482
15447
13097
2516
2912
4421
20075
7976
30291
11998
15493
22892
11798
30502
11069
29657
29520
4406
10770
29057
26649
21719
14209
1414
10078
5199
13185
19338
27526
14459
23376
25702
2133
25374
12913
19231
15377
2937
31990
30230
7140
18716
12027
6270
8066
16635
30067
6163
4107
26820
15399
2825
24115
5232
21755
21059
9120
537
9331
9158
21396
22539
30583
6509
24267
18717
26195
6110
20135
21314
26882
8636
7050
19547
172
27423
17027
12623
6765
16705
24110
27486
3928
6778
18133
32690
26044
25198
32219
23863
14245
22149
26715
15533
25254
1691
7436
18172
25814
19961
18792
30151
2841
22660
29197
25155
21665
2101
4707
30282
12212
20169
24447
13227
29615
20410
12871
1477
15435
24173
23767
20820
2591
11437
28452
13962
19558
15704
11999
14690
14339
28504
18077
17457
4034
13525
28724
14461
16865
19113
7784
531
32463
1045
27079
24660
11571
32434
17617
22992
24368
21162
15196
3606
11495
4903
16695
22985
6206
13068
21518
247
24032
8676
29837
21415
22406
13591
15048
177
21364
12644
2523
2771
1350
2187
9933
5120
29676
8010
14011
29435
2292
12171
26674
18213
9479
6876
19420
32404
23991
16671
8287
612
18552
12163
5506
32082
30443
15283
19090
28806
2147
24397
3076
2737
29858
26517
5211
30040
29667
19819
21580
3184
10270
18810
1568
13354
27527
30899
4187
16656
26711
9466
31643
9809
24016
1566
32706
24153
13947
3855
27735
16805
21429
6987
28714
16342
12905
4250
1079
12036
19743
18683
32205
9556
24374
22750
3056
4301
28013
1427
9211
359
14249
3
8586
22885
30706
14238
7574
22501
4798
22932
16610
12726
7282
20552
5526
11369
22566
22274
7210
28587
5032
30179
10118
210
1220
31263
17512
7349
3011
15974
12293
25537
32562
22435
8691
3145
25829
31209
27974
3870
15419
10666
15610
608
15778
3371
28561
5779
13150
29236
22012
27125
20359
23564
22975
9743
9041
11685
20049
7051
7057
17427
29121
20549
9852
5442
24735
13221
26289
9961
282
27947
6010
29114
10598
31051
1614
1244
1377
2172
17819
32154
32629
21644
31939
10077
12480
24630
31076
22487
7282
21750
26077
23426
14967
29468
18702
1609
5463
18464
13151
15492
32602
7989
15619
2090
8943
24608
14718
3650
29262
20555
17508
30875
14941
27157
2916
10173
23760
15981
31110
16671
30101
5279
10161
28059
28527
15469
13936
23582
19425
18018
29941
23716
8781
5731
31071
10084
6749
1159
3640
9287
26018
41
6466
18079
31867
26939
24435
20758
8761
5084
19006
5604
29824
10797
4628
1862
2544
24673
29227
11307
25605
12052
18814
19760
14396
2014
19733
28110
21624
14375
12166
26066
8867
28221
25020
12046
3992
5283
20727
15183
22849
30637
17940
26255
2044
26953
18959
22891
5956
22304
13254
28631
4493
1758
17151
30736
9071
27853
27821
24018
27143
20649
15471
5580
155
13488
28506
23889
4476
13048
11256
8784
28209
17669
31632
10118
29393
10651
26792
14578
14513
23761
26313
1161
23615
22119
26498
27436
23086
601
16559
24023
18388
10164
18428
6939
27344
12713
18340
24782
29679
3808
12415
26113
24913
6927
11579
12594
19399
18122
31465
7875
9088
29085
10940
11179
8165
10840
12558
22636
26305
18858
26020
14405
11941
6897
22835
168
24715
1873
9251
11502
31929
30467
4754
2634
18152
23792
20892
16379
32166
8319
474
10182
8441
22955
21288
2724
3141
4952
3500
5560
26479
2023
11284
7043
13123
3080
27422
30043
29971
7119
29278
6425
17825
15883
31292
14099
18240
12755
4924
29770
18229
6753
29314
5348
3683
7460
26517
10972
9512
9744
24419
7416
3714
17977
6277
6651
15990
24736
27845
19484
20402
6476
21469
24760
15473
15005
898
14404
7839
1246
20641
21125
15165
7193
13801
19203
23816
2095
9097
31163
16981
31527
31803
3092
8768
20935
25473
10772
3333
609
16686
31700
11182
28144
7721
9009
8943
18276
15982
32197
7502
1337
7253
17174
16518
4430
10519
21260
4654
10997
30350
18601
3990
12102
11836
9460
31986
15290
31119
9782
12218
24309
16227
8041
22608
19426
23241
25582
3812
17157
12039
7038
10133
9741
15584
4707
4568
27049
7445
23016
18206
22941
1067
19726
3249
25365
13167
19840
3295
22841
31544
19657
2907
26625
12908
30149
14560
10571
18245
2645
27159
4139
19797
18775
13755
7810
11464
28886
15867
6354
22250
12413
10528
11344
9193
8274
3439
15163
15835
4001
21585
17261
15618
16437
22705
4912
22863
25038
17574
16466
21798
25040
29266
5500
1377
25401
21514
27071
6807
29397
10166
5744
3998
19381
31099
32566
24910
16349
14744
24673
29576
6461
27022
22397
18295
1763
9348
23079
26390
27246
1769
3872
10739
6598
14683
15776
14130
26890
8904
18157
26836
4298
1491
24107
29754
17527
3449
29302
31716
3351
3316
32558
28287
15421
30431
13970
22303
2873
20380
14993
713
14988
7923
22492
7988
17823
9467
30528
14032
32436
22078
14643
11784
10012
25368
28589
9668
22442
20064
27193
26419
19817
22346
18507
15559
28298
14988
17876
23681
7072
3776
13844
18286
8464
16394
8367
17010
23746
28410
13572
19524
27677
14004
1978
13498
30259
7758
20123
14663
26168
14713
3750
19138
10809
15460
28767
24680
18954
1757
11882
31781
27265
27322
21080
17423
4321
12663
13249
21811
15001
9504
28051
13205
7471
8305
15785
31602
8823
27197
672
14280
29960
24588
19430
537
12528
13320
12307
20331
3239
16922
23933
3731
3650
16464
6406
31667
8425
20098
7993
19714
7819
10549
7062
7371
8656
959
10793
13497
13392
19884
5986
7761
11522
26465
21024
7360
21239
2559
17423
29655
6216
26250
1076
8276
333
16459
6086
25955
3087
1650
13632
21348
11264
12544
15796
11247
11754
25828
24674
18197
6182
9060
7305
24041
23310
2239
5501
24128
26036
24081
27898
11188
29397
630
6072
29167
8712
28530
24639
27686
12603
23697
3069
17891
27232
17994
22166
30984
6500
23593
14203
19729
7777
6702
9662
23449
28692
4464
20005
15903
8849
9221
28541
18699
17973
14374
20784
30700
13021
9871
2074
28420
4949
26661
32153
13830
17684
18139
27875
4126
24614
5590
19101
5426
31593
13520
19113
28776
252
25274
30783
26600
9973
9125
5183
4579
24658
15842
11717
23252
23091
4712
10494
16645
22854
21623
10299
26965
2946
25723
2884
28986
8728
21043
30959
8706
18342
18962
9969
26974
18094
29158
21491
15136
29768
30903
10217
16452
13075
24050
28319
30509
8817
13255
24724
10546
19956
24783
28172
22873
28947
9458
16481
4194
8994
25992
26010
10760
32641
1214
23102
1923
7699
18491
25963
19281
28657
4868
31522
566
21600
30365
6373
23938
31233
24434
20612
25234
24648
24693
30004
13209
3375
25095
7905
21921
19244
14364
30661
6092
864
25498
2106
32736
2065
771
29900
24578
25434
13908
25235
31170
32289
31277
30144
21080
13130
15921
7797
7213
9002
15024
10202
22942
23359
18820
15725
7420
9758
17976
23193
2519
6060
14704
22667
31612
10641
21380
3649
29884
31722
31343
14051
15599
3646
28392
4695
20025
1204
19662
29712
30988
19843
27337
13350
24814
15017
23855
13996
13949
25568
8228
32062
21168
25806
11526
30425
5983
19324
32520
495
14598
19209
19228
21691
21958
1696
28439
16339
32172
2215
23567
32508
4150
14905
8
3137
4883
28375
29392
10567
26155
22618
27176
4827
30943
30508
14628
4813
25746
23224
24277
25601
4200
17951
26661
7363
16973
3373
10497
4955
16698
15755
4286
28897
27827
26678
7605
26195
28053
7983
13361
14309
25614
31605
23692
4760
14061
16176
11412
24590
26652
26671
24627
3229
4714
18068
25936
29602
29838
27598
24304
26136
11625
1480
25505
32617
3468
31328
31512
15491
8698
22299
7961
2351
23599
26903
17303
14238
31585
4417
10781
5701
6917
10439
1132
6124
2709
2513
10854
16897
21137
4204
26410
21809
2756
10182
8577
25658
26056
14241
25465
19706
5580
1538
1359
18380
28309
24873
32658
277
26819
9670
10374
28954
27222
30058
24775
26133
30832
12604
29486
29831
13916
3309
11256
16847
21968
19950
27429
23804
23663
2784
13855
6624
25234
32588
3228
8805
12104
18324
1221
12837
21916
6441
29336
12340
14102
19199
7819
6976
3972
16958
20338
31709
28153
5947
11170
20762
16151
1702
13655
11096
19594
773
26195
26972
21973
31328
11976
19362
9809
9278
23416
20980
19570
27601
10011
5948
22093
19054
31489
8087
14167
9792
8952
19626
15216
2364
30832
27705
11040
17495
18653
5365
1312
21239
31581
17814
28956
4776
14747
31274
20407
8977
8179
11181
3024
550
14551
28121
4355
14495
18289
7999
2931
10920
9609
24471
21703
24794
14506
16469
12915
23914
17024
25469
18745
20896
4229
31927
27119
18315
20189
26790
7042
5108
637
20086
1595
9360
28307
32692
9281
32377
26914
2659
23392
223
25325
12620
25608
16379
9879
16021
8601
3141
4872
25749
20445
31207
21779
8423
10710
31857
25685
21949
28091
27342
18272
3447
25149
32631
25369
7285
16654
10470
22878
5417
10916
15950
15084
17008
1851
27785
4224
7202
31001
28498
32573
27111
17429
27316
3150
2125
20058
30914
17356
1048
7785
16265
18146
32730
31325
9027
1327
6083
3187
26830
9579
14265
12489
23644
24910
6059
20582
20587
22701
21027
28027
2296
8167
18715
17640
26351
3455
19730
10498
26599
2826
14943
31124
19980
27980
196
23844
1116
6046
18758
8055
4887
28306
11836
22871
14448
24026
14759
17811
31113
30054
7617
26440
16286
25037
23513
25951
21889
17390
19805
16215
22854
11223
17209
16196
30271
15078
12127
19736
31531
12589
3239
1826
8362
27163
30938
17364
5108
3161
13577
24777
6603
28915
36
775
23982
1464
32712
11393
16720
12003
11095
19168
16456
27643
27982
9090
15370
17399
28371
16579
17430
15526
16782
17532
11887
24910
23482
17354
5199
7316
6780
4113
1817
27035
15987
4416
4495
8304
5776
5462
22853
24998
19752
14629
29781
25917
2887
20053
18261
12489
26184
25261
32646
30927
19362
19598
32078
12659
24325
24768
17129
4688
32422
13682
15195
4520
25047
5755
28073
6845
1498
3814
28744
894
23799
11182
12502
1382
29644
23494
25608
15778
229
4444
12772
30834
4748
2143
29232
19409
20194
22079
3370
17752
31279
9972
21625
12128
14199
19265
26724
12647
14158
31802
32066
20405
18668
30724
5425
3646
388
23516
523
15051
28114
24410
17302
8789
500
21751
5627
13745
15226
5070
17530
24947
10688
11935
5211
7436
20604
7193
23592
30005
6291
13401
6937
5521
17201
10158
9424
5517
4888
21151
13638
3212
8248
4911
262
12609
2432
863
5529
2139
30965
15605
7745
26216
11777
2684
24810
18675
525
10636
1885
19184
6994
587
2231
14427
16875
30772
18201
1307
2863
14359
13730
11052
20287
10081
6810
13309
7387
22686
16880
28951
8058
10556
13287
10240
11161
27794
17420
13663
25939
18465
3179
27488
13618
9497
10498
12122
32581
23327
18294
6832
20594
30797
24325
8949
30222
19066
9404
3411
13227
3516
4074
12589
2865
25644
724
19971
19249
31465
27562
30870
22389
96
29114
25421
24540
20426
740
1496
31077
30197
21838
26643
19849
29512
12633
5165
21454
24322
6099
29705
18841
20418
6254
7652
23619
11596
27760
21561
14704
20362
10669
15585
31132
3793
8626
4991
6391
10598
16708
23323
29299
8769
1033
21261
28955
32016
20612
13085
27558
31615
20551
29416
24140
16311
6243
8326
30424
30756
13860
2665
9983
30844
29691
16520
12528
25597
27324
12477
25132
19702
13065
25196
28824
28040
19214
5478
11728
23982
1136
18445
1215
27259
3711
26808
30061
29347
28851
13913
791
27709
2390
5213
18565
30663
25726
21971
9880
9323
32574
17361
16675
18816
19229
25363
15867
6484
1479
15590
31314
20777
14595
12100
10816
10877
30437
2113
5795
29071
9797
28838
27945
25886
29552
27099
22187
17268
14620
25354
18365
10403
30114
10625
16259
8719
8295
14424
26822
6956
29595
11092
20806
1929
32295
22796
11090
28174
4576
22602
19863
14722
25089
29876
25910
29263
26072
22188
3609
17802
21439
25204
17798
32046
18510
4758
27380
19880
28111
20867
17182
7321
14322
5754
12631
9431
1987
18859
6941
7093
19416
13213
10736
15236
28879
31693
24421
22361
13816
31384
12150
23569
14926
25178
5404
25235
21932
984
21792
14165
4669
12763
25389
31522
23093
2078
7467
16666
11710
6506
20680
19962
30005
18688
16215
23709
17303
21303
5086
3011
7478
18790
32618
22802
5809
1284
28582
19802
24610
22030
5036
15901
4249
28841
8987
18511
17866
24073
7018
26714
27650
29841
26492
21349
16992
6972
9588
30166
28481
23611
32458
15125
14588
2784
18079
659
14032
186
21069
26124
3610
13826
16451
13577
4043
14645
8464
18856
18970
18947
14013
6815
25206
7016
15968
11903
19391
281
30702
21558
11445
3105
24657
17624
2737
23244
20922
4767
3219
8132
32313
2352
27131
9338
30859
25375
23228
19143
16179
30902
6797
20948
32204
19442
21762
25143
30877
5583
3515
9566
22126
14533
22748
27697
15514
15507
30652
10483
29030
14139
11746
16489
30865
18254
25133
30271
24108
873
24658
30887
9132
768
20108
20291
830
25690
11150
12613
32090
29661
26813
1749
25755
22668
29852
6579
23502
27086
18823
14621
31305
4721
21669
21747
2686
25838
18712
21529
5839
17647
13174
10781
14500
18958
24957
28697
23995
16352
29186
1243
30656
26418
8491
30788
18974
23698
9438
17902
18964
18450
11641
8977
17675
14920
24260
25512
16679
23193
21796
15055
19484
19128
2833
23152
11331
25449
13001
13854
10221
11915
22598
27969
22263
16981
24430
8308
12958
25056
12939
13867
22421
1765
13562
21145
11861
14537
20007
1745
28085
21718
8377
31531
11194
11212
16905
6377
28848
6296
1497
30490
121
29795
12867
3775
20006
3022
12271
31277
19908
31100
2697
17330
6264
2514
21874
1915
5839
3066
18614
27829
9551
13358
10815
14835
26450
29491
22344
2256
15380
26403
532
23765
2570
18800
30687
8605
21621
32294
789
21558
20280
10352
15810
23499
25830
26718
26697
21888
25376
9701
6234
22430
16670
3368
21534
28656
13451
8181
28084
24941
2198
147
13025
25878
27462
22971
17667
29218
9485
2020
11591
20825
28321
26564
284
32702
22791
28179
10984
9328
31728
27794
11001
7634
24137
10316
25790
27114
19726
9499
19511
28167
5215
19055
1962
24999
20181
17739
22936
24727
16150
19344
26351
26716
26535
9342
11649
17618
21762
6776
16053
12307
19945
14855
4732
10650
24057
546
1671
18601
28290
27053
23992
3559
24982
24127
21462
30798
25440
8232
6532
24900
26039
8115
19572
25608
31219
16296
16344
21584
32000
8469
10521
2097
18865
23630
1228
31038
25942
19251
18402
244
23184
18609
12574
13398
13924
2444
20173
8916
23439
29275
3249
31857
8217
3796
24126
25381
26925
3657
22793
27520
14632
26995
21373
4241
25584
5487
23503
7942
23943
26630
6965
23444
22240
4401
31059
26778
7409
19932
5110
12033
28169
14315
24325
20070
14692
22395
181
22651
31997
22890
15867
23466
13731
3865
2887
252
5455
7024
5487
16698
29621
28963
22249
30034
11545
1588
3390
17915
25444
24762
8891
16028
21879
24800
24682
1898
16575
27696
31809
2769
265
24082
22424
2582
25240
24975
481
25914
23157
6235
21395
6689
6407
13075
13671
16116
10979
24259
26567
31683
7141
11179
24195
18287
20608
20803
1223
27591
2386
29564
32074
5361
17660
19785
12999
28684
29744
25694
19633
7443
13324
10807
23587
30724
678
11869
21782
32066
8680
17893
10198
19768
7326
19513
3767
4928
8653
24859
25603
21443
10822
18406
5176
26017
7292
19479
112
6867
25235
20237
25889
23631
9913
25357
6406
15659
10681
6025
14429
18694
26573
23202
4179
4516
32692
5099
24253
16344
4101
23664
14856
11175
32451
30711
13683
16298
24369
29573
5499
11188
27112
3364
10391
10933
15142
18660
6182
24542
19305
22304
17830
3846
22077
12290
2086
13389
9042
2121
24062
16127
26065
842
26301
29627
9712
17973
14691
14804
26821
20634
27345
22519
2647
15916
22653
25614
32251
21956
2922
27237
26846
2473
18264
4107
19166
19726
6712
13436
10654
25308
32738
22140
29145
2482
28170
16454
758
10538
23664
16102
6365
25695
7512
26852
2058
13740
6714
14370
32735
30646
18618
31495
18239
32684
27610
24797
10072
11469
30063
9592
30912
4395
7122
8217
1732
6063
30679
14738
15613
19294
16131
3498
21284
9178
28153
15298
27430
31532
30518
10937
21883
4288
18942
17422
28596
15793
17814
27204
20820
15944
27828
11915
15073
13503
27956
2460
31547
18762
20492
7141
16172
2904
25986
14566
32575
30741
16797
16859
32726
18996
23769
5019
6007
30445
11550
3008
12135
31809
19187
26888
12922
25733
30448
2811
24105
8990
4977
21710
10725
11914
26258
14216
14507
31648
14423
10083
2265
15896
8490
117
22080
4685
7307
7823
25210
29762
13315
11366
6013
10211
22105
28144
14449
30350
12041
2577
5311
26066
4594
6007
29035
19319
20303
28867
7331
25278
1000
5097
24472
18153
14730
4313
17036
30462
27572
19295
22316
18121
17555
5191
32033
24864
9776
24006
21730
16235
21481
3861
21708
14947
20510
15199
13428
6169
16940
16349
8764
15162
30879
3392
30500
22418
23459
8271
23779
20432
25532
28113
6711
8329
26807
17837
31097
31871
23777
29008
32116
32290
18550
4431
22647
4695
6492
32333
22953
121
6929
12576
17565
13213
10979
30255
18214
10523
31839
28702
365
10314
523
11694
21568
10122
20056
22238
27053
648
210
13655
11216
26045
5018
7174
7657
4920
7446
29195
19377
25758
23015
25810
17135
11887
4891
1407
19270
26762
13476
21904
20561
16372
10249
1725
12786
30165
18268
29219
28390
12227
31852
2722
23965
7491
24635
20100
26441
5773
28339
31839
31030
6288
8852
3900
8281
16950
3505
17912
811
14057
16732
14827
11704
2646
6943
18632
25586
6513
18861
21956
28236
29881
7703
9723
5252
16317
32067
23567
15040
10719
1435
22290
21725
25688
15618
30886
9220
14716
23308
5730
29310
10559
878
6776
16841
12025
1203
6037
7915
5222
28465
21513
4358
30193
6204
4136
22061
23602
23961
3056
25206
3765
15669
4076
21840
1021
5399
32087
22807
4808
8084
10629
8422
18581
32706
2175
30893
2404
29231
27374
7043
23741
30162
21306
17469
3059
321
9714
11327
30122
6181
14703
27794
14999
21739
2228
30007
10119
15037
3481
3771
163
25521
1577
6668
4594
24384
10568
651
10527
21753
3737
5730
23677
16246
19870
14616
17224
21392
6177
9315
814
26575
21459
11069
22285
28708
30516
13113
29439
25051
11698
22552
27028
5067
1813
28055
30302
28368
13850
21388
20915
635
8798
20529
29102
20999
20862
25792
23671
28047
27517
20544
28612
11135
24166
13470
16800
5705
25906
4607
32364
25177
30187
3157
26659
74
23314
12080
23266
8026
31807
9176
31399
13339
6663
3480
28248
22380
290
92
19464
4520
30925
17791
6775
26141
28782
25310
3031
12992
12407
6193
21974
14366
4748
18075
19160
23958
1256
30335
6276
1478
23805
28566
20355
1859
15706
5950
6276
7565
4818
2325
14980
26178
27867
7623
22092
16017
13620
21540
31547
5362
2763
20598
31045
788
17373
26129
5180
17431
23391
24363
31822
23292
19869
30446
12240
32090
10273
14796
10810
5714
20694
16403
1138
30148
18541
30401
27213
32707
27648
27289
2387
28743
31221
18806
23746
1826
24102
3552
31446
12342
2366
2269
18248
31716
22374
15881
12052
31688
18978
17897
20864
22435
6517
10877
14938
11928
24652
29204
4481
6300
26650
19556
25511
23592
22463
5594
26708
11312
18862
9519
26926
601
3407
5948
11897
26983
6050
3343
5338
19444
26406
4158
12384
7016
24313
4475
8388
25381
23872
13673
31472
7170
4297
25519
27583
21499
20975
19530
30724
32295
702
22311
32205
32490
14936
12785
23273
18539
16279
28712
23719
6984
5876
29043
23777
16265
10152
567
12345
18899
15377
27240
18851
16606
24918
24223
14116
14121
27214
1901
23513
11501
6558
4848
2874
20047
14114
1187
27040
25049
5263
14202
13829
31531
17750
17967
24843
17902
3531
19926
5440
32010
19846
16056
5281
25113
26889
12126
3933
18715
30372
26092
22491
3179
12950
2993
6141
31986
32373
16123
27559
8858
28624
30512
1147
24837
12818
28442
15079
21632
16297
2435
12386
31538
13928
25602
26354
32409
19242
3092
29170
12600
8377
2670
9234
5257
1518
14482
24223
31545
24345
5281
26117
7060
16034
1904
24466
9791
28913
20701
23676
13605
32652
3684
5670
9907
28543
4077
16287
14664
16129
28392
4203
31463
26196
7068
27783
24880
24557
21692
19879
7566
31701
15676
20930
433
591
1122
4816
2111
27067
21536
11219
21958
9146
31137
3860
17910
17811
31778
4527
22797
4054
5635
20561
5522
6463
17438
20801
12870
8412
24407
1949
7256
19314
29812
7143
11736
20510
20016
7616
10350
22584
25994
754
18508
5756
11363
6068
865
22892
26184
17450
18639
7408
909
19244
21664
24384
12955
26184
27572
15619
7050
25354
5118
6329
31219
9594
7409
20822
2303
13287
3124
19503
30148
12259
17053
22042
19410
24719
27997
8145
4104
12825
6008
22936
32173
20098
28537
12832
6588
13221
5475
15530
4222
27253
1258
623
4446
17286
28643
17216
7418
15567
7418
10602
31094
29870
7843
29916
16661
20012
30291
24972
16138
10883
30703
19734
3723
23517
389
24486
12328
13663
23354
15385
2395
23654
21379
31583
608
16144
27544
30500
13894
21503
10278
10159
26951
1881
23108
6410
14677
30995
29865
15203
15605
28784
16668
4786
1104
10436
2603
2460
12423
23422
3360
27543
5448
11109
18481
19024
6303
21794
30967
21066
17678
18687
24354
21191
16863
4590
5994
31979
9657
11725
8905
7711
22386
15080
28135
22964
28964
7872
27862
9672
22915
2571
7935
3950
1901
32251
3932
2569
9155
14019
9448
19961
32120
8024
22356
2682
999
12916
7164
28360
15210
27873
7961
20104
24616
13556
7480
25955
11054
23384
28907
32244
28098
6412
10430
32740
30451
11951
14700
10579
30581
2300
8275
30586
22444
3729
2598
655
13319
31476
20962
20713
29583
27351
27651
25957
11456
32155
4599
3336
19607
12308
16851
12262
13292
21644
26181
10562
16130
19466
15049
27382
27485
25812
16416
28694
4051
562
21759
17104
23270
29045
18180
6550
2897
4152
28653
20352
5857
10214
13068
15339
13190
8828
28406
11623
30378
31888
14204
3024
32449
6291
27612
26042
23330
22355
32056
27922
9749
6595
31046
9987
1325
4095
11594
21271
984
31115
30017
19871
31796
15067
2911
29012
548
27673
27580
15422
1188
17698
8267
15317
6489
2770
2315
1127
9836
24961
29825
14265
24217
10445
7269
24305
17283
17562
23196
7091
8779
30552
10854
29835
15968
12677
18905
16523
7833
31346
3982
30261
12417
22089
18586
24987
13810
19791
12991
1476
12517
30823
26340
11602
16776
14040
18371
28258
10897
29007
18658
9652
28626
3624
8644
11532
17166
31465
16736
20695
13068
28431
5586
18706
20713
19470
31825
14696
16306
16019
28001
31898
25139
1292
14665
16164
6921
32618
26824
11550
21247
27685
5636
14176
14743
30337
20931
13289
29670
31249
26845
23938
11685
8057
7666
30366
16518
13943
11096
4997
26052
28965
8535
20401
9726
25720
29849
29304
31557
29197
20700
18156
22900
32549
1002
11008
4287
7406
5323
6636
16015
1540
23353
13778
16526
5431
11092
5281
24061
6543
27031
21562
6990
11149
6923
14801
27631
26548
17850
24726
13924
12872
13671
15253
24216
26710
30844
28379
19061
8692
10564
17371
5298
27082
22362
15632
25068
3537
9570
3299
3065
27995
28406
29646
6009
26708
2787
18882
10157
21447
32150
14022
25741
6051
12241
24290
1812
22976
32163
1339
32735
23069
12694
27263
27638
25708
16426
27267
19434
31440
22402
7467
12576
7653
5982
32395
21868
22017
1353
25163
20705
25017
4372
13904
25064
11687
15746
22680
31632
31083
16709
1126
3621
19952
13353
6816
15876
10481
7312
18805
31917
443
28958
22338
14362
2868
25269
5303
5200
22300
676
14902
25395
16019
6427
13435
20126
13275
16355
9346
26803
24928
5451
5797
5744
14837
7014
13574
2179
24161
6003
31020
13920
31770
1437
8433
3984
2384
29925
27291
22348
557
24412
23625
24138
2908
21141
6801
3799
7624
31834
4711
32550
8102
28574
31296
32232
3765
13747
28280
19740
8132
32701
11505
32553
30582
3175
13310
10794
24642
5588
18559
25993
8637
23513
10061
17871
23836
7785
26072
19130
4852
7248
17934
29585
13893
27172
383
28084
28855
13689
20415
4471
31779
18517
11276
8496
13653
24804
7729
32399
19473
12652
2730
18990
13395
7298
19977
8553
15579
383
10137
28272
28393
11566
14144
32410
6982
17095
4778
21245
14467
12577
13731
24379
30341
2083
20933
10910
11074
17020
16724
1896
31941
22419
8550
21604
27768
10689
22343
31937
10146
9407
1307
10784
16687
8282
12741
23788
14512
23406
10248
24298
29346
8977
20716
17425
1523
31247
3428
28059
706
21655
21293
17244
5735
15411
4345
5971
12467
28669
7629
26495
3704
21777
14248
29171
19788
19262
21861
20269
27787
14849
20450
1700
24475
27059
9826
20896
5492
32001
25136
78
6495
7837
23942
13588
12541
14131
29100
27170
7052
16287
20580
30026
22118
861
3206
32273
2762
26432
5608
6662
2271
2151
11392
850
29686
18286
3789
7569
1040
5089
26482
15584
160
3062
15909
25399
22674
17531
28615
26618
31627
19725
29140
15818
22643
17547
25854
19105
9521
4554
15125
1566
21429
5258
29738
21021
22588
25257
14068
16779
9423
26007
18547
16761
32269
27658
9938
22638
3371
1011
19346
28674
21305
12464
22757
23720
24999
20867
13912
6092
31751
19523
24757
24606
1812
20561
28968
13357
26868
17870
8096
23351
16058
15627
17528
28735
2863
29249
7511
9057
17106
14723
22869
9571
22813
26352
12383
29068
13066
1837
2524
27065
8918
31763
30352
30893
20741
20900
449
11945
13990
24388
7577
3132
3288
2342
11980
28509
21901
13828
31611
22199
24974
19731
343
28484
30656
20534
30473
8221
421
26225
31954
2193
24869
27297
16494
9332
21391
21099
6207
2745
1499
371
22951
31300
15922
23758
28342
10489
16048
12985
28421
2329
17768
19083
16353
30926
19880
12520
32684
4100
30335
5176
16513
123
12925
17751
22039
15386
9402
12430
15080
21895
20249
25283
20626
20212
30158
28396
32637
19260
23582
18378
31166
21806
15974
25043
9531
12584
11615
12656
28944
27881
11936
22888
6706
8608
18021
7580
9042
7240
20110
28150
1029
24632
16107
7580
21281
14326
19126
6761
28778
18509
30561
14493
29038
22943
4243
26323
21933
19324
7533
24116
17917
26226
15121
8939
25389
39
101
26840
26601
9638
20244
12425
8669
16375
13782
12390
1566
26354
18418
24107
25797
22100
3585
11420
32733
14611
29684
20852
2431
16111
22616
10142
19771
12362
8409
423
2234
29753
30725
116
14242
15579
6227
16944
22202
19946
18532
32137
25167
4495
27784
23836
5078
28539
20868
12077
8914
6707
5267
15772
3320
18091
19626
25108
10641
535
22784
10886
3105
6654
30926
8662
31302
19088
4179
4308
30946
10041
16156
19309
13436
29046
11138
24099
18660
20968
10100
12218
11286
10151
4727
27444
16481
25048
7402
17920
20937
6018
20623
30319
681
20893
583
28263
27549
15212
4381
11867
29342
11533
5766
17530
7535
17487
27623
19495
25401
32707
10584
426
16754
4118
424
15909
6146
21405
8097
28617
4265
12338
26765
25161
5531
16191
18425
27535
7022
24
26808
20655
16950
1166
32555
30489
4591
19393
2240
13842
22043
16181
9401
23653
23723
1576
27183
15957
7203
8995
24406
24535
1274
4048
30210
3838
575
19211
12650
695
28035
3387
22828
20918
31218
5859
23954
21936
23235
19828
20756
20171
10451
6758
6942
23379
19340
16518
18451
6062
26892
7058
6801
31378
8579
32259
16887
16757
6621
8490
23076
325
6562
23422
6274
12122
16410
4405
19012
13993
5300
4881
2027
27962
30376
24445
16911
32220
12252
31192
2908
6679
12037
19473
17371
2146
11534
18036
2418
25238
16829
12739
4527
6307
11156
26505
20673
2945
20213
25771
4551
21610
12426
27200
25678
3143
28388
8354
788
10088
32610
28869
6162
14711
12885
1992
442
13743
16993
14538
32126
32585
29479
12543
23441
24119
800
12803
8177
11285
29900
18030
13477
19805
29453
9384
4419
19162
21709
13311
31670
8031
999
26614
17982
3512
19269
26080
11960
4833
20550
10414
17184
18550
15202
5894
28500
19307
21520
16277
6171
31485
5095
12197
26469
9192
29956
6130
11733
27611
32685
13241
32124
4393
23347
9747
25064
21185
26141
16769
22877
5216
6530
28104
29538
4869
15287
8191
14463
15782
9771
6374
16198
1569
8846
23929
4752
15989
9017
7621
19721
22066
23242
32251
3567
3118
30478
30147
11030
26746
805
14802
17456
4756
13536
25535
6987
22494
10606
19474
22171
30287
21816
19103
3962
32617
11017
20754
21165
26475
15986
5066
30185
5319
25965
13547
26261
982
7488
9646
21970
21195
13988
12796
26041
18918
3367
27196
15331
13290
19919
24425
7471
6864
4352
25959
30399
15549
19359
20375
30788
19762
23416
23465
9084
22146
13021
16049
29945
20362
26512
2173
2595
14748
10468
20774
26752
23228
24862
25830
18995
26639
1569
25129
5059
13456
23883
32231
22302
14341
13978
25136
2014
562
25363
23305
17610
28236
27236
17782
23200
10928
17352
29912
25618
26837
5675
633
11022
18815
17295
15206
12098
22838
17326
8317
30176
12535
4576
11462
1694
3881
12864
22023
14850
31954
4618
31634
15580
21259
18248
14178
27924
13490
29614
17766
29605
20574
20162
29981
16362
32408
6976
22883
18457
4168
3004
10891
13069
24941
23177
3757
20296
1041
6362
15425
31544
6013
31015
10989
25273
8105
6354
18076
13788
28918
3339
22736
15590
1055
14065
7225
28060
18029
8953
11910
26046
14891
30612
21627
28370
31578
14092
17476
28450
31910
22703
27145
27656
4248
32048
23234
361
4876
16970
26957
29312
18150
31142
4541
14301
15361
18175
12022
11949
20840
27012
11895
19771
10185
13438
13942
183
6182
31538
29234
6199
718
29705
30853
24827
2700
22254
184
22517
4126
15096
22940
5256
488
30537
22230
20625
21482
2870
10363
12708
13296
20904
20701
14232
19976
961
11428
29765
13625
20163
16672
28812
17522
302
17629
25240
3009
4905
5752
6500
7621
3619
5554
16765
20838
6074
4803
26378
19395
9180
18417
22793
26220
4652
4448
20955
17874
15015
22316
2307
13308
11655
23989
4651
4987
10855
28730
11623
32415
4777
6570
27838
26347
23317
24502
21223
18631
16578
13355
20304
18293
17722
4223
15205
17734
13785
28585
15630
19470
17014
6710
12921
22997
26438
30874
2843
26063
11772
24516
12785
12687
2613
3061
27916
14967
21780
15825
22092
24435
11305
11703
20844
3815
14232
18766
9022
4325
7031
28512
3640
16804
6263
7660
6192
20525
8135
18038
23908
21848
24117
15522
5309
22263
663
29441
10581
2897
17257
31275
3382
28882
26551
30222
10597
3584
22334
32133
3871
28081
30158
6189
20066
11131
19954
20084
5551
9325
20179
32754
32527
8188
8538
29693
11860
1344
22677
22647
9377
28769
348
8939
27948
15436
21812
2008
1859
21674
5235
31821
12685
25618
19365
30134
31379
12925
2095
23542
14974
18427
16434
25014
23074
10149
29106
14076
2876
14035
15608
18943
22008
9359
32308
2618
8119
25929
10855
25023
3854
5836
29568
22734
28946
24688
30661
6054
979
9105
117
15003
18982
4161
5036
11369
19624
29242
23942
31432
27647
18966
13447
22848
10339
1731
15675
17983
606
29489
28953
1641
22735
11341
3245
27183
26677
13107
10487
4515
20266
28575
1038
8842
15406
13989
15624
9395
10406
10659
1822
30856
17700
371
6156
7139
31465
6629
21943
12579
9897
20844
1810
31870
28814
4375
3138
19353
25983
4291
25089
31573
13729
11152
29760
4076
15390
22673
1040
4926
13350
7112
9410
11621
16180
849
5197
11151
8339
1245
29425
26893
21024
20322
7706
20135
22097
25873
12935
23603
27510
4489
31147
28774
1087
4170
18004
17129
10623
30572
1162
17583
10543
14993
186
23175
14006
23064
10772
9709
24680
4755
21553
20518
32332
8315
15353
2956
32290
27683
21444
16166
12452
12779
6847
4219
31757
31414
914
16296
6104
30878
11839
2481
13770
7142
31053
1301
15410
29743
11815
11429
30064
12783
19647
3221
22708
23584
14966
17876
20488
3637
22592
23449
8081
21074
17411
32575
21009
27580
18753
20050
20145
9615
17655
14058
31742
31151
197
30263
5169
9216
18766
25950
3763
30170
17378
2179
17120
32183
18267
5159
10252
22319
15428
23733
22211
14119
18497
25687
12117
2117
18602
31502
18834
11175
24698
9474
4563
12756
7528
15127
14138
8178
30803
31168
20282
5434
13539
29208
21081
25770
25710
4399
22068
30457
4120
12705
10436
2256
20031
27502
12513
6455
18198
5637
14340
7246
27791
12450
337
17981
27007
9434
20949
621
3069
6005
19980
27385
12042
15227
20646
21599
26488
23441
7818
16764
30724
3462
7196
21431
20678
17450
26555
2940
7627
13151
32142
27884
10496
14962
18561
23762
4945
18603
17546
18905
10515
28706
5681
30205
21919
6869
15183
29760
31296
5624
14614
11934
11344
26508
27473
2114
7837
8755
22765
28666
14866
11075
12729
30441
10643
10009
22890
16252
23848
32688
9186
22687
18526
14706
9906
22832
24554
2637
17373
20403
6800
26378
20959
23112
31043
31450
1261
31451
23182
15666
32127
31643
7474
6617
8204
30637
22033
24384
6676
23585
7498
26385
14436
29989
13990
11530
29334
23416
6451
18444
20439
22050
6702
31087
2285
1123
16166
18073
2936
25577
31583
20687
17015
1861
23669
24394
18447
4256
27201
20366
25736
17578
15872
24567
32409
18900
5298
2197
24805
26559
24769
22074
30917
23284
7907
31696
29256
4309
29249
3568
21880
24532
19417
7345
2271
4066
8481
8126
23882
18218
30189
26796
1741
12032
15762
3978
9991
25876
22348
3513
19623
3308
10717
31486
3119
5521
8823
8405
5625
1928
6876
22536
28023
28419
27332
25729
9662
13913
10367
17244
18246
1204
23771
8001
17131
29961
11848
24305
5688
14670
18234
542
1253
32231
31695
16512
2974
8545
29362
7973
28679
5218
21823
28681
4604
30176
19176
28646
25117
16274
17367
30285
8586
5796
22228
27638
20203
5295
13930
31573
25780
7400
325
12141
19623
4504
29151
29929
11418
32204
12636
12649
28794
1869
20914
25882
13712
15570
13068
2697
31491
5237
22641
10425
15262
11876
28576
19315
21716
12249
4159
21981
24321
19020
30261
25422
23283
17127
15189
10849
22697
3642
21564
5704
31578
21552
21628
2659
32442
28737
15866
1041
8568
16874
24468
3783
6411
24922
1799
15967
29358
3183
2576
9138
1449
24544
27346
28520
23251
12476
7032
14095
11605
6675
9499
4203
26800
4850
13798
30477
18434
8341
23160
12327
31365
30937
26249
8351
29016
10480
20689
18786
14978
5208
1573
24059
3380
24590
30692
10596
27470
7679
27025
13596
31781
19647
16833
26233
1155
32637
25144
1600
8176
16951
19279
26227
7984
3626
3737
6762
12301
25229
21701
29989
12887
21886
31430
16865
24104
12605
2610
27369
8044
29080
4328
687
19105
13734
7158
25371
3804
31160
22970
22307
18701
11661
10055
668
7299
31429
3337
31824
29875
20376
28333
20048
21557
456
29243
20620
5391
7636
25221
4512
32310
13935
4293
16881
21074
18480
31106
21753
15298
1419
12467
19679
14816
7936
22823
25675
29574
23442
11044
2680
4817
5499
20047
25995
3620
28446
2763
20259
624
21565
5541
32561
691
7020
31856
22794
191
23494
29740
3770
13117
19166
3949
3739
7409
14073
8121
28455
6464
29050
17969
19723
4591
15773
30579
20348
16941
5992
30400
18126
10964
26335
3162
6467
7148
29560
31536
29217
30577
11214
31165
26375
4437
5529
12846
1920
20681
31198
3523
2777
30393
8547
20343
4144
11669
13670
16867
9422
18007
6286
31840
1207
18114
19490
876
18814
11495
13689
18511
31582
3054
22450
19454
14471
26131
21925
26943
26294
26607
20504
2574
8968
26873
29751
19519
25616
21836
20030
22886
551
25771
13433
30196
6659
17090
24174
2978
32140
3246
31833
13075
9962
18368
25304
180
25059
13694
7912
6376
8036
10475
1552
20322
10077
16649
5852
21969
7378
11419
15757
15811
2096
23343
20751
20931
23517
16220
23595
2501
10002
1609
1790
7877
27373
26734
13482
426
17858
30623
10571
14704
26803
3654
19501
27782
2944
17392
23100
6517
21152
2827
7355
17091
23440
23533
30777
4631
25451
4377
26561
13981
15291
22718
14418
684
398
24449
6286
3239
19149
6268
20662
22305
15818
18055
14038
17476
18200
10934
13117
22643
24991
31779
26928
4142
9455
3309
22496
19766
3541
16512
1945
7922
13612
14103
5947
27154
26870
21120
15854
13170
23468
30751
5394
4673
24018
13366
15989
3426
21965
8804
15049
26642
27129
16235
1109
8652
4343
2102
16874
11625
31812
2586
9753
9100
4368
18524
20131
29757
25421
6899
14385
23508
26374
27280
6725
7961
19442
28124
16241
21161
14153
19456
11719
12700
20438
18539
13200
18276
20558
23503
11329
28920
5088
24173
4522
31027
20749
10131
11633
21622
30394
18019
32447
16277
24451
14293
10297
17905
20307
15872
31282
29409
28465
15509
27934
12887
15197
16044
8266
9408
6044
2499
12491
27179
32208
25091
31925
10414
31435
25542
9869
20997
28005
5719
27904
27773
15308
7160
10964
25361
29468
9002
4896
8402
1328
32040
32184
31628
6327
32181
22508
12710
8074
2071
3442
32586
10045
28004
32160
3782
6131
32764
20702
18482
21879
87
16988
17491
30345
18177
12800
26304
1654
20450
4771
25411
1260
2755
2172
12930
6155
5390
19420
14815
9407
16597
9244
10908
16718
3350
3796
23619
13869
29502
26446
9797
280
11755
8763
31969
3681
23798
29092
21831
7305
10929
25891
5374
32269
22125
23122
4227
11650
18496
20868
23859
26596
4613
31411
31338
16684
419
3770
5613
26400
10387
18628
28549
1647
31900
5125
8173
1533
30177
16808
18158
3196
19998
23304
25801
1084
17711
25634
25301
4420
3794
8779
3945
11681
19885
15134
4348
24574
16275
16313
5259
16501
32515
30761
15164
16293
32241
802
2880
25605
7625
7667
26621
29047
2226
10426
21869
12065
12304
15060
2753
16248
5196
23448
6219
16029
14807
13125
9370
6893
28524
18488
1255
23508
18838
7267
13488
19169
30579
16122
28834
13088
21687
9839
30908
10916
23795
26273
15794
6755
25624
5969
32143
30791
14391
32469
5023
26497
4234
21776
32652
13089
28088
12961
26567
22243
20309
91
6953
2636
25256
31477
21979
502
3762
7939
19827
23337
363
4389
18527
26026
8783
22143
17543
16344
3609
29033
28974
30964
32719
13927
25
11713
19198
27995
4596
21325
19271
4857
16881
9230
27930
20092
5298
25392
13250
28567
20073
27182
24738
2223
29758
13472
8126
31047
31985
24148
23933
31932
29888
18335
10669
4402
6283
21493
19399
19150
11318
30392
27764
26406
4175
590
30801
13557
23280
28022
8175
9236
30695
732
6431
4517
5141
12011
1388
9361
22548
24546
8680
20022
13853
11306
9260
17241
20264
13031
26778
354
13140
27341
21989
13256
394
21300
6612
3530
10845
15215
9026
27744
23093
5210
32106
21617
20141
51
28769
8518
6969
5291
2788
30527
8460
828
31060
20164
15929
7100
19967
11135
30744
23859
7841
21448
9451
2282
6955
7265
22721
27588
450
7268
6555
20945
5131
23929
7886
22561
29094
23628
8104
4310
31736
27967
30038
11645
10030
22876
5125
9119
23678
18317
8008
32658
20912
17935
7610
22933
31198
2084
4068
8477
29560
11272
28257
12905
6026
7463
21311
27228
3650
26253
21161
11404
3245
2462
18115
3991
8129
11527
4822
9142
10400
14324
8621
1940
28187
11652
9023
16224
26485
23673
19854
544
9322
14133
9422
29001
30320
26594
3786
28301
16189
29936
13700
1013
2185
2500
32027
4655
18709
14254
4338
14633
31468
17180
19471
11999
26345
20750
193
30833
18809
2250
25478
14712
13474
32209
7467
3482
21317
30225
18485
8284
29088
24668
23936
30520
28438
3865
21542
8688
32051
2874
30882
17697
20459
4974
16182
13083
8994
7063
5514
1776
14706
24702
30613
30155
14376
25541
19392
19075
1167
25630
19017
16240
1650
9659
29670
10878
29660
7942
23468
12159
2594
23953
18478
27846
22563
14160
28649
22001
32207
7174
21728
12550
1254
6909
899
27074
14082
28922
14549
12077
5336
12912
13262
3954
21179
26100
13822
1518
32354
8945
30580
12167
12778
2205
4574
6463
30750
8491
9970
23816
17911
1347
17932
219
11615
21423
21784
19460
11578
20823
178
1728
17063
17775
30604
22537
8067
26095
29968
13745
10800
26691
24391
6830
10900
2628
31738
30645
18532
10088
279
4618
16034
11829
1109
17558
26724
2556
3611
22330
2776
21699
21407
24675
133
25987
23627
25822
10707
3732
5732
10734
18126
8293
7917
28060
7719
1136
16585
31055
5499
1133
28449
17052
7896
4550
16133
3679
8062
8524
9302
18955
13282
28456
30179
3902
29945
16148
31954
1433
8882
27851
4930
5838
22469
24765
5678
10490
10923
15624
11924
21302
24557
22180
13783
16488
4514
20189
14691
13408
28723
24839
24975
26400
98
14445
16327
10874
31371
25226
18410
3553
12073
12668
30961
29817
5275
8885
30930
20848
25129
7668
10147
32401
23618
8307
28163
24854
13831
10338
19126
20670
11278
29845
25487
29984
15455
27770
7571
3391
8131
17485
91
21854
26687
12687
26810
32534
26843
17332
20128
28581
19111
13596
8766
14473
29440
18500
1131
32334
7952
1342
24135
16804
22676
27486
7198
16052
10210
27447
3983
22196
10026
15557
15597
14265
23292
26092
6117
14029
29706
1313
29537
4162
24112
13416
10413
582
16561
6270
14808
30135
21444
28759
29534
10552
12111
14539
20739
4740
30450
14476
10754
27138
1863
2139
26727
5274
2152
27515
20410
24520
2482
3174
5853
17390
2761
29120
22839
8431
5596
16265
8979
10489
20267
6294
7490
28066
7622
13378
7176
17207
20887
31841
5430
28240
27298
18293
16787
20392
25996
805
28032
556
12634
25322
15580
8018
12924
26380
26150
7596
30474
20429
10465
32189
77
20707
829
14603
17793
6444
27379
10101
21465
670
3441
20167
12228
32381
23351
20620
23407
4560
25217
27172
9867
30229
15654
15126
11088
12852
5568
17831
7362
16306
2061
23979
18995
4135
24725
31131
31753
1778
32653
6632
3521
15147
25340
14991
26932
5593
7196
750
18201
8293
13315
10197
22732
5967
17282
13281
16206
5408
16974
10757
29580
27040
20829
13930
996
29000
1171
24953
19173
250
28574
31030
854
14832
31263
9423
23930
23027
16138
22132
31123
23501
31567
3946
27557
31744
20410
10843
11388
30136
23063
8177
7152
3071
27035
31139
30824
13104
21119
26318
28573
28334
9454
10247
11425
14037
19233
17584
1823
31537
21193
16073
14308
5358
26029
14601
13982
15760
13716
17197
9444
24037
24421
16529
27255
18743
2445
7421
26312
14533
16801
17345
23482
7029
23876
3332
30120
3523
25164
5465
5290
3581
14880
13203
15124
16562
13412
219
17728
22888
7385
9983
20110
31629
26750
26893
26536
10160
15868
6689
523
2289
23872
30331
13507
14006
10858
4820
15989
16032
24550
22002
26787
2750
11224
12411
12332
30720
15550
1799
22290
12526
337
632
17280
8345
8107
14990
20492
4562
26543
28342
28985
20123
17574
16675
21568
21467
29222
10272
23312
27990
30776
2469
6547
19931
12985
13608
14387
30655
26625
12213
24477
2443
12995
1601
4548
17138
17204
6716
5161
22022
15216
7269
20315
22699
11033
10722
18361
27211
28225
16272
4991
25035
29578
30616
29185
6078
11659
17731
26673
8409
13174
8975
1639
3239
21752
26370
15202
31870
9569
12606
22666
9906
16901
10454
11127
6664
22498
31456
20663
21870
11395
20427
9164
2025
11812
10995
28789
3278
20246
26739
18735
30773
12389
19770
9978
18347
24505
23906
13920
2855
11386
27837
30132
6720
22583
7600
2200
10652
9801
16964
25793
21676
3763
21370
15359
28566
6221
29407
18295
13683
7714
10849
22579
9915
1046
24161
20702
11261
7884
9737
27848
20692
21190
32224
30769
11030
11982
2203
24003
16974
1429
21047
11616
2925
19099
18756
30
19644
13902
25220
23952
32277
30070
6836
1608
31059
26576
19114
18329
3847
12793
416
15522
21357
9870
22992
8327
14238
19090
31553
5634
17158
30992
16608
2075
281
27137
13266
2099
30530
8303
20745
19783
14108
987
19733
14451
24805
10461
19005
693
10800
3338
13519
30708
15577
18970
14772
25409
574
1099
2887
4188
11948
6144
26728
1658
8472
19118
6603
24645
27408
760
22934
25893
5361
19481
22828
18366
29273
10371
22851
11706
6879
30661
2109
25800
23298
29618
6837
26852
12640
2240
21080
8154
11305
3502
26358
28165
15058
7786
1496
2141
18446
7729
23381
10161
12282
9464
23200
304
26263
23563
14308
10286
25214
3572
18579
15653
8143
28062
15867
3578
20331
22714
28186
2946
1635
6498
7859
14405
432
27388
1697
29826
21028
18018
31084
19315
1184
14656
28954
9681
6792
19645
27207
1435
26228
16221
18040
12052
8488
5669
10413
25355
19143
18689
53
3678
11331
3684
13766
4801
3352
2606
11981
3260
28986
25554
6915
15091
29515
1976
16449
27306
3858
6112
14485
3464
28713
20425
22165
23707
6389
24465
9203
11421
30171
605
11858
22390
12465
21499
5720
24321
22643
10694
5381
11539
12600
29386
27459
5306
16484
25385
28606
30914
26910
28350
12021
15230
11525
22271
20882
23493
25886
20520
15606
25402
1809
406
8729
2512
19094
25968
28305
12942
17194
19341
21488
9616
16902
914
22867
11087
5201
29275
11064
27938
29077
5789
7568
16132
11888
16585
5142
13975
1932
563
17630
13161
6352
6003
2353
15478
21720
21003
12440
22255
4259
17739
2615
14906
30604
14962
6236
1338
31612
12310
8792
22736
5469
26822
6286
31650
27090
19693
32457
27419
9765
9209
20691
32179
10625
26813
5443
31344
20065
15636
4758
18860
26696
16584
23169
8986
18867
20402
8070
23812
26187
27426
2246
16598
25952
21121
30742
2272
14483
3892
30292
27480
2770
30660
14844
22174
7050
28220
31734
17092
23063
24019
3762
15438
21888
15307
27511
3126
21601
3993
10744
8500
10536
17990
5673
7740
5764
21781
22608
12871
22555
28518
25439
7510
9084
21466
7553
1716
13652
29880
30451
2172
16100
32656
25365
5212
18354
2078
26561
5528
22399
23152
14043
29778
31866
14411
1577
24072
435
1484
6501
30558
27090
10571
12945
23326
521
8836
23691
2685
8519
7417
17377
12960
26543
402
4582
27486
4680
19335
32262
21320
14070
9343
2390
11494
31913
3066
6255
24900
9172
3564
24445
2989
29473
19626
21651
29367
23651
25098
7234
4736
28107
23494
9321
7222
25440
22306
24910
3805
27817
32719
24814
19788
31404
30222
10386
21881
10781
24601
4259
31991
7631
10942
4799
22205
23918
15693
15884
9769
3184
9396
17869
837
3401
31209
24115
5192
25822
1928
23413
96
29245
29374
18211
32686
20107
27493
24503
11410
26941
10096
13933
31274
13452
11658
24404
29717
30242
13050
26533
11133
4122
4298
1620
30036
22055
5160
15078
24029
17171
11788
20098
30063
8812
17947
27466
23158
634
13516
15852
9402
627
10441
21875
5604
20722
31640
13668
13118
28326
14714
19974
11450
2375
24723
20225
13622
719
6988
2090
12286
30950
31222
19614
22418
24734
28592
3086
16810
2656
5770
5721
25720
8743
32490
15712
301
32747
3631
18710
6078
23649
12437
29142
18408
15841
25176
21754
17266
12711
21533
6057
13746
9535
11917
11248
17490
29755
14659
27668
3412
32295
26856
39
18004
22719
6300
16858
24845
29279
29336
4754
22815
14522
19474
22462
3856
6095
30817
4455
21648
25881
22370
16136
3585
2822
8986
1697
3382
2219
16541
20999
2427
6582
6190
22142
22742
6820
14503
14985
20109
32052
18972
19969
25320
24859
5051
2149
2104
9465
6390
16753
20760
908
4581
22514
19443
4387
17125
15064
14279
11606
30598
2189
30248
15605
9380
14469
24199
16446
30163
791
22196
6483
18945
31627
21666
5867
25430
4212
11627
5959
20063
26176
21907
22376
17516
16397
30353
17023
3382
27326
32139
21925
9157
24142
1890
27596
8849
2405
19950
1525
15080
31529
31371
25508
15247
24407
468
32657
27308
146
27822
17569
14051
17659
12937
3860
960
22785
2274
19968
5461
31867
19468
22782
24356
9716
25905
20003
14911
28741
20884
3122
18093
1642
12056
7439
31760
398
29190
9335
11653
28008
10251
9967
1228
26314
27776
15610
14505
2167
29166
1679
649
6710
17618
29386
5993
13860
11165
12258
10228
22606
18431
22363
11243
3199
23909
10877
31946
11863
24769
29444
937
28573
13705
23577
32352
6358
15362
22401
8174
14359
5310
25365
4124
12823
15715
17010
3677
27016
27311
241
15353
28840
17337
20442
20842
30995
25210
5332
17158
30171
15755
15520
6367
9178
24368
9735
32232
27719
3478
14609
19033
21896
18521
32376
3412
30279
16201
19292
22984
7880
9838
21816
23190
11386
2890
16917
29170
15308
3933
2302
26636
11329
11247
14003
27888
10951
25353
27298
29099
13893
453
8210
7344
21107
22471
6050
23930
23790
2060
29938
25458
14476
22243
25760
31762
17132
6456
24182
7243
18514
10520
22497
6436
27058
882
31397
21413
10507
29467
13264
23539
4087
27925
12012
20412
9343
529
4473
30677
8243
2354
2715
26914
7547
26644
2831
11447
12072
7181
14691
13116
5710
26803
30311
6038
2646
20382
1503
29892
18255
13679
12154
21254
22149
22544
27656
28741
17749
31294
29415
26543
15935
26693
15294
31906
14397
14859
18542
3275
12371
30288
19270
28047
8552
31540
32119
14505
11860
20474
14791
19477
12858
17419
12169
301
11032
32574
16844
24339
12956
26454
26323
19534
31034
32461
7109
952
30587
8400
16550
20631
18840
16010
28806
22026
26951
421
10744
26023
14805
30734
23494
10594
6773
11513
10723
9392
29400
21286
32417
20717
28157
25698
15396
22779
22347
23120
8727
14381
19933
25705
15261
16483
16925
16194
27019
19318
29076
4365
23764
7126
21760
28515
5445
12401
13479
29249
14450
4055
22252
30800
21744
20124
32032
105
26052
21758
8858
15448
10780
10184
12810
16608
9533
14455
9482
30464
23229
154
16886
12917
6898
27775
27646
4480
29610
22795
14713
2537
6428
10474
17532
18244
23327
13545
27052
15987
31386
7071
26960
6764
29500
13395
7851
26173
3437
10522
16776
6221
19588
31808
26134
25316
3386
31977
12022
28141
26718
28408
26003
24059
11723
27184
27826
19595
2968
13465
16714
5513
13710
7206
32149
7701
8415
5012
4711
30854
10260
5781
10943
2479
11080
6446
28059
4962
148
1630
4625
18483
18634
4608
31132
19582
31846
25074
17588
18604
17601
21111
5537
28849
30088
23002
30096
9433
14957
20309
4071
4037
19740
6448
14294
26032
18289
1581
27694
10488
26088
22052
19831
6105
20053
13803
14909
10107
11989
12920
1450
12335
18692
26442
31834
12021
15728
27653
11114
16451
11086
17756
7634
14337
30828
23859
1013
31448
21863
17925
31095
31916
21022
19844
23887
2151
5734
8832
28701
13561
4864
4618
11453
11165
16072
8153
3868
9053
13358
32237
15690
13784
17130
10097
18129
28995
18924
8934
28230
19374
28050
12158
12573
23432
32286
25030
449
31078
8807
29576
26597
12032
6863
19184
31508
6012
12404
31981
27536
5360
9387
20186
3417
32546
13482
31582
6540
12178
1412
16017
6638
3770
3163
28000
13001
1684
18128
7218
16119
32349
22463
6348
29244
17305
23594
15217
30169
1111
3186
21326
13149
16054
32205
12822
16831
18856
6132
6890
10410
23286
4892
6267
28184
11908
4648
32370
8738
13015
11549
6672
23830
24276
32726
22033
25547
5322
4345
21975
26161
14003
9513
19396
3116
20407
21117
3816
17571
30450
26673
13276
2772
20343
32412
11501
5610
18837
17250
13693
9937
2393
21995
3239
26697
5715
18452
17186
5433
14493
5924
8296
22854
10010
12545
25367
8101
27388
22948
24727
17453
7305
1226
18429
23217
23838
30700
3119
140
12916
18546
14665
27773
10018
2596
14656
12470
21603
16865
19398
25391
14618
28819
13677
8256
531
19042
27150
7023
10124
28200
13932
12935
1012
12581
11541
14058
18418
21237
23177
24871
28585
11710
1182
8911
7483
13998
31011
19077
31883
25253
12228
11861
5192
17198
17197
20551
10279
28596
1395
12595
4207
3827
13231
17878
10939
5292
3308
16934
18427
1949
20547
12003
15293
25520
26180
32111
28843
27763
14744
3551
9812
968
741
23378
15407
22750
3058
17025
11740
863
11788
5784
9390
24299
4008
30789
16999
15046
25929
8974
2370
12749
14756
9447
1335
16047
258
13316
6778
24665
31719
5868
7493
25266
11505
21199
5847
8073
26114
5145
23485
19403
12450
1351
22352
9466
5534
2041
12415
4826
2037
1097
11214
4462
30453
16988
28319
30498
19362
566
1968
27466
21847
17875
24806
8395
27056
371
32329
10520
15270
9781
11855
29537
11772
15079
3933
19463
9435
30493
3723
28754
6841
5248
17320
2662
31871
19049
20094
10611
4330
10159
6486
2605
28465
16061
9407
17276
18665
22503
16524
11124
2854
7678
22044
2183
6884
31009
10206
25337
12453
3031
10771
2709
5979
1627
22742
9375
21127
17463
12122
22025
28579
26644
9332
24041
1726
27089
20569
13355
11878
19154
8104
131
26314
25755
14251
32166
16416
1437
28634
7354
16453
20559
1184
32011
19363
4225
26466
3071
5464
31470
20414
24908
23189
2832
29200
11112
27971
29496
32571
16450
20973
21213
20902
9775
29914
10036
27524
10535
14969
10754
10841
20529
28419
4783
21433
18204
22875
28059
24403
4208
30009
32181
8751
5028
6279
23625
16180
23441
2059
19225
237
6439
16199
27824
141
15967
28573
22259
15920
17776
31415
13305
3683
30790
27686
25884
231
19504
13897
23632
9394
9689
13937
8116
19767
6521
17474
11111
15591
31564
20573
9629
22776
21572
22076
6386
19045
3835
9564
10494
12342
28907
17826
29993
18177
13281
31480
7616
10673
21423
11319
8009
3974
25633
12617
30740
11101
819
19599
19475
4146
15233
21376
31467
16099
27391
19091
23627
16694
490
30815
5757
30238
11775
13313
17211
29498
17898
29375
22211
8095
2305
22763
32046
27607
1842
21001
25085
19241
17722
29748
5621
21019
28952
12989
1837
7734
15042
9238
16229
27401
9494
24302
23705
30833
25363
12958
30678
9751
5449
16068
28237
26681
31630
11821
16550
31150
28403
6393
31894
28452
14327
20985
25780
4013
5370
9052
19080
5754
1268
16011
20197
16869
10854
25425
31865
21429
23185
575
28835
26270
11495
24143
1668
15624
7871
29127
14425
27922
8012
6752
11016
3541
6096
20648
6136
18925
17421
28325
2342
31542
28412
18875
7030
13267
26562
9167
15175
22645
17120
14253
3913
12249
15274
25767
1427
2963
18938
15743
14064
28171
16421
32392
5242
20933
1326
12039
4971
30181
16186
29151
19247
21490
580
18798
14782
8922
22290
21170
8744
2870
11880
15280
14705
28880
5243
30998
5536
30050
14504
32543
4883
6305
7526
439
9237
6522
1146
32736
16051
31900
27498
7764
23755
23606
11315
5483
16997
25858
5694
13888
32326
9346
5009
19215
22723
3210
11843
22242
9428
20478
2610
30829
10089
31965
9976
29750
2305
30590
32282
10745
1400
15130
20867
31050
20000
907
15921
22908
21012
17491
26415
10434
24777
4320
19651
30356
23270
23055
9192
19796
25942
9454
16894
16178
21147
7878
28865
14925
13925
12889
15992
26650
22371
616
7790
7178
29529
28024
28070
5479
2419
32470
12235
6271
7897
28889
6246
8965
12675
9319
13396
16308
19791
12730
18294
15669
30544
30308
12970
19523
25449
17553
30202
18701
10267
6029
8980
13276
25756
29062
21498
7413
3369
18066
31227
1985
20892
6388
6370
2347
21057
10907
17005
9546
5862
26603
26113
12352
31793
28608
18587
13922
2871
23728
14602
12185
28489
13201
21596
519
32273
6971
28310
6126
1503
16783
29608
3278
22077
4537
21663
13774
14025
8113
21789
2397
16452
27912
19718
10777
19430
27361
12925
6384
27892
23870
15
21125
10389
893
19245
23509
24546
10786
7904
538
8252
2518
28344
20976
19938
6064
13830
2486
23746
10932
5962
2871
2960
6809
4079
4233
21782
15312
5174
10294
3019
23745
10097
15514
21414
10328
17521
10892
28212
4544
10817
11073
3305
11630
24853
5484
7604
7010
2941
14762
17877
26281
22494
24094
32499
32295
9763
7512
2665
10899
13744
11388
12002
9667
28567
19616
29733
14122
8463
27509
20786
31135
14882
14122
141
11871
25765
10637
28378
16726
1901
20084
30634
25242
2496
18779
25749
22841
27402
24142
25225
29492
721
522
24929
14027
31979
13663
4537
14587
26095
12248
29953
15686
23529
7582
13265
690
14162
29850
11900
25108
16447
9434
31720
8590
17368
10294
19101
8535
7692
13619
22555
17850
2947
6439
29297
16994
22484
32158
14347
10964
15353
7421
2508
27709
256
10853
25437
5230
15106
28890
3524
2597
12377
28069
24632
6798
16654
27126
819
9
25233
22478
27082
17966
941
30236
30010
12046
27834
39
30403
32188
28693
27691
953
18957
32461
32071
20440
16795
30111
11414
472
31248
13861
11677
13889
14497
24650
4581
9345
21208
16385
20456
6715
3223
17207
12594
16611
5978
3077
27584
24968
5820
29483
27308
6896
20029
3770
2572
15850
23618
4368
18967
17376
9821
5129
15753
5036
23247
9332
14153
2220
11083
8644
31561
28697
9469
17928
30382
28820
18891
27166
17202
4098
20187
23075
31174
19354
9301
20013
6267
30268
10858
23357
32674
20741
14229
28783
18994
4640
21536
13428
1387
19935
20203
22338
3001
30218
3945
11274
1755
25463
18667
8043
23876
7642
29473
24037
3778
21983
11229
16016
17501
17782
26139
17934
6018
27246
2623
21950
21601
20294
27549
23346
15251
22080
14142
5092
1792
15030
16353
14628
13824
15537
19265
10325
25792
10936
17558
23385
13032
15846
30814
17738
32122
31808
15709
26475
28669
5445
12003
12894
12508
27846
23629
1943
11529
18423
4558
28432
18149
20679
7792
21822
27748
25453
15189
25925
22636
23107
30787
21352
895
19416
20832
11203
1946
28480
21049
31036
31581
6831
27145
22711
2155
4167
21817
19593
16660
3373
16419
25647
31026
20194
1819
3137
9808
721
14256
6817
2834
21540
14127
27384
12753
3036
12905
8035
31365
30497
15030
22889
16360
2006
13370
32561
22488
25457
31079
24817
29437
21514
22467
21162
8109
20401
18924
3603
29708
2565
4825
28882
9080
17411
7778
27378
804
19995
19203
12690
16898
28809
221
2522
22503
11746
14845
16436
28650
5101
24545
8120
21005
3765
8760
32231
4127
29148
10986
11933
31200
11314
21336
29761
7271
22918
16101
16447
20673
9917
32437
22456
7643
15393
8885
12408
29089
8699
23515
6696
30056
21347
5039
1988
393
29527
7434
3408
29775
22539
25117
26055
28692
24704
13238
5461
17574
18520
7615
31685
2032
28137
25863
27453
8662
16016
4678
5929
20320
15687
11867
28533
24859
22394
5079
15359
14524
31767
31167
3148
18951
10469
7054
20346
8943
25110
8826
10357
16127
18463
13304
21102
10744
16327
18818
10633
13756
24702
13720
11222
18282
7409
31237
1667
32715
23003
21347
848
17133
26398
7649
27202
25357
3858
30532
11164
29370
12317
16940
26123
568
5252
28313
7457
19491
31872
11181
13316
5460
3733
26292
104
17417
8735
15201
2490
29247
6190
14682
18590
32611
13971
8952
31388
25898
14651
2375
24086
21438
3516
26965
27262
22810
27950
11945
22726
6071
18492
16145
4119
20584
14714
29601
19141
17282
29178
8952
1923
11585
21530
8389
6867
24935
12447
22154
29889
18982
23048
22944
28369
20032
540
8828
13878
25197
5574
18736
9796
18941
2850
27444
10024
19134
21976
7783
25815
22560
30121
5457
29252
31127
21319
22699
11478
28737
24426
14881
29721
24521
10272
25686
2484
32395
22628
11305
11675
4345
22003
1847
19077
13373
29019
19360
18081
15392
23637
7439
19588
10282
23124
10996
8294
29706
24414
9236
21903
18233
4379
836
30732
18395
24108
6513
32422
5350
8125
30948
6421
11141
31070
9668
11888
15295
27406
12253
8168
12372
18841
6559
9142
28135
4389
12394
19538
3426
17927
14857
4070
5527
22491
7036
25602
30755
15059
23802
16785
21912
11087
12086
9484
19675
20398
21986
24301
22986
11364
7025
18535
1826
7757
12834
12372
30624
20290
9786
5231
2663
22761
17808
31427
7842
2513
8271
32611
14954
190
1784
27228
6378
4673
10662
25064
25537
11404
15510
3300
7079
11653
17894
14724
29780
24345
30877
23622
10142
3539
16620
31524
993
28077
26036
22798
14755
16678
25415
30103
11384
30356
25459
13551
19236
12220
30397
17425
13056
26528
29418
3389
8863
10904
6852
20649
32688
5284
29466
13684
29734
2561
26889
26331
26263
24058
11642
4527
20962
23553
27116
22022
16405
26366
12916
306
27790
8935
22785
9199
20832
23697
1509
22752
9208
9158
14737
20285
1280
19351
7072
28102
26499
17651
15128
8699
29522
1913
9196
12174
26279
31883
28101
5145
15113
8356
10241
21261
4463
20203
18172
15850
10664
27400
30351
3254
26874
23862
30167
23208
13322
5273
24632
23332
8187
979
1953
23276
16090
19410
17425
24980
2874
2283
23642
1846
14107
30253
27685
21096
25105
23279
27446
12907
31394
30380
14833
27045
20207
24337
22301
31825
4247
1107
8937
30582
20440
20422
21292
9237
12791
4268
31985
31399
26338
11082
22323
27335
8725
15938
6885
19243
6842
12828
9270
1496
22292
26406
14610
21654
18205
30078
6380
8610
29294
13165
14779
24740
15712
30198
22082
29664
2417
16303
12693
29104
13545
20944
13273
24114
15805
21386
17483
11582
2995
922
1156
8347
9671
10269
20731
22130
22221
12454
10955
7170
1369
16014
28342
22678
17116
1931
32106
9396
22031
18052
14596
24984
17557
11940
31699
25825
8156
5294
27742
3209
6468
17040
21160
20250
8579
10554
21170
7199
5960
25776
12354
8409
18718
18014
32739
17716
20115
22957
26925
29945
31898
5843
24134
2373
31023
14319
27817
26170
12857
25685
2854
8436
15284
9766
2346
16831
22799
24101
833
30343
13779
10693
217
18832
4486
28551
8009
12391
25295
1410
28178
1816
13787
9795
24676
19361
18942
10200
30692
11687
12958
10536
3244
18024
32589
10630
22163
3313
12085
16005
7087
23184
29625
23565
10265
5005
1625
25262
29424
18453
5590
26677
5281
24951
3735
28285
29285
12179
16972
31880
17163
27278
13009
19918
20727
31947
1109
3029
7531
10519
23227
17922
18693
24868
9792
7087
25993
24633
9055
19582
5345
24103
4594
8940
6498
28287
26521
27945
15185
24578
351
30759
10150
12377
6299
16624
11279
26631
32533
20542
29752
29339
26218
29765
11338
18218
14002
19668
11442
29948
14431
23964
4899
26758
5480
6863
27870
31896
30120
9198
22065
11224
14977
8412
13117
30319
7620
30006
26109
20482
14293
15847
9604
10724
12554
19702
23174
28042
8789
6051
9498
31551
26915
19123
28606
280
29315
30984
13212
15915
16779
6260
21004
1532
13559
16591
10073
6200
20500
24903
15048
8358
2781
24568
12246
29530
28003
22461
23746
22828
31346
26693
10827
104
11633
19561
8379
26055
3978
10940
17956
18846
10251
21604
12778
1366
19468
26153
31105
21788
4435
32716
23160
27097
26740
1434
17847
22373
8764
8256
12293
13048
25680
28385
19405
30177
20754
8038
4129
30842
26308
24854
12543
6491
23024
25958
27859
25806
28423
25362
21310
20611
5960
20332
26902
24453
21731
16884
19886
17005
10847
13866
17751
18390
6457
8096
19750
12560
29646
1107
7160
16153
1658
4411
13492
3016
23554
23841
28112
844
8495
19889
4631
4565
27580
21200
32425
22929
26739
27696
25155
1242
13458
11553
448
2222
26227
12970
9696
27487
2412
16344
5705
25483
4341
29782
17867
25423
1800
20798
5096
25528
31182
47
18324
1146
27767
4256
10041
21477
20329
8051
20990
21268
17310
7373
15945
2664
11591
9254
386
16949
22966
6812
17691
13242
15482
1933
3277
18007
1996
23396
12836
11514
9258
6323
14653
30683
19265
4995
25295
28265
18960
15080
8040
17795
11851
8408
18425
1516
25341
13372
16277
14073
114
24904
25206
8589
21332
3080
26177
16199
24340
6460
3978
10746
24459
31078
24731
8030
3554
27169
9585
27909
11439
25012
264
22672
8032
22759
24537
22562
4317
26390
29600
12053
28009
25731
7266
17132
13257
1776
25263
15497
25001
11374
26405
18849
32571
18544
27445
4716
3617
10019
22314
14241
24461
31490
24934
27809
5543
26789
15087
498
21551
1241
25899
29680
25699
30966
5352
20927
20515
16749
18079
4228
14419
15009
26618
7893
27265
28664
14995
19566
31175
24881
21503
23077
24307
12792
24331
17952
25574
30647
581
10309
24122
6576
4031
13042
32040
30537
25103
11246
11944
18598
2714
29088
24537
28029
13587
24703
7332
7718
25662
11466
21148
13042
27642
1145
15145
30142
19582
3443
12518
12744
21219
5121
29767
30145
8931
32131
9087
15395
3552
21346
27041
28100
23335
31301
10501
29356
25975
27016
9453
17699
12733
30442
28264
15119
25378
2693
6263
31101
12359
20228
30575
18046
15823
12816
28574
11572
543
18699
5937
10284
5729
28161
12117
17902
6351
10459
14493
31699
1070
14550
9892
6935
8344
21044
30451
7215
29055
25650
12069
13405
17647
31545
1609
27009
18451
4952
15751
6194
17659
28402
27655
8205
28060
17844
16910
10829
22553
24522
1898
16029
4161
29011
22801
6698
25176
18962
27141
31995
17178
11622
19322
24965
30973
26236
59
21114
27319
27843
24394
21219
14080
11424
2502
3182
31129
18532
30738
14345
24973
25979
25140
29871
31927
23013
1915
130
23684
19947
6501
2075
30714
9738
19903
30
28409
18740
23566
15633
4801
5944
27182
15726
22453
9086
11321
23030
5215
2039
15275
20553
12723
25684
27075
23476
12440
23926
4396
20554
10404
12582
10972
27702
9255
12807
10813
21327
32108
16328
25738
26861
8507
3998
1916
31739
23202
22770
25383
31054
3062
14935
2846
6197
30996
27326
4830
13650
1772
2797
26986
20392
5185
11053
6194
23540
20394
22851
26937
25153
11997
19106
14455
6583
27436
30431
29821
30388
10064
13925
4695
24350
8806
14698
30902
30967
7223
27426
9807
18225
20156
5426
6014
2244
8418
22375
12079
3583
30346
18344
9982
30747
16852
20009
19101
5910
14749
4578
630
22975
22854
2368
29074
1037
3511
794
10938
8116
13220
15334
16604
23290
19215
21293
14000
18887
1039
13628
4506
15612
2255
19741
5075
9222
10457
4805
25028
11443
18837
18831
5810
5444
16396
745
3232
25795
30706
14669
23409
32151
3044
6004
21326
15957
13038
16326
30279
9433
10064
10260
13629
10134
27266
23945
29695
14634
2677
17630
6323
10805
19484
10958
10872
23916
24363
14538
17225
489
32543
8685
22820
18373
9598
7218
8812
17129
12640
31205
6541
28705
10286
30551
25566
4211
29610
4310
8139
20142
16687
29916
24115
25413
26170
26247
19215
10846
28202
9289
18773
24615
13636
9953
1564
30569
13562
19594
18176
15967
25965
17522
30664
17864
22576
20077
15174
15931
28751
8939
895
16315
23440
5928
29964
12171
12536
20898
6592
14403
22673
8912
9867
2084
8299
22033
22686
18857
8929
3811
11728
2654
25117
1621
31809
1013
15583
15551
11581
31639
8313
29616
8035
11128
7199
1064
29702
27310
14685
25863
19411
1859
15849
30150
14004
1673
15003
24933
23285
16301
3002
11684
6054
1167
11897
19062
9792
19665
4033
13747
32651
5935
14385
1805
1982
29966
31076
30789
17896
29783
114
15775
10896
23429
29113
17043
10648
27645
29149
7877
11112
7838
16397
22327
6472
3738
17800
16317
2316
1668
15968
4274
19447
25514
24446
1258
25818
17316
7655
5095
10620
12333
31550
7248
4926
15666
31625
4766
767
19753
10296
2073
31806
28580
17507
7683
7038
3622
5715
14611
19439
23349
27204
2341
74
14256
12905
14639
29437
611
26673
23415
12680
1497
4809
26115
30503
30833
5858
21329
6833
17076
13236
15177
5056
32742
20802
30832
23314
27867
992
11614
10799
14605
26867
15986
24140
28139
16633
5060
624
24691
27337
14171
17621
24834
9243
9121
23441
7531
13130
22035
7285
26951
24153
31293
19510
24717
21301
16614
26826
6243
25913
14216
29461
21043
17399
13315
31685
25856
3894
10385
30587
20731
27703
29693
7723
12625
61
528
22981
72
29771
20557
2069
24970
26160
10974
5096
26304
27329
13773
10608
611
1382
5751
2537
7375
14552
20798
17021
32666
5416
12159
19045
2851
26372
16836
19538
27246
27702
21050
7947
14639
12653
23397
12631
20516
32064
22290
27933
11176
27760
31117
21962
8326
9069
11541
26099
21259
14620
24973
28732
9311
16088
1140
1912
2581
2487
13591
12817
1024
8462
2309
27818
9288
30263
29892
16388
23998
18833
11458
28190
3181
24777
4750
31393
27761
29272
584
4730
29453
27213
5207
5833
15863
27725
10073
20218
3318
14040
18016
1585
31151
19405
16219
6124
25020
561
32210
12260
14079
25900
32215
16692
10806
1108
27449
30908
25551
6447
16634
11976
16125
9714
32003
7149
15115
29071
15383
21812
5873
1263
20998
21371
19237
3452
12835
2583
21939
18659
15351
20670
3216
24088
16439
9381
27179
18330
20980
1253
2118
13048
14354
28195
15620
31124
4859
14704
3651
5799
2708
25198
28459
16005
6257
30900
31751
31523
16965
16500
10324
29142
22684
18011
4888
13917
3532
27321
30070
20258
31016
10210
24446
20157
23160
6100
14154
9914
12710
32026
11846
6044
32442
21232
8399
25121
15880
10407
5120
7624
29864
19531
17864
22673
24871
2180
832
25604
9340
31162
14652
29556
30526
15996
29473
28549
16148
1827
15350
8940
6252
18610
5565
9334
10352
5889
31491
8780
19253
27163
7862
29301
29238
21220
24119
3228
18178
25343
6576
20756
26161
19438
26280
16665
18076
31099
20692
3161
8398
11095
7472
6067
27317
20994
17231
24894
15261
13034
4335
25997
11360
6103
11217
27185
2006
3462
26056
20864
24467
30100
5903
23445
22738
28575
29407
30872
17836
23975
2625
4160
24206
1978
28962
25237
12265
8912
14757
26107
4139
16116
14781
18028
12783
24740
20218
27141
9840
18811
5283
7876
25668
13325
16390
21904
9799
1811
5900
3705
14037
17352
13584
23106
31548
13202
4593
5404
21360
6373
32614
16053
8705
26468
4242
4977
4171
18250
8153
19191
25325
26633
26353
8176
29308
26161
23868
1291
7288
18578
20565
11077
16510
22693
27369
15719
7616
23080
7624
29904
9395
26121
7995
27508
4359
27781
29849
20261
24540
8849
14869
23058
30259
24185
7386
13453
2978
10183
15194
9233
11597
32358
24546
11139
27921
7431
18802
184
4354
15044
30413
31544
22296
4099
10188
24641
8485
8862
2295
12303
7434
7489
15702
22619
15659
13843
14981
28706
5408
26776
11015
24743
28334
1750
19164
8123
10997
26038
29270
24380
17386
10414
17192
21980
520
28829
11200
1315
14915
29174
13527
8376
10302
13857
19782
31452
14525
3102
2075
6711
22621
27756
236
23767
6787
21545
23147
19574
19602
23418
2875
2043
18785
2861
27906
26180
8428
13725
16832
13859
26697
22230
9055
16294
17886
16378
4491
27292
3538
4580
4547
11860
705
19210
5552
11944
3764
27816
7094
10810
2128
31515
15818
7678
22605
23946
8835
16889
4906
24780
1139
17224
23327
24966
17335
24419
7764
24980
13773
17571
1360
3243
10150
23554
9652
28732
17916
24611
19753
27291
24550
26002
30871
5472
14250
14412
19352
12046
21970
12930
7212
18418
4738
28826
26286
13902
18696
1655
15878
5559
27061
6650
3105
21948
24043
1736
13982
7112
29304
28494
31690
31818
15394
24323
7119
20242
10883
25069
8744
8958
15640
13671
25432
5335
3732
30241
732
3446
10874
28520
5470
11051
24810
28584
13099
23135
3259
17967
3815
24951
32715
20019
25728
25596
2451
11031
21600
8441
19455
6634
32487
28837
21116
31793
29720
17730
8018
32742
19346
13125
9012
2240
30914
17591
21269
16053
12120
7131
20542
26046
27639
10513
22174
25306
30001
30714
25953
4693
26802
22493
21956
21322
10427
25418
21543
27751
15827
11005
28515
11760
185
2052
12895
29958
8348
22821
31710
29738
22926
12154
2203
25853
28471
11870
25496
1865
16326
8845
12467
4421
813
5254
1402
29973
2702
23092
17472
8081
5104
27598
11633
5191
1591
32764
6946
2755
10579
13115
6892
28942
11959
16002
23035
30580
7693
294
5986
2442
31272
25083
4273
22640
12858
19388
7370
23124
13127
18604
26864
25399
11737
382
3105
15092
25590
9074
25766
21630
4943
29122
29672
2665
20410
1596
11397
1196
25058
1328
26275
11173
32317
18572
28293
19549
26687
17990
24924
21006
21966
13818
19551
14562
9973
14805
16925
7678
17884
3761
23058
4287
17144
1921
20089
2371
383
22512
11362
10284
2079
29253
18948
9120
18927
31882
30548
1428
31654
8429
7383
8011
18699
15718
15540
22041
32428
13978
2573
11629
31699
29184
2703
12815
182
15170
30280
10917
11502
6374
18873
12668
16938
21549
15917
7045
32549
14395
7241
20638
9941
19577
7395
30995
2022
3640
19480
9317
6246
28055
8856
19786
31170
4518
18757
24308
30961
10187
15101
8086
24303
16997
14515
9253
9581
2736
17349
12636
25543
18921
4745
11778
2102
3506
13097
2671
12615
27575
20658
16717
15243
10386
20071
21916
22416
17900
11611
29176
15377
15333
28735
3359
18538
25014
29048
14254
11086
18837
24437
30507
25020
5082
21311
21064
8751
32095
13649
29286
2070
11564
25771
32345
4995
1364
21538
4715
20775
31514
4602
31139
15998
14936
28086
3143
15943
6178
12335
22431
12599
6310
6628
29436
1774
3158
7057
9721
23338
2122
32003
17409
29499
15839
26154
24849
12215
30117
32368
17343
18030
12664
5705
14460
22688
14828
3851
10774
14702
6895
29953
9089
30863
21417
32698
7894
1348
15783
27815
17820
32142
28473
26598
1607
32158
7448
30552
8958
909
16204
7161
7585
15181
32077
7537
9483
18144
9577
13286
26516
22215
13157
1045
28378
9918
10855
8609
26818
12966
17940
2986
441
14275
18165
22434
13376
22055
24095
32348
12711
26222
31763
32614
18456
22444
1763
20121
27096
10660
15254
16366
14794
22331
16078
26004
16693
17708
8360
5183
12998
2300
22500
450
24281
7217
30790
12768
15604
20415
10299
9567
11924
5059
6592
32607
24365
26483
2688
5354
25964
1365
3900
6860
2495
8112
11888
26021
22039
16705
3636
28732
21229
9774
14688
7190
5507
8512
16371
24648
876
24908
14006
23177
28494
10994
23068
30347
29415
23178
22637
8076
10830
16988
1827
12328
13435
14607
1941
5233
7434
27749
7890
21057
4924
19493
17616
27599
4671
8536
11974
20609
24239
9655
22742
20481
32092
12133
21231
17299
1870
17626
21746
24998
32518
11551
24083
28584
2823
20545
25475
17951
14741
31744
21068
23286
12733
24775
26748
17940
30101
23265
10629
29748
6597
23529
29156
31728
5702
2178
28161
18718
5226
24137
30806
4704
24093
30216
8916
19703
21098
13869
28546
4824
833
2426
31848
12034
24695
28157
9899
17422
5134
28739
26873
16648
29623
26313
31015
6269
11157
435
26905
28117
1604
704
20195
11491
30234
12670
14381
16315
17324
24506
27868
22212
1428
4667
17647
30478
17778
8624
5542
17125
30257
26598
31210
12454
8076
19774
31209
9169
25296
19039
22017
7264
15587
12840
30943
28759
10629
22504
21736
17309
3030
26066
12503
12810
24
30635
10152
24513
31415
19910
24502
25536
22662
11314
15648
16565
17484
14898
4976
24595
5503
30189
6783
17254
3151
4199
10899
24548
3815
17840
971
22596
19439
1372
9405
2259
26197
32562
29789
6596
3661
26665
17185
3015
11158
2960
26466
29406
31999
31884
30982
21356
20779
31687
28764
21903
15505
25959
11335
17072
28870
15165
9119
345
6399
7999
17876
838
24530
21049
20180
22974
572
2751
4655
25636
5096
14438
377
19657
22702
1844
29169
18436
22363
14164
25951
18821
2480
7438
23107
9190
19885
23799
26411
18051
31759
14437
9573
3468
18455
32294
11990
22616
19597
29554
13098
23036
27141
18717
26670
22557
23137
28945
22905
19458
7575
26620
23378
6637
9140
18246
9422
21164
22561
13126
21817
13163
29221
31157
26807
22476
11948
29795
24619
21050
22343
1064
8280
7802
14963
14366
19527
8834
31006
29965
7912
12687
19815
12583
2043
17778
11942
6134
4145
25130
30380
10898
18575
22456
27724
12311
18708
22063
22298
2646
667
2059
114
17099
26627
9923
17852
25552
12940
15778
8175
29199
17796
3794
17492
6717
29988
20154
17037
26374
13493
10634
17365
4931
28662
18195
20361
19571
5058
16605
14568
31081
2542
15987
6679
22850
11377
11266
103
3738
29639
16162
11739
27392
25751
15860
5093
3750
147
15469
27505
12381
16031
17393
3620
8641
20022
6436
29926
25521
10762
5117
32670
24323
15851
15900
27196
5493
9194
11101
4861
24294
15550
16557
30186
1734
10087
23836
419
24011
23569
6452
10586
5093
28218
4233
22562
28277
14871
27026
10602
11962
308
4023
2756
15499
14940
21419
10988
26956
6328
26108
23045
24347
3642
24553
16165
4170
19773
20083
1812
15122
3429
29623
28753
21893
6093
12922
22614
30149
24161
22534
11805
2676
8840
14389
28131
30571
28423
20427
2604
27311
26914
24840
26119
32160
15619
15998
17555
30324
10592
14369
20930
15844
28249
24221
10333
23845
9119
4332
31049
6170
14811
2087
14344
30664
11086
21916
28802
22794
8116
1826
10758
21382
1903
26025
31628
3295
29153
533
13629
19501
8986
1101
17205
25002
11443
28814
11655
13997
3577
22278
22913
6621
8015
8606
28722
7070
19661
29719
3626
3792
25645
21080
8321
441
31208
262
4891
17215
10652
21590
13353
18523
13745
24863
28915
1482
19004
17460
20438
4614
26403
29680
19336
9076
13699
20498
29604
16095
19534
25547
30306
10789
10297
3606
30629
30512
23253
1096
22844
15144
13563
25320
22625
17895
28782
16576
9350
28078
7356
30772
21330
17174
21349
6867
21990
16713
30527
17196
21348
20081
793
14563
3250
8305
11167
6916
11643
22996
22654
1174
11895
29442
14536
24436
11501
17338
30361
22872
23414
16572
19963
12089
28675
16838
2823
17111
13089
25538
13133
11924
5244
23358
24182
19333
26786
19228
552
24009
13322
29579
13610
23321
10069
19766
11721
32673
12499
25787
32634
9486
18249
2654
23488
4073
20978
10751
23120
10019
20931
24393
3188
18929
12275
6701
24493
14298
21947
26510
5020
16141
29019
12862
18210
9465
3165
4138
24775
32024
22301
28625
22104
25099
19849
14843
6100
17644
6438
15271
8586
18144
21588
27717
31099
20715
4818
25637
7173
24073
21380
5936
7107
11130
16244
10198
30895
17245
23064
26183
29321
5504
1747
20454
23165
4727
1981
8954
10240
31979
22951
23207
21755
25909
4442
10014
17707
811
7712
13840
15559
25146
5510
24424
10852
5046
27743
2617
18455
23405
16652
24053
22489
2690
6907
5089
32559
31865
17262
31941
1546
27278
7038
3816
31979
2379
4959
4155
3660
9305
9957
12501
32572
11415
839
10655
9033
27753
14884
13137
18338
22099
9667
27037
22909
8646
25247
28329
19383
10809
547
25283
32698
17532
23218
1105
13732
32329
6378
3078
18342
31773
30250
6492
13481
26949
14417
17214
15928
11836
24265
8452
7578
24884
8389
24485
5182
9459
8390
14120
23389
27104
31076
21596
14042
17758
1867
2761
12141
21336
5252
25318
14336
22045
18678
22669
16985
2159
1068
23979
1786
21974
1112
30012
1093
27963
32408
31351
30948
25009
3193
26693
23912
19862
4794
13560
8496
11227
1362
5690
11917
23456
11443
16707
31267
516
20561
31568
8595
15931
27230
3664
23895
25569
18648
30176
18925
12173
16326
22649
19511
10666
20671
8424
5410
11138
27563
19455
2182
15004
11470
16011
2893
11848
15362
14214
31960
21368
12611
12941
24478
721
8817
20116
29974
23810
15954
3288
20696
8533
6359
31765
9983
21123
3232
9209
22993
7629
21953
17625
2722
14408
18887
16292
12789
9849
20726
14869
741
8737
1237
21292
7619
4698
6125
31710
22017
18915
27341
18444
3918
32697
29265
19378
30211
13799
21284
22625
5822
670
22148
12015
6476
28552
7237
31085
8909
25434
11801
8537
8978
18857
22542
22037
4426
27902
27224
22424
23518
14124
18513
22884
3993
19425
26814
4535
31244
12668
11092
18694
19249
31774
10107
32167
31310
12036
22609
28622
29212
18452
18930
10682
18473
10677
11255
22576
891
22244
27964
1833
13942
13701
17639
5832
28672
19190
19621
31886
18402
9962
4151
9425
2673
28789
13870
2154
18287
18787
9714
19119
18476
31694
20233
29601
12528
9712
30102
6758
20893
22581
10272
5113
27025
22932
17045
31264
25290
1568
8847
7838
18509
31706
28885
16042
31688
2506
9253
2721
28278
5454
8497
22008
24899
27057
7143
884
28721
9727
7669
413
27898
15640
22157
27504
19703
15364
5989
8532
11840
19078
8963
28239
14357
6644
12343
3450
23164
13893
18153
9138
12588
28012
23060
401
3498
16613
17171
16796
27826
5517
540
5822
23256
5558
26634
24310
3183
31099
3423
20044
11434
10577
14985
17929
10241
28383
9572
11303
30166
10256
10241
22279
9561
12390
21670
24930
12713
29841
2837
31362
24892
25664
29457
1714
13440
13879
31
9203
10178
12961
25226
26352
19536
30632
2473
25652
31962
27716
7012
22939
12574
21840
1269
3078
13509
16611
2284
11603
17799
15325
28278
24205
23702
1472
13790
8799
10042
14018
30292
21455
29368
3104
18670
29993
3961
20148
25836
27448
28520
1994
20800
30908
924
30768
20302
3609
7479
1420
25328
16717
21902
4594
7101
548
16778
29110
907
24239
29774
29567
22066
27634
5401
11933
26259
9949
3182
2973
21721
24958
3187
15130
31231
4212
30872
3798
11411
3239
28792
26889
17081
7478
516
13816
30066
23985
18142
9162
2334
21641
28931
3223
24384
19908
2733
18115
21890
19957
28024
20362
5625
12652
13507
987
15529
19370
12121
23402
30284
6936
5201
23041
31823
25848
32562
11030
4638
19867
30555
7075
26529
16596
1698
26162
1286
16046
9020
1335
9154
24666
28893
32675
6354
10603
7455
25526
13383
31046
23336
25621
14849
12499
17031
19228
22459
24697
5472
14453
15432
4682
12745
23786
13339
1146
12915
10359
28429
26646
653
7844
21339
30706
26853
17682
494
31716
20049
24659
28640
3119
17229
29438
14651
10562
2277
13059
4356
31651
8406
26941
29304
20518
10480
28486
30613
9314
1470
16271
30940
22373
8297
19376
23126
21159
15322
3324
10709
16189
9503
857
29308
6991
17168
5711
27009
17356
18738
3166
22578
18012
4571
3221
26422
3991
25495
24160
12054
18804
9675
23458
12796
32260
18584
18691
8890
21088
25602
2188
7437
28128
21074
23153
13091
24973
18872
8237
29788
9177
14645
21972
20814
29838
27832
13733
267
15621
15496
14815
19366
16536
19425
28887
24051
12633
6882
22342
2703
32005
28583
11495
7200
26163
23218
30530
7390
15825
23183
9922
14163
20689
25271
4622
5214
24096
18870
15254
23166
10456
25225
5484
12877
31414
17738
14166
29771
10958
2831
15137
25565
31869
271
13112
7062
27296
5894
28533
3764
13059
3291
1078
17390
13853
9088
18356
11629
32506
21787
14736
16920
1912
22627
2223
15380
3254
29516
11080
8331
1994
24806
15675
29869
7858
20098
6309
17397
8589
13336
23729
23470
26636
3045
22193
24501
8995
11608
365
7296
30468
20271
3770
14943
29005
29918
12111
13826
12160
19248
3285
16956
18869
14384
10813
30470
21899
8778
7766
29127
5476
12974
23711
19155
10194
5877
90
1073
19276
1543
19937
21921
2598
3132
24125
31197
25280
25281
10485
24864
16381
22078
24612
27877
22006
181
21198
6385
14064
23214
18804
13715
13452
26513
4326
5931
24894
339
10073
24297
17920
1876
16313
16599
8264
29832
3905
27418
15415
8406
6472
29301
16147
12733
27998
26638
30199
32317
2967
31861
31945
27125
25383
21474
20845
31625
7983
28606
10040
12870
13783
20837
3752
24329
28061
14891
17746
1116
19693
11421
16923
483
10225
4873
20907
3831
16554
12096
22303
18576
11584
14234
1278
22120
30870
17723
8815
27485
12578
30613
12457
9495
23036
28974
1194
3820
29236
4515
10540
19456
1641
4334
7381
11441
151
24548
16558
13106
10801
29185
2774
19317
5232
21608
20856
14927
23274
13862
16890
2007
29798
17847
22647
26895
1519
1995
27504
27846
27687
2890
8126
28604
28382
7829
22731
7176
21219
27151
30978
30647
15898
5084
1668
18102
8655
20712
2077
17394
8010
1835
11894
30141
6820
25900
7564
8564
28633
4804
27232
8798
32285
24357
8433
10200
32116
4122
26215
7855
21117
13969
2961
18894
21646
11350
9105
19993
14854
7969
29398
13720
7903
19667
19019
11736
22915
21757
8910
1422
4577
17314
3300
11646
20159
14654
18603
16539
27986
21510
6672
22384
14092
15986
11585
10942
2485
1785
8038
18791
17853
9499
32652
25994
30417
20389
23521
31984
27308
2097
12071
24743
10800
32748
16995
24556
2229
14748
22229
6735
15777
3297
11309
15633
15416
28346
14076
12241
15798
9036
7017
29799
12699
15583
16421
15889
2119
3114
3489
973
3014
26064
11646
4613
15085
24874
24133
24433
23206
29767
12120
10554
12680
4401
14632
6747
8619
10354
9641
589
5306
13527
7427
24291
28233
13428
27275
15731
30825
13032
28145
14134
32378
18659
11450
3313
2625
13541
6129
9685
30523
29000
23066
30116
20528
27520
16744
3606
11018
16546
6704
24443
30440
8995
3484
27809
28783
19938
22692
30200
12384
10345
28474
24564
2160
112
24517
22707
8788
31907
2769
224
5403
11430
773
7127
25792
23125
10581
2826
8192
80
22905
6307
4201
2487
15005
21867
12468
16178
2138
3562
23892
1333
26597
6864
29519
20354
7558
4243
20813
28143
13900
4698
28398
5737
31232
19482
32353
20537
14679
22526
19507
9350
19563
4877
20836
14363
21868
9479
11200
12907
7059
16271
28780
5586
4696
22671
3264
27934
24805
25561
10580
29262
32202
20490
17246
4762
13042
19124
28731
29619
7638
4028
32587
24139
32752
18432
28162
12760
29555
15165
25148
17813
22585
22833
7889
23242
3325
24060
9834
1102
18634
5580
147
10058
10419
953
21777
31039
17861
28654
20853
8011
26426
8458
3313
21160
9455
17606
24171
11893
3609
19415
22736
2745
10291
15638
25003
2213
23099
17374
5622
13337
6173
32181
28975
24170
25200
19247
27311
5731
28256
10256
32056
24969
2539
20145
19661
6819
4177
10917
24262
6522
709
24219
6179
2014
6505
24966
30241
2025
24697
30460
13579
3976
13766
1756
22867
7478
14951
6196
20193
10763
3243
29538
4779
31990
24146
12153
6790
17223
15100
12006
28475
4720
4833
20307
11486
14092
24003
20683
23899
29984
27169
14367
24914
7585
11438
12425
23333
7479
9217
12432
20559
26689
9358
26155
29943
26649
8405
11817
21956
19865
16857
6864
21492
27870
25556
19909
10152
1611
19241
10540
23682
8401
9626
7183
31858
22894
11195
3588
23757
19444
30374
11786
16800
30988
24049
10421
19267
19834
29149
2443
25137
11939
26064
19373
5398
12364
32518
23994
7466
22436
23427
7408
31934
3973
9548
2964
27668
12791
1494
18068
2164
19190
28095
32364
31100
30837
1212
30534
184
2978
21971
21605
10099
20332
3018
12995
32460
6210
20959
22265
9740
286
11449
29280
2870
31171
24479
17270
6624
2627
12776
5507
19522
28611
10418
25468
21133
30338
2263
8743
17534
13592
13597
30080
4402
3324
15533
21852
8508
5193
11719
25932
24309
19650
179
964
6419
19475
12027
21628
29565
14682
19159
18967
23134
17381
10985
29443
11128
30525
32298
3488
2492
4196
23589
10148
3863
14428
9571
19646
20622
18408
18470
2169
26765
30871
15706
16228
31612
9981
20936
9072
27284
2628
3981
18329
10481
1252
23498
5832
26344
29358
7326
12792
1946
6159
31569
31128
5321
5779
5842
17969
9451
2728
14948
5193
26493
13989
27796
10119
19354
24330
27246
26904
29900
15369
25328
1360
29218
9286
1727
3221
27523
21724
16409
7033
14657
31392
9995
20006
6641
24745
1508
767
31355
26640
489
12420
1133
11508
15434
21110
26261
31937
32597
12860
3022
434
19434
3718
13338
18325
23343
26160
9201
32207
26756
27241
24025
6815
22458
23572
6711
17319
2943
22638
29029
8104
29
22770
27652
30093
32357
27258
28052
15531
31461
24486
11586
583
30050
641
12544
18520
27778
2402
32475
16783
14792
21265
30857
3733
27077
11819
5442
24724
25741
12232
28114
9464
31337
23898
20203
7799
10443
11737
17855
3918
11143
9757
23246
22734
11839
5259
28413
13336
12831
12275
28393
26661
31691
7609
20602
8457
7574
9011
3771
19576
29173
1619
6121
8073
6707
24966
25034
10682
21862
28379
6207
6452
17313
3688
6685
5201
26987
3050
14393
19548
1904
26539
27330
11672
6775
9897
28884
20611
6036
28148
3657
4187
14495
27992
23507
27362
27876
23868
23880
3423
16924
5066
21052
13029
22941
30032
29909
14295
15821
17382
6875
1708
11228
4690
27919
16880
9651
24104
10430
20363
24615
5430
8085
10566
24947
2590
27063
5771
25573
7237
32269
13164
20695
5868
9437
26856
26593
2973
30879
14953
26189
11209
26892
3216
17099
26031
29815
18741
20838
18559
2912
1194
25527
29632
21063
2112
14681
5615
13758
26125
21661
15977
1218
31212
1918
1675
1355
31684
19671
22039
14114
1806
16851
18137
14579
15249
21413
27531
931
23408
30074
32247
28643
2663
29356
14427
14854
4690
12601
24081
30735
20719
30835
14191
13839
13028
4089
1261
11438
24580
19173
11653
17927
31950
21319
11360
25785
9526
18899
430
8506
1193
3542
10966
29039
12107
16751
26063
28282
8323
24059
17357
11476
697
27857
20257
23195
9310
14384
18522
6189
15917
2165
16049
16117
28337
16785
1956
2693
3848
29883
23008
22501
17638
14946
3940
28459
30173
26726
21220
2892
32731
30855
15467
5170
23284
13086
8517
16143
2145
29195
6940
2288
29385
4078
2657
16277
9152
22426
6126
3200
29326
1990
31209
13900
4145
16134
32747
3136
5285
25594
10849
12324
29026
24005
20787
12883
27943
12481
7588
13330
3318
21362
23418
1056
3679
20408
25950
27023
22274
1096
12421
4305
32080
6748
15248
20246
20113
938
25777
12246
30251
5267
27408
169
10785
3742
8045
20319
218
12068
2054
3661
21540
5709
31675
21221
21880
6715
30832
25226
14208
23172
14515
418
4310
10214
19614
14572
23567
5174
14847
1299
14584
16026
26551
9348
21279
12280
22624
30589
4501
23470
30771
9831
29683
6276
552
614
16539
9694
16478
21550
26688
4407
11198
3352
17065
4042
11996
3701
2225
8338
4125
31522
12179
2677
18207
18269
2404
2749
16725
31446
20193
18375
23026
22793
30315
23551
2313
25548
31824
3340
3570
27684
76
839
6383
9565
23632
5490
14351
28250
6273
31911
2899
17705
24708
1166
1040
6362
24057
3027
13204
28050
7237
26839
27916
1755
22933
1702
16038
3134
26912
20010
1522
23572
2732
12190
9102
153
23379
24644
4610
31554
17287
8283
25577
23121
1620
7500
27986
19622
21989
17444
7269
10200
4426
6214
17738
5252
3960
25186
25926
21733
7057
19361
8487
22949
1638
14626
739
6387
28987
31658
14972
23510
13770
10135
26150
30145
3978
10518
9644
6759
27184
26774
32016
17872
31094
4989
19058
27309
32284
23833
21298
23273
23597
19417
11353
7808
26244
26301
565
11412
910
22283
836
15038
3922
21060
29268
5794
7854
24662
9191
15814
2019
21011
27356
10148
21588
31714
14412
30205
32650
2228
29363
32625
10108
31034
18512
26701
4621
9046
206
15780
11223
17871
4643
18081
25639
1096
31929
27
2632
24435
13003
30314
4101
32130
3859
29049
21865
22238
7842
10013
25033
6940
16911
26533
11781
25133
27091
30899
25610
32212
29172
4682
14235
32605
24801
12839
15442
17805
3485
14677
23777
9941
28960
2044
22430
3018
9979
2938
25663
3546
24890
29364
26337
28215
21390
31918
21584
31000
22956
5466
11138
10529
23792
13486
10340
7967
15686
13305
5082
16889
16714
3447
21760
6884
20910
14883
10167
16853
988
8652
7261
28220
14301
20843
17627
32751
19834
27572
13029
5220
13473
2027
11133
31780
23818
29433
13241
9340
18713
1727
23239
18806
18439
2986
25902
1032
6973
22664
15702
2186
2816
9370
19787
10605
11859
16362
9662
29227
27161
9694
5709
28282
27515
7694
6916
29125
8585
24403
17187
29404
31268
26912
29985
20459
26139
1814
13298
3753
26772
13010
18822
27857
13742
18442
31378
21718
9316
16088
10130
2771
30645
24661
32527
9664
17153
10602
9501
10476
28087
20451
29737
20903
6701
7621
15089
27967
29647
5858
7124
19247
10364
7338
29004
8082
4397
1092
23481
27102
19928
21214
23648
13262
22676
5185
8627
15520
21501
32680
26835
25729
6362
24274
6227
27718
18173
27478
30783
23900
23915
5687
11100
11778
7613
28088
19890
30133
16070
5489
23624
17900
12918
1187
18991
31494
766
32457
26305
6529
2869
31343
31019
2924
3643
27207
13609
21023
29276
7290
27921
41
9015
9276
9491
3978
24351
419
27583
26659
29633
31673
7111
10858
11783
24784
27399
4706
317
8469
27330
1739
10611
30568
23855
10389
19746
5227
1076
30363
25106
32729
19825
22926
22906
9242
32640
11311
22378
14356
19579
5058
31078
31555
28095
15551
28755
30732
11504
20426
29080
16462
32318
13029
17277
22587
4070
27365
26838
17254
29435
12578
12262
26652
16742
4467
10366
15608
25900
9306
17765
29874
25839
14715
11516
7224
22968
1619
32034
24320
29171
11558
1622
26012
9659
12345
16923
655
88
9538
2209
8543
8966
15645
18849
11243
25848
29632
19593
23039
13469
31857
15321
7974
7714
15927
32717
10943
6968
29838
11324
11859
4119
18526
1472
24102
6595
29998
25111
24588
4494
20117
26569
7294
27102
14834
28939
9709
18480
28765
5604
10838
93
7390
8590
8983
21788
10972
30495
14081
8649
22744
10601
686
20837
25435
18974
15125
18141
23596
13368
24155
6799
455
21911
26349
20746
11019
15340
13515
28437
6963
26839
8487
3828
20999
12620
28718
23270
11347
11323
5414
4338
26777
29808
31929
29667
25603
16824
20880
19858
9115
7493
28452
26211
32190
13651
30417
5650
30670
5132
15149
20912
11304
15785
30103
23272
19542
31195
31251
29831
4997
19561
23893
16444
15673
24858
16667
10651
21567
28373
15040
616
28132
22023
2062
13331
9572
32325
1621
10879
27557
14131
8121
23559
32549
8356
8912
4803
8241
24066
14445
23303
21849
6385
27574
15149
21536
5935
30845
6293
25080
26558
21453
28137
16749
27462
8898
13990
32672
15285
5022
13272
13815
14120
19738
28197
5139
12814
26618
6412
17922
5258
9956
15215
2742
26394
24690
16719
3766
4727
20358
23256
24340
22204
15838
19613
2207
15817
15592
5412
14169
3306
24791
2981
27180
31156
12790
23567
3800
9776
18492
1100
6704
10300
17697
14022
28806
8237
8113
17962
12900
8889
30431
32364
16765
31253
24091
3851
4578
602
22567
27286
7033
9517
29734
16239
32684
14495
16630
28111
14174
17746
2751
7946
23843
30686
5836
25108
26544
16754
20890
28996
26768
27583
9007
1369
8985
9233
23981
22971
3999
16831
31271
17923
7911
19398
6067
4284
20958
433
28865
24427
31115
27580
15019
26574
13123
13880
9101
18018
29980
23601
25174
7719
16036
25935
3359
26023
16850
15098
10684
1333
6204
22721
11409
10867
22667
23549
22951
29975
8236
14001
15360
24814
25929
2485
10023
4385
9464
27156
30474
24759
16818
5554
524
23643
9734
23346
29015
2399
32654
14614
29551
7682
9763
30760
32013
3822
845
17689
3114
5637
3581
3433
8538
5725
11903
9094
25435
393
7850
28216
8430
8731
6746
10044
9445
28518
29728
27952
4222
20105
25143
11439
12271
25769
6074
9404
32066
24189
32277
2660
17763
20752
8890
3999
9080
6082
11541
20856
18032
21392
28865
29037
13535
28566
28668
24089
777
20178
25176
3856
12092
1835
5044
14347
6244
19890
12139
14149
17113
30759
19403
17188
24443
14271
18889
6940
18689
28964
23794
16337
27534
21950
20389
30331
19077
8753
22400
7055
6303
9767
3608
2204
5691
31055
25069
4466
10741
422
5021
23690
26489
12021
4951
6818
30874
3994
21139
25000
7326
8844
24064
11993
12764
2714
21438
21546
32138
1779
2510
21735
9680
21739
30919
30106
4640
24316
16074
814
9674
23819
20151
5460
2251
18925
8097
20518
29414
21034
28800
26890
11511
8193
29734
29402
15491
10412
31093
13634
28051
24293
25550
4969
11971
28328
1996
17875
29590
26171
16435
27526
4364
28780
20259
13931
18551
1050
24466
14072
29834
11510
15097
2828
3251
20875
1868
29722
29355
6780
8496
6282
15947
24333
26217
29788
31649
15077
1169
15631
3907
12563
8208
15553
13539
78
26440
26775
19492
3201
26128
13919
26540
391
11620
30068
21114
4914
9050
12002
32634
32403
3928
20683
5975
12405
13957
10506
6289
13611
7293
29461
15823
21900
15433
32040
7798
1339
19854
10400
15738
1580
27140
18853
31349
25955
10026
10763
6390
13567
30777
13178
21019
10104
27734
1229
9314
28709
7435
30393
21948
3329
24824
21423
23523
23982
5830
18179
7918
11194
7261
18253
18979
2082
18007
16
7948
8724
27572
32409
32461
31481
22991
9770
7604
7091
17552
12120
5394
12067
1764
14002
18249
9711
18282
7843
18983
18306
21872
18586
19314
21588
21021
26983
9156
7531
31215
31977
2969
13602
8809
7398
9895
7465
16389
16186
22894
5581
2160
7988
7439
29305
1270
22077
17761
6013
10555
26554
27970
1295
16941
17460
32043
5007
20790
1974
8
17680
10166
30583
14918
20499
22192
697
14125
18325
18116
19185
16496
1101
3165
30504
29698
13103
19499
22177
27692
11572
17364
5820
11741
31837
19174
4122
20801
12790
24593
28418
6292
29208
5779
15108
26937
22641
30707
476
23302
6727
11762
10649
20963
2491
2239
11774
21907
24139
13674
19752
7121
26267
14491
26481
30879
1909
388
5781
10459
11278
10516
16403
11027
2955
12653
9942
6810
26563
22937
16405
16603
10567
22904
20344
20718
31904
6653
3708
361
21719
15770
25368
30841
30523
3321
27041
15921
29790
7149
21995
10529
12897
15016
28593
31019
27761
1838
11830
5266
19346
13066
14125
6996
31899
20799
17622
17594
26498
16513
14187
15149
27610
1445
21946
27211
18074
10839
275
29498
1312
29707
24676
15164
10614
1846
18083
18564
25555
19133
22636
24905
1381
8109
13548
8472
4173
16686
9725
30830
2284
24754
7058
19078
27741
21106
30294
7536
28738
24091
26000
4195
28612
1988
23626
3156
10709
25892
25010
25287
13496
21250
16576
20198
19140
7916
23321
3280
21605
31020
9012
31539
21347
17144
443
31517
4967
3305
10804
527
17339
22959
8928
4692
24145
30978
995
3472
7
3803
12710
5532
5673
6885
5754
28561
1335
5166
8062
7459
11497
27939
194
8241
28017
5051
1196
7321
4608
16882
27291
19537
17547
12921
6347
31156
28367
3500
9593
29721
11411
8900
31559
12970
13101
16718
7393
6516
21063
18140
19425
5306
29155
13562
5872
32399
12701
25443
4910
676
3376
8821
17621
29790
10812
25059
31513
19243
13127
12202
9042
14615
25601
9030
22364
3994
10956
2341
11070
26292
891
25180
32267
14908
28506
3225
20998
29046
11887
9816
28681
1251
7680
858
23080
13917
24662
17747
20881
3939
12736
27876
29622
6577
3802
30408
12975
1555
4110
22866
11481
13692
7772
30231
10180
22610
25943
21480
12876
6157
9840
13571
12805
32512
20855
23945
24541
4726
1631
7731
30716
21249
25666
30529
8431
5903
18852
26548
19974
29630
27132
15549
8442
10226
23665
30069
3795
15780
2017
3790
19465
21885
4135
19402
17386
20643
10398
19947
7995
19667
28641
4586
7714
9904
14549
9388
18756
30298
25834
9329
15914
14915
13213
25167
6889
9278
11074
14303
19714
15577
32512
25910
18311
20717
5661
2838
25727
23923
6267
5478
30092
28057
9315
10720
18379
7958
4482
28426
7932
16570
25905
16231
27619
16201
23546
7406
16877
21641
11351
30907
20503
11418
26300
8965
24844
30086
5848
30544
9869
3353
2585
6371
21526
16627
24430
21373
19647
21723
17488
29764
26720
17238
771
12030
5112
27768
17945
25475
20816
9979
13625
22386
23003
26510
20254
14372
26849
29295
9442
30942
28892
19260
23165
24907
16419
22279
4233
24617
22725
25768
6984
30274
32696
3927
10983
19870
18227
12154
18692
20727
6232
19899
20335
22381
22
19550
15405
14459
17230
15057
1731
23594
32308
1925
23217
7044
21241
1021
23356
1356
27559
28453
21616
23276
21324
31204
32102
22959
27226
31220
12227
9264
31310
16114
14465
24595
11408
15793
9714
23538
26778
1492
14081
20890
23901
13724
20412
6264
14816
24574
5903
23630
22827
6393
8658
11306
25955
7206
20231
30105
13878
16785
14684
16408
28282
13511
25080
15563
7440
8752
30835
32370
25871
20127
25638
28056
28958
19752
29350
19725
13858
18226
20363
25239
18714
2764
10614
6117
19526
21317
10322
10180
14223
32758
6361
11158
35
11619
29018
7423
25440
25731
5050
8161
22771
21595
28858
10379
28737
18898
28791
21037
7430
22976
17463
31119
14139
29000
1378
28675
12862
16488
17871
23193
20269
13006
30017
4497
20114
27373
16434
5142
25926
29521
19407
25641
30863
6703
29507
24283
25996
11073
27192
25791
22483
31696
26779
26271
29528
32019
17312
10862
21905
18615
6151
23678
12759
23487
27037
16627
3344
29582
23557
6520
23691
16706
26808
4912
3115
26436
13899
20719
12232
29981
29937
26027
25554
21900
25664
21293
8503
25301
26168
24844
2183
5467
17281
24540
26711
113
1268
11427
739
4462
1629
2188
22263
17663
9855
6368
28687
18114
14425
9009
445
12048
6568
23001
21067
21274
4781
19619
14497
23351
25392
20935
12650
4988
8389
31516
20339
10894
19022
27529
2899
21172
13505
8380
13905
31024
13612
1311
5250
2000
11254
24072
25138
25792
21863
27185
18565
9378
874
17511
1374
8928
9362
24198
19072
29761
15452
10404
6132
26555
12468
14477
5546
2441
4282
1392
12387
23677
14533
3031
32205
15766
30632
28124
11248
9685
6453
25498
32714
15949
31232
4067
10038
31354
2150
3377
25107
11475
22221
18142
18081
18850
9004
29335
9518
19476
30671
15886
20211
29068
18772
1263
17465
16189
13818
8982
3520
1528
18971
14079
17760
22594
28150
26749
4593
9898
24754
1967
6761
30298
25760
6192
13380
26091
193
7311
20777
29822
31624
13823
28618
16136
29408
27727
5132
10221
13681
12828
2664
7377
16671
31045
31376
28330
2772
27551
3414
28698
29568
7146
10698
19965
3678
17156
3491
22078
7288
23901
17633
8430
24941
15531
17584
20375
13682
25055
11662
22221
30871
13143
30896
1543
19276
25429
5282
16813
12323
6832
13615
9074
31447
15305
23168
29924
12430
20929
21384
14401
15707
32745
16287
13197
8967
1402
21356
12769
1297
10631
25865
28422
13811
9007
866
24899
10663
21015
7390
21874
29034
23320
31042
4441
9408
32052
2770
28728
23480
13007
23225
11679
7793
29467
5290
21122
28125
10197
30152
30863
18885
11055
8899
22463
22541
25101
10564
21036
4410
18035
12428
29218
5681
30270
7512
3704
4929
6675
11527
2337
21604
14486
19454
23550
28354
18908
11084
26614
9079
7970
22922
14921
24470
29375
25349
15393
32110
13399
15648
107
11020
25938
243
9188
6657
6540
14648
29559
23653
28750
18280
19654
4891
6526
9249
27911
20823
15122
32459
8721
22878
19146
123
4534
5773
12319
13847
2900
30877
17015
26044
6055
5157
30618
21340
15073
11360
22121
14508
7421
2609
462
29757
3152
17508
28655
13288
3681
23863
8615
7792
29434
22809
28214
16483
7551
12977
14135
16449
30847
20514
6355
7648
18313
23950
27189
271
19265
12505
8765
23418
27570
6831
29817
25038
23782
18632
14929
8221
29108
7530
31873
11651
4314
8240
12493
17162
76
27659
32751
14795
31435
16006
10197
13398
17336
3150
19977
30548
11563
16113
22129
13675
17472
32742
4664
21090
6065
13518
23308
24966
19626
4345
28298
25420
30168
24620
7670
1591
24772
28321
9776
28412
19807
12880
17379
19429
17373
6509
22528
14195
31943
8754
12395
11847
3916
8158
18676
7234
23001
20734
6280
17644
22761
10987
16040
2834
24605
32404
9499
23476
27023
23165
27104
16414
28516
19976
9575
23380
928
29172
24833
22195
6718
23075
20884
470
14721
21664
10899
10679
1157
6624
7469
27414
21529
21064
22469
1055
20945
5360
6563
26951
18774
17319
12009
8567
9217
26679
26824
11628
17064
30442
26099
32350
10680
6732
16212
16351
13188
27699
27903
30983
15581
16381
30564
18638
32739
25113
18632
16825
4378
28873
13046
10425
12993
12837
32049
6992
29279
2916
3694
24821
17566
32087
1984
27578
4956
18998
25364
19500
29184
10399
27166
7290
27658
10204
6547
9946
8687
10597
17561
19241
10275
5029
3196
26577
23671
8705
162
18928
9637
30231
31425
26807
20777
20035
2895
28688
851
1384
2618
24195
28059
16365
8154
14938
16180
27141
23076
8707
996
27444
8736
15287
25874
13071
9629
18521
289
835
2339
23969
19708
6872
30249
2937
13298
9911
22920
28839
27077
7018
26160
685
8957
23588
12313
3309
10114
21249
29565
11025
29546
24206
23621
17066
23056
14476
25025
16407
24422
14833
2715
6825
15244
8240
11534
25605
15521
14266
32595
26313
31449
4037
3164
6258
4815
6988
24773
25213
23069
25431
1032
1740
16939
11900
4592
9036
23876
16806
2128
6357
14831
7701
7412
22865
2172
24742
12248
24865
16093
9813
11672
24508
11959
6656
30248
21401
16825
3950
7109
7504
20525
20367
3627
19964
17868
31237
1545
13539
2263
8164
17586
28761
22371
31670
31765
1505
3829
27331
29423
17814
4686
2959
14655
31945
16776
9635
251
15340
14434
16016
28417
13230
18137
50
30800
28008
22520
21554
8056
25272
15088
22734
9807
14443
619
4829
2022
8353
28190
269
20155
10283
4765
29808
6960
29496
13172
21047
28220
11569
883
8893
3169
12257
16201
4551
3294
9689
22101
17418
26917
11283
5560
9709
8335
14037
2479
6033
17487
15832
2336
6670
32677
29610
8050
25088
28756
3153
18594
29507
25429
22321
13203
10746
18893
12336
32422
21718
31293
3095
8843
17557
4600
9275
32599
29896
2779
1374
16342
12762
22840
1488
1826
24654
9747
26329
7284
18760
31121
9564
2363
4175
27053
15796
23915
13905
8493
26338
3608
19943
21204
2282
8771
17627
27866
29306
8692
26344
8345
4557
31625
32192
4745
13519
21325
12884
18030
5250
29004
4943
7120
12192
16742
25827
28332
14466
6563
7625
12393
6720
15046
13699
3341
22810
16165
10213
28849
21014
27575
20947
307
7659
5999
2892
24618
6942
7368
8872
18719
25451
2466
7453
24570
12390
332
24712
17338
29538
1250
10858
14697
9362
5593
30769
847
3438
26328
17594
14439
4696
3785
16147
12303
16256
29233
24197
22019
7429
22204
30674
31372
3677
21789
14267
29429
16630
7444
9925
7743
28189
16336
6717
8726
29728
29816
13946
29699
2735
2821
26210
738
5768
338
27696
5271
24660
28278
28532
11261
13003
14417
11354
2847
9247
18277
10288
9643
3736
11495
3875
6051
31867
28438
8009
29782
2865
28620
17637
399
2469
8531
19430
13068
21998
32121
19120
31281
15918
29415
10783
15870
26810
15534
28361
3903
1915
22563
10116
27906
23188
3309
9513
11598
17988
15196
24471
24082
14
25853
11258
12892
5912
9067
10317
20427
23506
359
29
4167
27351
27179
28304
3055
24344
8956
8615
32595
28471
767
25280
25060
31281
23885
10335
16553
18240
20809
29997
12595
32000
30002
10305
28882
5072
3828
8863
1033
18299
20292
26110
27200
19480
17131
4303
14777
18990
28258
23418
14277
26140
18336
31467
16696
22200
560
3149
5914
20279
24966
28181
25503
16461
1427
10819
2905
13460
26007
21988
7853
19506
27959
2524
32644
7095
28623
22754
3906
29252
26121
26316
30972
19186
10671
1293
27622
28017
9149
30844
23050
496
8379
19543
3904
7229
16201
22151
13402
558
11516
20773
4767
12607
9576
11582
11131
26492
26494
723
30836
13218
5401
16932
26464
20609
12499
2607
26325
20388
11805
18547
5858
22324
18319
1529
29180
30490
3964
1429
571
22884
28362
5994
30407
20970
1536
17836
11661
4401
9377
16042
1334
32399
19129
8203
2905
32144
26805
1879
23279
8857
20855
3002
16136
6859
4778
1285
28093
19242
10067
17398
28518
27391
14505
8121
1549
7547
24871
31918
10530
20124
9695
12397
26991
22357
6673
26376
20815
11497
24828
28048
5403
8088
500
1498
10214
27773
17077
10114
2154
9911
31735
21041
23105
15303
7235
21788
8025
5945
19716
12237
9634
10631
28129
28710
32009
22074
23114
12707
2474
3410
11601
8671
1601
5096
30652
11866
2786
16402
7256
16249
27627
11271
18064
9422
1334
9347
12093
5786
17811
22125
9152
28816
3701
32696
847
2524
15339
10119
9868
20068
26834
8596
25948
32078
17226
24786
12022
12482
1382
23889
26682
4849
26152
4450
1093
25686
5804
20989
2882
14139
8099
1631
898
1152
13059
759
28880
32152
17917
2947
24062
16340
1840
16503
9412
19684
1308
31646
26571
27803
6361
24579
29444
23538
26888
8466
30270
27984
6411
17659
19960
32264
30833
26199
20083
25891
18100
14606
17676
16225
24359
22136
9161
15482
24874
5314
2866
20905
10400
28052
9826
30059
10915
14320
3421
18565
2678
14686
8612
20548
31418
21062
6407
9736
16101
18845
10939
16388
24817
31683
4780
14143
28497
28844
24340
11998
22313
7487
15437
16550
11966
21499
13028
4797
1068
10464
3054
31408
1111
19597
20383
20922
3619
8870
4632
24132
1512
6008
641
30376
32032
30944
28760
16698
611
22120
15112
13705
11670
11444
24510
17122
15455
24605
6520
16406
21211
19099
18271
2173
13460
24808
3414
27195
2477
13026
25299
18882
1120
19250
1005
7833
31403
12843
30903
11611
18501
6132
9933
8962
3287
27114
8492
30053
6761
22336
10823
11520
10266
2280
7255
31732
7445
4279
11250
17998
1984
21444
14559
32652
5431
29713
8489
350
7416
32109
19058
16297
5344
22936
21898
32209
342
20393
12352
26936
13766
4781
31096
15618
31057
9105
27518
21276
25538
2626
16538
18044
1732
10770
17893
2730
14163
13662
4186
7295
2929
1133
2096
12332
24602
21404
15976
127
31609
11448
16546
9058
8028
32684
24372
1957
8166
11868
6525
32765
21123
4048
9335
32588
26913
11925
16268
27170
3486
18016
19371
8580
20860
17653
22682
10989
17884
21063
7310
6547
20394
9185
2553
7403
3093
8068
30627
22639
22850
4370
3836
26783
22337
30634
29873
14662
30016
11797
24445
4350
24318
29281
4418
30198
24195
4299
26200
20467
1551
13795
28452
27541
13904
11242
18413
17116
21719
1919
8940
12010
18125
1915
14498
26379
994
11289
4719
28914
21895
18778
25439
26182
5725
6311
25415
13149
1517
3512
24593
13127
1177
29366
31060
19726
19410
3996
14888
30268
30348
24803
1336
16030
28143
8542
1816
18760
3664
11107
8921
22233
6239
29995
3291
17664
17058
11387
2019
10047
32546
13700
30829
23791
18788
4361
16964
18565
4250
28095
9295
3091
4635
26873
1710
28434
14353
17028
28422
20830
20593
2000
3864
20354
12337
31313
8601
31798
5813
13605
2365
21286
25994
22007
26134
18677
86
11555
5404
7298
26895
14619
19981
19818
27756
28937
21367
23502
29337
8886
26898
13654
18479
26538
1108
29557
29539
30101
27456
20207
27006
19949
13695
27801
14477
4313
25521
26464
31065
30542
261
15245
7577
14455
775
30536
28263
24155
23482
21594
20209
19898
29159
7991
6001
1335
29620
3899
7263
22461
14200
29748
13796
9755
7886
23841
23443
23537
12265
7225
10324
13264
22823
19503
23200
1693
4840
15029
9460
10806
21408
23615
25215
9048
2603
11529
1054
11969
4705
9051
18827
26001
22507
5900
6866
246
6997
16965
5636
264
3427
16263
9518
15090
13481
10479
12428
4691
20822
15545
16635
25060
13137
11012
9901
22362
13959
28884
30752
18062
22915
25693
32081
14299
8767
22143
23341
13767
17721
28045
4936
7654
17098
7506
11217
30972
28339
24662
5062
7778
5625
5725
5988
9899
14068
11313
30946
29062
32674
28833
350
17126
1601
15050
7704
15201
28700
17813
24030
12246
31397
25729
25287
9299
6852
30115
7204
28214
9839
13547
23732
16786
15483
21672
8471
11732
24241
32590
6789
19878
29221
9847
20928
11795
6595
17193
30279
12524
7979
27479
11725
28267
23999
24746
30697
23063
25593
31873
31247
12007
16131
7478
18367
26282
9345
30883
31484
16550
28337
30692
12544
7040
7863
95
16174
9820
22834
19970
13384
11588
4371
17100
31202
1230
21679
20367
10775
22777
28947
23028
28026
25433
24471
17343
30031
19572
12726
30548
26108
15467
28444
7546
17850
24285
6657
24672
17296
24072
19894
24542
27266
6449
11133
15100
5382
6726
2462
21176
13495
3779
6327
10756
16973
18386
29524
1807
27085
1462
19391
14789
18173
4713
11290
11161
17947
28548
31914
7298
31950
7008
17526
12611
3933
12667
22545
14064
30239
27165
27316
16302
14131
15675
13711
31930
26736
11419
10593
31149
3487
31033
24135
7422
9960
18410
13777
4552
907
31039
25435
32461
11473
14508
20123
11964
32065
1769
1142
3503
14358
17305
10776
8184
13553
31274
9795
22045
29644
30204
29927
25121
11567
25029
22772
29189
12966
30260
24684
29583
13170
31700
28348
17738
14719
9268
16716
30926
29334
32325
8789
2625
6612
2563
15859
12574
5467
12119
19835
11829
7239
7228
3342
15092
30948
20002
12142
32228
15134
19087
17425
10358
28472
19212
17268
8704
11457
24639
13746
25603
4548
20565
10069
27567
32320
13475
24684
25769
9175
6796
4574
28939
15818
11173
27901
12973
1317
8471
22878
31139
13623
1605
15593
15366
13381
3759
2604
15096
13440
790
2292
30946
24883
2530
3359
25856
27713
20160
4012
24608
4047
19855
24084
32422
22590
17533
21469
11220
19036
4461
21100
4680
14811
32413
27419
28102
25602
17029
28555
10808
8866
14082
23612
29683
19276
2995
20826
7484
3777
30627
3546
32011
27818
11817
8390
11023
3977
6925
17621
15601
9456
10732
6719
26845
1521
7390
13007
12607
17365
13909
9274
32202
27920
14921
5295
17855
7797
2706
30127
12140
13479
25237
24863
18675
12752
30242
19612
15948
11157
30621
1806
12429
21833
18780
13440
4713
31328
24145
15407
11767
32039
3561
23776
14261
11699
24371
23415
4813
3351
3909
32710
10903
20699
22236
21411
1374
15017
13122
22589
29799
6216
13941
9648
1327
32719
8837
10454
6133
7186
21566
29536
16248
7521
16647
21030
19970
8818
3082
7612
13221
11675
30357
31046
4549
31300
12224
29581
10199
18077
18257
15954
32103
25996
18396
28642
28000
11498
15407
746
30344
5102
9197
2189
30026
5609
7032
16564
10936
11572
15124
3237
13520
31335
29002
28632
23550
27596
23691
4869
23011
30996
26646
32130
32085
18248
12316
30924
20391
18690
28961
21092
7978
11996
1701
28636
4851
15401
15620
26929
11231
21475
31387
7515
22229
20965
1068
29987
29771
1114
24707
18485
30988
22902
8026
6262
3128
5476
1915
6039
18060
9343
28708
10987
30435
24004
18863
24949
4093
18823
6514
4166
9088
16486
27877
2310
3644
30332
2050
7888
14771
18135
21234
27971
5849
21291
19173
5589
13848
19399
31298
26475
8343
29641
15360
9255
22204
13710
20051
22913
6128
23405
30860
32410
22434
16549
18490
19660
910
3731
10646
1670
32575
23081
24350
8279
30930
13723
7295
72
31486
2651
18616
18287
24657
20296
11133
22977
3004
28451
2521
6184
2642
29506
30232
214
589
18056
22244
10712
4946
9364
27054
18926
3062
2361
17488
17306
6272
13358
6640
26231
20208
5383
18215
23244
15425
13156
26978
27489
22252
26473
1417
8593
31405
30318
479
26529
20873
26615
30506
9552
19984
9958
7443
2735
6880
17135
21967
32051
9066
26189
7423
23305
6649
21427
24021
2217
7920
134
29817
31918
27986
8009
24235
15845
12424
11865
24489
1956
26463
24282
6995
2141
30801
26609
27789
28274
23301
6707
31461
14155
31513
18270
21366
29863
14366
21063
2315
31791
9956
31508
8072
13649
30712
15275
18054
31051
10092
18539
10046
14726
22998
2329
18856
24614
2715
7709
21732
7903
28526
17902
11992
8202
13587
14027
16155
19960
31081
16556
22801
9350
9895
19320
4440
16625
5094
1400
611
9196
3808
22028
17509
23024
13047
26780
7281
32212
12665
25554
9951
18845
28450
8454
241
10647
6882
30714
13751
1445
8673
29384
29231
13525
9409
32280
17585
20279
21027
27030
27530
20976
19052
19620
30440
18826
28873
9035
16886
30350
19824
14200
1863
8277
25897
10853
5240
2587
10765
12885
24849
15957
27022
24708
3245
9284
23480
862
2139
5067
14263
30959
28483
23422
29080
1435
21133
27899
1364
783
31870
9085
29450
31607
28388
22702
20620
1265
8373
15293
5149
28994
16115
7857
31865
9673
29906
11773
14870
12209
32541
18004
15786
26730
3798
23742
20461
15961
16157
11500
22176
30158
8786
8648
27342
30263
10878
11345
9298
30612
28911
31910
16025
9259
8483
20832
31401
637
2792
20773
25186
15224
8128
8827
20740
4334
24458
13785
25842
6214
30815
30212
16054
3442
7611
21145
12612
21025
23261
22757
18307
27957
25712
20221
17161
7799
11626
1291
30758
23177
17205
20711
11045
17181
13581
26599
21198
28517
2729
2807
25648
6346
3613
14572
2973
32737
27903
23317
30453
7579
29896
8211
5416
29884
28286
30955
28406
6030
23952
27738
31993
13782
9730
13417
7910
18183
24009
23104
6160
9398
19833
17471
13613
10574
25629
27211
32605
9989
8806
9318
8296
19214
16649
18307
23623
16656
5730
1176
17383
10968
32605
15860
1321
16459
20374
18131
31789
11166
3263
16688
27088
30153
31043
3546
29555
5944
12840
714
20479
196
25658
23476
17957
12515
23654
6364
24555
10523
30564
16427
30564
22461
13465
13442
190
18895
28731
5966
13699
14666
2230
26717
1304
19334
29518
22512
28298
5106
1030
32529
10121
12040
27841
29222
13493
2432
14248
25031
22297
10180
16587
15821
29429
421
29451
3755
21441
17996
19511
30978
29038
7283
27765
8047
6895
13013
13540
22184
10744
13538
14719
24519
9222
30648
2629
7397
27807
29519
6039
29675
27867
23539
13793
21413
21539
28664
1148
3864
22073
19881
15315
790
2680
25985
9925
14863
20574
23710
19275
554
23879
29554
1627
10644
22395
17596
7948
21784
8811
28854
5370
9457
16440
2192
11756
7132
27765
19998
1716
31857
21550
7118
11095
4274
3881
2268
31342
4069
15979
7625
22476
5791
29694
11529
29281
25890
18418
9212
8542
22504
16034
26655
7322
20096
25657
5252
5173
29849
16756
11135
27515
8541
3497
4259
6923
16640
16904
24300
32312
31896
29217
28478
4015
5167
3494
8974
22874
7958
28530
18271
7045
9853
24011
9201
28480
20033
24548
2741
26628
5
3238
31619
30873
19588
14000
12303
7990
30501
6557
9242
7403
24529
27781
28133
15420
16129
32198
31467
27407
26651
15364
1231
11208
1534
20590
21140
8626
1499
11843
6668
15521
9288
15253
5523
18389
20623
30542
8701
24610
23116
16496
30924
5454
7479
8865
23206
15035
7998
19430
15879
11077
21719
4015
22068
1134
32660
6932
1648
7353
23287
15966
5489
14675
2953
28617
13589
18168
1062
27528
12882
6677
21915
5386
24939
31274
7283
32124
6762
31859
269
13199
22986
29127
32242
16507
22900
27584
24678
30276
13805
7452
14141
29499
29645
6499
9200
32457
31091
14282
16880
9064
20727
7512
6202
10738
18016
12871
18732
23070
13847
1709
29847
9287
8092
27228
21
6256
20600
15366
14749
20102
15219
13221
2132
9188
20486
11289
8102
29213
26131
12307
26774
8949
4564
20019
5458
17840
29714
30829
4875
2448
23191
29361
19971
16793
17637
5323
31720
21911
8488
25480
24672
17506
21866
17690
16357
7009
26886
21693
29907
1869
25183
6555
23231
25143
11473
9453
1035
25293
6888
23396
28087
20697
22736
28103
9594
25354
25357
17629
5650
10743
21868
25741
28120
11361
9786
2628
21399
6328
8627
2711
23966
12257
14781
12842
32532
19767
32215
11728
24460
12240
20300
15859
20697
26881
9644
14647
22308
5156
30588
8794
30524
15256
6957
21855
16172
3850
13387
4075
15635
20211
247
22767
22576
4450
7063
2951
16445
17404
1228
2338
26366
3905
2469
22244
14361
32529
23058
10824
808
5230
25499
10506
19469
9347
17489
24644
30085
10469
27141
14039
31233
25882
12729
24332
9905
1368
6996
2939
3297
6798
26010
27436
7560
6057
9818
12541
8990
13328
13033
10819
3503
22384
27856
10420
17710
29375
18114
17285
30219
27259
5585
13263
3079
30259
737
20535
20296
6473
12380
27598
22440
6390
26663
7222
19027
5006
26069
11015
5521
7430
4379
13936
7904
1203
15492
17698
5958
10324
15462
20841
27109
30803
27157
3996
30928
4424
26454
29624
7197
3775
13847
14920
5948
31547
30813
30856
30855
379
27773
30665
5913
17147
31119
24599
8932
30654
24608
30234
31486
15179
25383
28730
15932
10998
32058
9990
18946
14688
30210
9431
7001
23361
27629
22704
17986
29029
9762
28777
30539
5109
17082
7693
13151
8952
5421
19584
18914
16409
18698
1893
11518
5547
7404
6718
9271
3818
18857
10965
3398
25988
27084
21212
7972
10328
30022
31952
25445
8061
9568
2083
22983
12678
21748
30873
31243
11780
12509
13555
2051
8525
19628
6347
28141
5500
28572
23999
4351
25785
11721
8145
21571
187
8604
270
15781
21386
22922
12398
29003
7562
19966
22524
30500
29877
29587
13878
32452
18728
15751
26295
5487
4833
9325
7699
627
3271
1313
23811
15803
8426
27649
24258
13474
27149
8282
18102
20741
28258
1057
20819
30364
30612
7140
3133
27274
11274
21247
22956
22834
19819
20499
17173
28237
16477
28084
24327
13113
16787
11106
20051
10132
27654
10939
5231
18442
29826
3310
20252
30571
15973
17523
4423
32257
11684
12026
25901
4896
23054
2977
14787
9470
2005
8553
16213
21189
2378
10731
30573
19687
28136
21575
31734
4018
8852
29790
16801
11300
26403
12865
22920
4864
15645
19944
30226
5665
13248
19240
14102
5135
13640
6623
323
464
14702
3698
25791
18177
303
15993
22286
8229
16334
5560
17462
31548
21788
14162
15136
664
31991
32569
14658
18924
6161
14313
22907
20902
29171
22614
27198
21630
10305
24098
12019
4943
5951
6164
20634
4902
28564
29894
16818
409
22862
10653
6489
13147
18471
17918
10676
28941
25862
1727
21905
1622
12489
32220
26955
18229
17474
25196
31470
32662
20863
7379
5532
292
19023
25400
13360
17247
20481
31290
20256
18926
20591
28126
424
17718
29756
22220
2597
8491
16985
32700
10687
30310
7374
32555
10058
4473
31415
6482
31086
1151
908
32344
23558
30455
28582
14535
21703
10194
20991
24637
27426
21962
12090
25700
5995
502
1507
1059
11578
16539
11255
17686
17682
3142
9639
32572
26944
20247
22873
20720
2566
5728
17648
3867
31993
9327
6221
1447
2984
21671
22805
7223
21886
1494
29621
13077
2282
32450
23972
19563
14268
261
11496
21943
19155
32283
18652
9593
22773
8890
6192
302
25854
11361
20529
16258
18237
15668
18763
23234
17947
8711
31948
1936
8701
16057
4074
9178
6252
5315
4104
4621
8820
6160
17461
21637
29257
17936
14326
32073
29745
13064
25413
17909
22173
428
5081
25591
23961
30959
31656
27902
1383
11290
2219
24496
14439
26907
27105
9372
7227
24864
26006
7023
14887
16229
25829
2154
1726
8778
22652
30227
3259
10921
23199
24363
16173
5478
12912
13537
14039
4936
7277
5445
24278
21255
31802
17919
21636
29094
23457
18241
32413
17666
23255
4858
8096
13484
30208
23629
26488
5364
17398
25409
18524
14406
4678
12474
4852
10938
636
20136
7613
19430
3233
20606
31662
15095
2817
16358
1564
18688
13106
16818
15835
26001
8273
1814
18342
14732
21135
24341
1984
25652
18412
31802
8412
3719
4675
17032
23099
18638
3719
12723
12564
26226
8524
16273
6456
19473
7305
14027
12534
25553
12956
28120
27708
11252
6798
27180
31488
5037
18841
17324
28382
6706
26087
23654
25603
25619
22173
16511
12617
15050
5400
17004
25507
10899
9078
10085
2236
12926
19545
30743
3291
15042
4071
18842
12298
17748
25110
4770
22135
3256
7718
24825
14362
1304
21359
813
13208
29587
20316
31366
18536
4055
2232
18746
31796
25586
20520
28900
12162
24165
27129
13619
9619
19066
29980
30431
17291
8920
17263
15074
19155
29269
1855
12772
4796
14091
31242
21495
1381
31662
24713
25732
25566
6941
4077
29317
5517
25142
22634
10485
1745
1007
30962
901
23270
5026
67
15249
29961
31145
16163
338
7388
5675
12266
21845
16907
1589
30530
5676
9008
16141
25131
5731
23540
29635
1346
20150
7799
30984
24898
128
7155
6979
12491
23671
24732
6882
17250
407
9930
17134
2490
26716
25945
19939
14129
3636
7504
3262
7326
30004
10946
1111
8266
19466
7410
29937
30524
21043
22970
16
954
19566
4142
24715
32012
7536
15996
26849
17539
22233
20247
15312
3002
22119
4372
29476
12316
17257
4052
10446
28582
119
3555
5685
23278
25953
10016
15825
10341
21861
24094
21237
19673
1445
6347
21484
32062
2008
20559
2632
32173
27967
30775
25975
25005
5594
24787
25495
8626
32733
6364
31883
10723
11102
4698
17231
17952
26192
3781
12680
3908
5300
5739
20832
15783
18702
32529
14736
1256
16662
17885
4030
23785
6833
16500
1290
23578
21791
26975
228
1787
29302
19379
28192
14556
19791
20977
24140
2535
30399
31787
30529
22113
12425
16744
24312
19245
22417
8266
6559
7058
21140
8942
3564
17470
22807
23060
9138
32650
9885
4992
12466
20223
28189
20384
10163
15897
8627
14958
15829
16972
25238
11160
31266
23621
11594
29150
25446
24178
5655
28092
16448
31940
10681
16202
7546
2484
18009
2912
3734
1156
188
7165
23721
23751
27067
24554
5997
3875
18419
3482
15505
32598
6589
27989
26963
13175
29537
3734
19025
21630
3462
27825
15772
6151
6125
18104
23311
30547
9311
11936
22239
22416
15844
5024
29298
1882
54
19418
28533
13697
17269
24893
14633
17677
12316
9642
14333
8831
20276
21077
866
32346
27336
13935
26075
4322
21144
14594
26451
19236
22801
12828
20916
6454
7293
24367
25525
6592
28792
30392
9716
28347
31651
7967
5700
2937
23964
19678
7496
9190
28973
19430
577
8461
32451
30782
20772
16094
29474
27118
26352
14126
28248
6171
6206
7679
16111
14195
9753
21250
7527
22476
29969
11354
15332
1287
14987
16035
32291
28475
5211
26163
28082
24080
16021
30111
15969
29544
23455
11649
30452
325
651
24953
4634
30439
1956
28274
11171
10548
13127
26151
3565
31325
23285
5093
13215
9407
4261
16018
4506
11527
23647
19438
15661
16282
13318
10521
17032
32052
9590
7254
16244
31438
26319
25614
5697
30918
16655
18200
19711
5434
2279
31287
27889
32180
6599
32484
30270
25613
1852
24398
15338
14987
30843
27552
15365
31565
25150
23682
18466
32489
4814
32482
4619
9811
17505
19700
28851
23553
10663
6263
29036
12364
10400
10811
2394
5402
14256
31456
31528
31930
4341
26848
17657
24591
12248
4048
10914
28657
19682
9442
12310
30160
19410
31919
6177
10138
20460
7731
15194
29407
27283
1817
19283
820
6170
1337
22034
2005
32472
18784
7621
31886
9338
5967
6321
31195
3485
14086
11628
20558
31645
2882
32588
29489
15527
28996
24351
30317
16918
19924
13340
9130
28924
27526
28954
27320
24830
3644
27136
12589
32102
24556
7549
17744
15475
6819
18169
30774
24819
5066
19659
9003
31252
3241
24236
7252
5496
27689
22635
24210
22407
17886
15587
26792
28169
21060
23851
6049
4340
15433
12
108
1410
26636
7608
3274
22407
5861
952
24426
15618
3237
29991
17233
22514
6687
6942
10880
19051
12519
22895
32721
20712
25689
23446
20515
22243
31709
28140
3766
14755
31338
30494
30936
11606
16201
9694
23746
30815
9244
9944
18365
30961
15390
30440
24457
10461
6316
9610
27390
5032
14085
7058
19956
29409
31566
14877
31841
25777
23769
26055
10433
28852
10150
21022
12731
20231
30506
8535
4865
9635
20048
11328
23928
12265
28862
1654
31385
1149
24921
4824
16151
27992
10763
15419
4289
1561
20676
9824
9131
5276
7614
27427
4744
20430
5894
14324
22107
2240
21816
24459
24911
27130
5513
13272
24802
16657
11531
15417
27465
1660
16685
7152
7184
6051
27009
15572
25602
22329
7875
4678
4168
10188
6934
2151
19669
29850
3984
29577
9729
15527
21241
5091
19827
21516
28112
392
9797
20370
10127
5274
23651
20095
31025
7610
2868
5808
2288
708
14205
14056
4947
5049
8322
9064
25960
11261
11374
192
19534
29635
29684
4324
7671
21957
12599
30338
16172
32056
5607
17043
19154
28671
19629
49
15979
6431
10698
12968
20448
22387
20219
31183
20605
25761
18079
20633
16701
10316
23067
6631
31816
19339
10110
28576
6074
8346
14945
26628
26022
13008
11282
17725
13659
4817
3825
17207
14821
13061
10521
30642
14807
26697
16963
30870
27720
25316
2280
15494
10012
13244
21158
27063
17029
12746
15333
1795
21960
21451
27322
17209
12613
21048
30988
18104
14770
9593
18933
17212
2215
13398
20074
13815
30303
18094
32031
4068
28861
4203
421
14424
17293
26805
26325
7642
13837
358
16498
18740
8619
12990
6154
9930
26129
12121
8477
31275
24159
13405
30850
12262
15287
2552
29445
415
26879
26634
16213
8289
23522
4894
24350
22838
30488
17823
15218
26613
25064
14665
22637
27740
30955
25821
27673
13662
15378
16921
23695
22206
24042
12263
26975
15581
22559
17621
1074
13009
10560
9669
7342
3766
8129
13541
25498
30793
22086
11490
18755
32179
17695
31833
15134
27298
3342
30095
25774
5534
24401
9825
30632
6043
9948
27774
16214
8650
22247
6611
825
26037
680
15687
31986
17291
8802
25513
25955
12984
10654
25830
23825
6329
21176
4480
13260
559
17310
21563
21395
29234
28629
7194
21170
15335
23485
8841
28973
6741
9493
25052
1377
31348
29889
20472
7145
11143
15819
12624
20159
27052
28073
6164
6051
30386
29118
25508
8641
13610
13859
21579
24206
31169
422
1834
25075
1741
21267
28274
18861
26149
9139
6615
13300
5430
13075
25409
2394
14163
16390
21444
7671
16973
21229
21714
28099
22852
32054
431
30787
18876
12835
11558
32616
24307
7373
28539
11700
32627
5992
20640
26526
18659
10184
25259
19512
7714
9508
24712
10511
23447
27419
9451
25938
9666
15860
3465
10295
1559
17450
7816
16027
18957
14632
31284
1001
22642
15697
243
21052
28929
26435
11643
15816
2614
31325
322
8054
16737
26239
5430
13006
4346
29968
8879
19226
16692
18246
6306
25544
18132
2465
4375
4113
1092
185
15069
3544
8419
21306
2940
32725
27296
13613
19819
4850
30151
22649
24195
4853
28442
18089
12980
12896
21540
2031
28407
2453
1482
15209
12419
4414
26915
1188
21572
7148
2698
29279
21129
4862
30449
17041
765
31429
16248
10157
23768
486
23358
29476
1878
8191
23414
18731
20073
1933
9662
16832
20394
28429
10413
6887
29590
30049
16043
24634
1783
9590
13062
11168
2208
23844
7490
25437
32605
6997
1712
6475
27690
31082
3650
28518
11427
21466
32413
9614
25020
26140
2672
13449
11954
24008
8964
6728
25666
10489
7445
15211
27672
1013
6113
32263
2186
2576
23166
422
15494
19917
7024
6287
28617
15431
26235
26184
9042
20431
5302
18266
18967
21975
2785
26196
6646
19471
12792
8722
26862
6349
24072
10559
27279
8882
5954
28441
25007
2955
31054
23924
6751
4725
7394
26626
16414
24901
16274
25809
25676
18726
7658
19989
18657
12932
13242
20776
17246
17449
22193
20175
19460
1446
24365
12479
3396
245
21330
14432
1912
10076
18522
10960
7376
32148
28203
32299
6543
21291
31023
27658
3191
2343
24160
3401
897
11244
5538
25358
210
25696
22102
28934
15339
1100
556
19698
800
12806
12856
18275
20811
30541
6729
4545
27585
14196
13942
1426
7301
20675
30457
28921
23740
27930
24129
3197
865
17879
17730
32268
19514
24314
14864
3392
19211
32135
11436
27873
7945
23852
24093
15786
31377
26916
17859
11856
21274
31835
24809
23744
19817
27859
8345
23720
14852
26182
27060
1850
13800
22541
23362
30765
17278
31296
20230
23556
28620
11807
18517
29586
22504
15792
17705
28862
8883
16042
9586
4228
17091
7314
7340
5692
5281
3620
25014
3103
11573
31220
4322
27911
27774
3669
29769
7030
10375
4218
9825
18906
1174
9947
17105
14351
18598
8922
6531
27174
19735
3495
6139
15461
20133
31841
23784
30862
16023
28542
10745
20581
25400
16748
10226
24940
23691
26744
12543
9713
24891
4080
5448
30538
18385
19588
3525
1376
12329
28658
20820
26474
24871
16355
9
10747
11942
5135
22725
32319
31665
8104
27914
28289
11510
27126
18189
15345
8055
14911
13837
18853
30595
31465
13540
14557
23525
22498
7900
6795
29019
7232
9923
23059
10826
4901
17474
17743
16047
28646
2922
21974
24665
364
8848
8062
32598
13530
19035
2079
12971
11119
11291
11418
6472
26543
25180
5914
18234
21949
28604
10906
4899
13068
6137
26536
22503
6454
20302
28264
32425
12332
13312
25051
25846
19344
17972
4193
29503
30559
20995
1405
30605
14291
16336
26841
6256
136
16089
20106
29752
9949
32269
23700
16488
21405
26398
27057
32104
14303
4054
31054
4730
2346
21934
14551
26095
2269
22429
25140
17819
6862
16942
10132
13190
12082
8661
3177
27364
957
12163
20403
12616
10
19320
19330
18452
12604
6745
28086
4660
10470
30850
11786
16908
17192
14237
9553
9134
6171
23155
10751
22353
7279
17155
5610
4095
13651
1745
6482
10893
17301
23937
16159
12496
27147
23972
1643
7438
4913
31698
13632
29107
31251
32761
18595
31045
14958
25844
9681
17050
11282
22112
28872
11593
3466
16555
11273
6750
16895
10093
1437
5458
9818
13820
30038
2362
16809
15931
4183
22078
21700
6578
13782
23373
3376
8420
31009
18447
24387
11484
27871
19227
19337
22282
13209
28779
4967
27469
31097
17420
8446
16465
15185
3354
9810
27163
32478
13548
14252
31458
24655
11916
25917
17953
6401
29290
6147
23018
25485
25169
13809
8829
24836
10649
20810
27673
25465
28063
26446
14098
16832
25202
29208
4644
6262
6095
20935
28423
7233
4688
20700
9539
24921
1248
18403
5958
15432
15986
9302
11700
8174
8179
22206
7422
7367
11900
27675
10550
25969
5581
22150
23586
31848
12023
10517
24975
28437
24408
19199
32231
16903
25548
26112
21254
29312
23586
5119
26442
12595
10957
4079
8937
14924
31964
28147
14216
28337
3629
7877
9737
4743
32221
16984
22180
21753
18178
3516
30521
1332
12701
18499
5092
6326
20426
9186
7635
26313
23354
29913
21588
15690
1763
3222
17458
12975
6390
15319
20802
22857
24850
16400
32313
14277
24247
8204
26304
11001
11261
15318
8139
5342
134
5082
29222
31960
24753
2888
9040
1342
19728
10681
16525
23062
1565
8213
8247
32032
14376
5300
3413
4887
9108
31427
20847
5683
5443
30954
4256
4594
17231
9003
11244
19480
25083
3086
7636
32500
1257
28923
1320
2278
8333
1511
21021
13598
16353
9267
18847
422
16986
24784
21224
1699
13851
19880
17234
25304
8810
27193
7273
20843
22112
1923
28741
19692
4068
8997
24599
25491
3802
32195
26881
8393
26775
28842
29483
12266
12184
18103
22291
7242
17268
7285
19748
21110
23824
2949
31627
18108
11026
9539
5702
25837
4760
166
17789
11617
26665
24424
17942
9020
13548
11879
30852
28656
23575
25932
20959
24579
13483
2410
25402
7443
27487
22505
27441
18711
16601
23331
9665
24295
30756
28494
20061
31743
2399
31324
2109
30591
27826
23327
8442
27255
4487
21425
24920
3426
22006
29459
24674
3824
4736
16916
3261
18441
3585
14196
24630
28942
28128
14154
29085
15458
30345
8611
22742
31273
12317
13420
6445
10575
17255
17554
1514
6604
8979
4711
21797
1063
21786
15688
21724
14905
28801
6781
30275
21812
9027
29536
9051
1252
21644
28353
4806
25652
14119
10634
3546
30451
24634
17055
23796
13528
13873
24072
19983
17860
19448
25426
2453
21320
31853
31538
10612
4967
23061
4204
18037
28829
18189
22515
28618
29472
18756
9298
16613
20325
28392
2122
2449
15846
22302
3261
15419
35
13046
32203
5776
14054
21150
4922
14414
28108
4822
30747
7251
1
16035
30122
10235
14923
14664
17783
17576
24138
1138
20163
14242
27390
30387
21293
11298
20105
13873
20110
9129
25910
19360
3617
16534
27067
24941
17127
7928
15035
828
4937
12193
6543
29077
28672
18812
17990
24026
12338
25888
7402
8829
14557
13988
6149
19311
13177
6581
23652
732
6105
999
12827
13845
3411
29001
3786
1742
26400
32572
5406
23689
16389
10629
11674
10834
31027
23968
7319
15533
8301
22615
14729
9165
360
404
11141
3590
26231
14964
20224
9861
19560
20892
10458
19519
3496
4560
2715
13607
18606
7874
19452
20900
1431
5159
15785
1090
24334
6928
14661
424
12911
27000
29358
27850
6956
24601
28291
863
15727
14981
16868
28310
9217
1393
32633
3076
13674
20308
30134
17121
1114
18225
8797
14709
32583
15792
32580
32461
17240
15476
3160
31922
5762
10153
15074
17884
19697
7644
7689
5218
7593
2576
1176
3189
10861
7182
24578
5966
16095
6908
7332
27237
2794
17969
20297
3812
23645
14408
23539
32091
7128
115
31193
8629
4332
26130
14508
23403
12670
2693
27422
19959
108
23870
6821
5516
16244
5658
26748
13316
30801
10737
32748
18970
8486
28012
32201
28889
24608
23062
28991
18260
12887
10678
22991
2200
31222
15325
18068
15839
14236
31163
31435
24838
29442
11318
15250
833
5853
30782
10992
19470
17414
30042
21526
25703
24536
4743
19684
8764
25049
15683
4271
2080
9373
32485
30786
27971
15848
1071
29474
24992
8723
17190
26135
8823
5809
13089
21223
13054
14450
19233
11621
27988
6215
14944
426
8118
13254
3885
20387
2549
19665
16374
16332
20263
25714
19111
5434
12189
23818
24115
223
7958
1963
17007
14858
2866
8386
29223
45
26154
32761
7020
27107
18877
32603
31275
9521
18030
23993
16644
3340
13036
8269
1112
14364
4050
14238
23460
25792
21392
27555
11534
26194
12969
21291
22334
30636
14368
23165
11631
5867
16940
7483
31174
20083
14131
6028
31202
3891
1782
29305
2484
42
19466
28568
28817
26409
8583
14312
1157
3803
260
4605
6123
19972
15554
17245
25914
5126
27175
8489
27938
7849
20590
5120
31448
15643
12190
4896
17070
17462
29624
23246
20198
6146
10293
25081
11976
28283
16303
21274
7154
12180
991
3166
2544
5755
16839
27399
21516
30751
1584
26127
32103
21232
32343
15375
14153
3045
20708
14432
8630
31940
795
21376
31298
14238
15958
12983
11558
9112
2483
19194
31890
22258
19466
11023
12869
21057
10786
12530
3932
255
5412
11896
28263
9030
7503
16690
19394
1241
23790
24980
10275
9572
3975
27990
31087
13829
10582
12571
7634
4106
761
13649
1294
2301
28013
21080
1043
18398
16953
20454
1745
32687
17385
5034
5194
13110
25278
9007
22763
26110
14756
32004
11036
24223
22372
3354
15894
24127
10267
16493
30452
29017
4843
31718
6157
15805
8176
31360
13954
29144
14966
22187
11795
14646
25449
17134
1847
23109
26636
13775
875
24924
28910
3319
17354
31995
32027
27538
15838
28501
7567
22517
29366
14603
1264
23683
7224
24891
16252
12241
17593
32441
10048
10248
31947
26268
26762
32139
9046
9213
10914
8410
29675
7419
12469
10167
20308
2306
1810
5511
29296
7246
4249
762
3902
3242
2159
26862
31799
21374
19447
4753
28129
20744
254
31430
28321
13546
27702
6347
2256
20453
3046
24600
22290
13028
19167
30602
28387
16188
24498
27584
22899
3122
11296
24774
3764
17854
12498
1776
9905
26766
26955
22281
13601
32590
9242
22957
828
17703
11092
32244
7117
20869
20801
17233
23945
12574
13654
15033
1951
4144
21859
8967
29840
23049
16142
9375
30529
29133
30080
28753
3663
26740
24414
17793
24994
21522
20731
9093
15941
11355
1740
10831
1140
20582
9244
28236
15351
6577
2560
17291
17071
8294
6798
17442
18799
5340
15434
5582
4877
21089
12769
13017
10680
3895
6682
14913
32395
19932
11273
2838
10083
29582
902
12068
12014
10255
4573
22738
11013
25254
1735
30794
3388
18534
17817
11226
25015
16306
15036
3994
28735
23809
9565
12368
29588
3295
10597
9616
23301
7989
15788
5928
19007
6089
19049
12731
19299
26632
3054
20139
26459
30212
3474
21308
6253
5305
20718
2807
19216
20884
30028
333
24831
15158
29532
7805
27277
1397
16681
3000
2616
11939
29260
8834
13952
2579
10335
27483
19962
21466
26549
28575
12704
12755
9288
25259
22891
17894
6899
26177
5924
13705
19170
28206
31607
19078
9030
1833
4425
4351
14669
1279
25419
5808
6737
23533
32719
12149
3664
10573
28379
25356
24220
12150
20092
26651
29907
18653
2397
20597
26130
5760
23448
19097
15974
28036
6604
7292
8323
18460
28272
15240
3513
15790
359
9700
27171
17969
15828
24822
4386
19674
10799
16678
3593
22007
1689
24293
19738
15387
9580
23790
22706
18555
12823
25548
30400
10904
23081
30365
14971
4894
3243
1301
24149
30220
17331
24262
31274
14358
3126
27550
27070
19272
16414
19889
30566
32491
9884
20536
7941
1708
28352
18394
32058
31995
14407
18475
16088
25778
7860
21107
9367
28151
31394
25008
28425
611
19800
30686
18127
23652
2718
4213
29964
11743
13519
7220
26
6682
32560
27165
124
1754
27264
8641
16916
2248
4048
12989
1430
28441
3477
23941
30269
12910
19196
14688
10173
19193
1405
23476
12408
12770
23731
1156
13300
4585
20587
29751
29069
27468
25851
20123
11111
12011
25045
12073
31143
5290
24155
21131
24035
12567
4341
31067
10966
3661
5217
26670
5209
19480
5963
10449
31631
2905
10782
28882
19295
10412
7961
20802
31015
2633
12453
5050
32174
1320
25062
26780
23131
7529
19856
19099
32421
9714
22268
15230
8651
858
29051
15904
25797
5638
29162
12732
20602
3985
7814
29287
1075
14193
28930
25310
10320
25304
16087
17282
31034
9177
15324
31393
32408
29644
2838
12791
17094
23795
20945
28021
7810
26462
239
32577
27881
19723
18561
31997
15267
14674
27028
6732
19290
6016
23117
3218
29808
13507
28729
23548
17393
14662
1246
17857
25798
15516
18582
5031
10540
31074
14237
3272
18533
25632
25960
25494
9389
10609
4664
17693
11632
22372
16112
28040
12730
13857
13091
26087
14063
5072
10610
20271
10172
1974
5653
24194
28493
28833
15287
28337
21697
12935
647
19200
10971
30570
17804
5929
10234
30590
2616
30883
31307
3214
22081
25891
27709
5276
6060
14948
11573
26568
21291
804
4740
25971
3240
3439
25750
23715
7714
13855
3179
21417
28856
3492
13643
29442
19459
14849
14006
6012
12201
14871
23195
20377
27439
28198
21450
18488
26639
2449
30890
27762
23051
20961
5679
15555
18880
20237
28423
8554
11646
20729
15124
15378
1111
28220
15135
31921
10102
24614
13515
32177
17843
24578
27335
27470
15716
27032
25928
31295
18549
1782
7863
12696
11963
2416
26790
3055
29317
21478
7433
13245
11124
6725
28579
24328
909
14928
29630
3647
2701
4513
10783
12902
21372
29930
11065
32370
4229
11393
16801
26615
8453
6684
2242
6912
17890
27609
25554
25918
28702
129
24837
23654
23980
24845
23808
17364
30850
29545
31376
30068
11247
19065
17052
20962
9263
14170
88
31696
11325
32746
11708
25257
7656
24202
1077
24691
6185
12066
1434
28410
28596
28006
4449
14379
3533
26712
23059
1470
12637
20238
20221
21528
17989
31414
20009
3183
18162
6615
12940
10799
23601
8410
4737
20380
12101
9160
17014
3513
8760
32085
28645
25449
25198
26398
26759
14293
2432
26415
25028
21517
16455
14024
21613
8178
6198
1633
16557
9811
3821
17131
28221
9302
28684
16473
31960
10266
2373
27999
22767
666
25782
29817
26781
4309
32117
28208
1245
8236
8812
2201
4859
29195
31591
18462
21064
8907
25707
17792
12818
30679
4938
3357
17363
22798
15220
879
7593
31081
9232
29398
16646
29406
25675
9879
22953
22916
14832
14116
26829
2551
11834
27550
12448
14078
31974
21656
29686
31339
29067
1054
24127
27971
12078
1781
10166
2847
5649
805
18908
25810
15309
8117
22565
26188
10656
6582
20721
13247
21768
10883
31421
25088
1681
9030
8603
3631
8939
25022
18655
6298
2623
576
9500
1759
451
29436
29263
20817
23437
19586
31321
8093
20645
4997
24499
14510
16733
18398
93
10701
20453
25811
1303
26893
2330
13978
28884
30438
3999
10521
17516
17184
32047
29680
2705
22770
28209
18361
24580
5740
27533
24718
19464
29458
9919
8652
32024
6602
15402
7959
15829
23032
28590
13983
13890
13287
6012
8353
19763
1131
10537
6192
15875
5060
7426
309
13958
3014
7072
12213
4414
6455
10684
13394
32722
15481
17988
21013
14779
3432
11949
362
833
30342
15756
9324
8358
11094
5984
20579
2465
24069
6578
20619
28942
30799
16481
17944
29923
23457
30007
2422
2662
27771
32191
12501
31389
27929
31579
24549
774
27474
12689
17630
28297
17856
1702
26308
15019
3105
29294
10473
7428
16125
20322
10163
31987
12938
16883
21151
13712
6348
10782
26502
13282
30464
21313
13088
17747
2619
22061
15046
10848
24399
24956
13180
16789
8686
23589
27182
24249
26386
5709
314
8774
30363
31840
10031
25884
22586
97
10964
3189
10127
11646
4205
23068
29582
6632
3129
3290
11559
10977
1599
25905
26918
24343
2891
25165
31064
4912
20275
19256
8431
29862
9310
22605
26663
5845
3207
4335
21290
24146
18111
12667
49
13951
32433
11642
28909
17756
298
8732
805
4512
6617
19682
23712
20233
32339
23194
20037
17648
27225
8848
29313
800
20830
8707
2793
22760
18756
19414
24865
17007
4711
136
12028
16456
24796
16998
20964
19782
19195
31231
19837
26258
282
24281
24965
23034
12956
22626
14079
20108
17451
27433
26768
15204
15169
1614
27177
16578
749
17720
5094
5984
28116
31109
21558
2562
6518
4423
19773
11598
5810
11629
24950
18910
31628
31871
29597
11412
16943
11663
24012
20781
6446
3948
25572
6937
2319
12312
9518
4234
4874
4220
20802
19404
11534
16475
9256
5844
16133
30341
28094
25883
1369
31053
10329
8109
31927
27452
25263
30588
15123
20487
245
12795
23020
23999
6468
9192
21969
28232
28481
20073
1828
9484
21245
21083
6174
7408
26394
11751
7187
12936
4656
30806
11255
16006
8046
4134
11298
21625
21125
28509
8016
22964
29377
6685
10988
2187
4473
23417
12430
13254
4010
17543
8386
24143
9951
8630
27403
31534
31060
23138
12071
27063
27994
28326
5013
514
22525
1906
25941
17820
15077
19677
25839
2172
6522
30396
25782
9785
10572
19315
7246
6010
25009
267
21868
31661
11952
13445
21981
27388
19229
27502
10954
9340
1542
21428
14650
27816
30542
13752
14296
12303
26520
19620
30199
15945
28518
30975
5075
12591
4482
383
4121
21580
21662
22046
20138
8334
8247
2415
31900
8257
24767
29747
30082
20286
14074
14120
3566
19296
13993
3873
26420
26936
30822
12123
12400
258
719
5647
30922
2007
20198
3908
30456
18724
27576
23015
27141
21594
1341
8989
30545
29415
21120
19416
10714
14950
12031
11433
30393
3858
25429
19413
27376
10881
24854
14762
26210
31375
30203
1811
2083
27800
14911
2667
12274
30954
15944
26255
14596
633
15242
2103
20996
24277
19625
3462
5719
6746
28893
19423
19620
19622
24219
26619
28308
4433
26994
13368
24022
30936
32563
18740
27239
1497
84
3227
3600
2694
30614
6717
304
31316
29926
17252
3259
1011
3969
6244
15747
1923
21340
12403
23734
15621
7619
9147
20904
7951
11584
27566
20691
28100
26814
7578
31773
24068
8686
13181
22617
18656
22250
22298
15375
28497
14105
25420
7040
9769
28498
3995
21989
32329
324
31245
26616
15637
10773
830
10165
14629
7241
12467
28002
28477
4326
2412
19917
25472
29653
8376
18901
8928
12172
17230
5931
30937
23530
31384
26202
11615
21602
23122
18949
24341
31068
19540
9072
19903
8408
20140
14403
10490
31317
22512
21898
14123
27121
21971
9215
26805
7889
31221
4492
11119
26819
18688
29708
4693
4386
8176
18770
9597
15099
9138
14444
28237
3693
20209
14376
5100
13142
4653
32472
7158
24364
14861
8019
9076
31272
4086
30524
9227
8106
26844
21127
6515
32217
5720
26680
6955
22665
28155
5230
15979
13155
23267
29601
21595
26431
11659
17192
22658
9941
7655
11006
9089
13973
13233
21701
13825
23507
2302
29707
12266
18215
6932
9165
18389
32276
7551
15673
22213
2023
866
3000
19473
25058
13068
556
7589
32410
6091
21878
2155
21662
1541
8252
13571
16473
9604
29673
5306
15674
22034
31477
2746
14866
16966
4198
13694
3261
5277
28823
27785
18692
716
26424
18008
32450
9045
7830
14997
9030
16729
29724
13453
10745
8877
30234
10724
4160
29744
28358
2439
24740
20571
8321
5859
28977
5145
5979
1365
24859
30169
13272
26593
6568
4834
21237
18726
22089
26343
14182
32657
30730
25052
6178
4562
10285
4104
30753
16268
3602
2138
11108
593
7259
5376
11575
6861
14669
18998
11187
32321
18040
32604
27782
14388
19354
24140
28407
5221
18625
31978
28452
9475
29616
13565
11918
31008
25732
11837
9688
5988
30103
20140
972
4350
23205
1322
7583
16608
13101
8772
13430
2860
7194
13134
13352
12521
1187
5041
20294
3067
19056
10373
7257
18258
24830
31331
6250
26465
2116
8564
13000
14034
22167
14286
17925
27512
6603
17921
8770
6021
21403
24044
3244
15101
21834
22486
22599
2410
16011
26042
31723
14290
25503
28897
18828
26342
24253
30134
10942
32124
20662
20951
1655
1855
5337
14440
13335
27557
27668
16556
8103
4386
25437
17110
862
16540
31056
30492
23146
23838
18202
2830
28909
17360
12437
8486
13637
26663
24500
28320
11920
89
3874
27531
15471
22036
26662
18721
1035
3951
30666
8788
11862
1057
32572
6825
23444
29424
9076
24393
28697
11117
16407
15958
7764
32735
24988
18555
21004
4989
10925
12487
24810
22752
10448
24251
9272
21687
23622
26273
24552
30909
30515
23584
6872
10984
6144
13070
19540
19683
766
8837
733
22463
8012
15929
26664
24550
15098
14856
18026
5456
23150
3027
29395
5113
5895
24461
16728
6290
20737
4497
26038
28022
14489
9017
26036
9185
29297
23980
168
27996
23349
5879
12348
10620
11903
19808
9842
31692
5368
3318
27878
32264
24001
21357
2388
25228
26385
26153
19289
6923
31263
20121
10110
22404
7746
28870
17266
29042
10070
28716
6039
5956
867
22216
18880
19468
2937
12914
9530
3963
23518
7277
21513
16909
30572
24381
15731
6529
14900
11960
11715
14732
24423
9824
11079
17614
7799
496
7323
31237
9081
17461
9257
12673
26318
16415
21745
20184
10242
14360
9350
31450
4084
1940
15961
14791
15927
2794
7226
12736
17849
14690
2076
13692
23714
9615
27417
26428
17279
22495
3510
2049
10144
14192
11623
18172
1214
29989
2902
9542
18914
11514
22624
16849
17793
12692
8800
8607
7404
13853
9905
18481
21224
19022
11758
13379
8600
23757
21756
5302
11172
14266
26443
18894
18580
11140
11864
1693
28797
23554
23159
9919
2784
25535
26831
3144
9423
16789
10918
6651
21073
17533
20959
7613
16136
27045
9920
16201
12817
24771
19193
18212
2348
10922
11746
20948
28445
1562
5637
17229
20818
7901
25564
3756
22725
13071
29148
9767
27172
8894
13746
10052
28976
7603
1740
5962
31587
25486
11803
17397
26069
18969
8983
7278
8800
32214
6660
5754
22530
12506
18292
29682
25220
11230
32014
31859
30041
30100
909
32598
26057
1079
22028
12771
24655
11622
8832
15809
3391
18482
13190
5041
26795
13686
10079
22141
20872
16999
6200
29226
5133
6507
6575
13173
29532
13615
12180
29566
30308
2547
8684
11198
31750
22825
21052
1598
23158
25407
30212
15883
3557
27577
23177
25573
14941
17282
5591
23351
1260
19844
18695
9036
2052
12662
22462
16575
26402
12533
14582
23347
17838
21207
17665
25413
9506
22716
9418
21695
28271
13029
18015
26894
10909
26186
31404
19959
11953
6374
8329
13445
16083
14422
248
19526
27824
28322
16551
32439
13598
22875
2749
32508
8446
14054
22739
468
28007
32279
31807
12749
32513
5122
19609
13236
9390
5133
8056
20304
28016
24138
28029
4176
5511
24580
18579
29569
20185
19096
1908
29764
26775
11398
19056
3648
6686
8392
15722
1876
29979
2147
15139
5583
17139
571
13755
14052
20834
5419
2164
18776
29282
16469
5818
16510
13134
26039
23648
869
3911
17152
21293
19536
8407
27809
20887
7270
5844
32550
18126
6059
28807
31431
30716
23855
17678
32058
8907
12166
6655
19916
10537
375
3406
28592
10824
15096
22129
11927
11496
19035
25281
22913
16088
21954
4388
8146
11706
8408
20713
17576
15624
31427
10227
7276
32084
18516
25626
2215
10452
32385
31694
26135
10525
8470
25085
8451
10799
6567
20791
25547
24242
31433
21009
5059
22911
898
199
4161
8290
30461
22053
26613
23582
7298
30631
30841
18866
31654
21215
11305
20699
10431
2071
18997
25562
13723
26680
3317
3191
6770
2538
29308
19014
11032
14845
31599
9769
27767
19208
19480
7958
24125
2127
25526
21531
3282
20458
24087
3999
32653
6180
29545
6122
22311
25634
10830
26856
12400
27589
28718
15145
8000
31440
3025
31789
21937
19278
7725
7135
19339
24366
9596
21343
31232
7473
13970
18692
32666
13574
24686
13730
16497
3763
28175
28424
22177
18742
31369
31693
26363
3180
2903
5197
11771
12851
9459
13550
22778
2763
3492
9640
32677
16515
12951
6852
20910
7825
25394
21219
19650
16193
22181
22083
3770
25938
12226
15166
6165
1180
29454
5139
4774
15863
8984
27113
28810
21081
30473
26897
30557
20798
24445
8844
2989
1613
19857
1741
20655
27192
28733
32191
28721
6884
23525
16394
7888
7882
20522
21907
12395
30621
4102
23873
20696
18476
24
519
13525
4491
32572
16671
22337
19309
11615
26003
5772
23509
5266
23810
18028
12782
26716
18849
2513
2102
20309
30080
2332
4578
27376
2831
22667
6015
4505
14048
8952
18133
28416
5806
27844
14864
32436
6559
782
31266
5363
13766
27432
99
27073
5868
26187
31610
23095
10896
23945
23425
21534
11564
18948
26980
8124
7354
27998
28042
31726
13431
28272
10680
16503
21991
11839
10802
31384
793
26923
12835
14305
20012
30826
18238
29510
25106
18357
8358
22645
2196
21313
32011
20839
20886
16881
9238
4661
16285
28618
5896
5934
7566
31911
13470
18726
25017
13102
21559
15376
16917
23554
7224
15312
24013
20794
6064
6986
8188
26131
20280
31167
16309
30433
26910
29273
327
13644
5314
27140
7359
1208
17727
28544
28078
31493
32590
25012
20524
22905
15976
20550
20252
4602
13611
19048
1970
11393
27903
4085
26163
8395
2297
22716
8188
30802
12288
9756
3782
19579
25134
21201
20776
29969
15736
21773
21597
31474
30098
26314
11080
8968
781
2143
22197
9595
19907
4434
25314
25893
22132
17262
32318
15175
9137
5141
28016
11130
30201
8151
155
5096
1827
31811
28129
11707
22779
23548
13606
29142
22320
14608
28950
13763
20590
31110
14697
5357
2759
16950
31333
31248
30551
27614
26021
23789
18728
20081
24602
2114
29523
22194
4431
31737
21096
6658
30705
16288
1296
23670
10126
14617
14321
15661
5021
23443
26834
31969
3007
17081
25856
4795
19780
3624
1776
876
19953
4391
30501
11897
9216
10898
29780
1494
12137
22808
26311
25527
26720
24487
17151
29347
30495
3619
32669
23498
30949
606
8835
12184
5695
30021
10550
15498
20102
26711
20614
18497
7337
18268
32626
24277
22828
21075
22854
11371
32113
25516
15110
5386
11319
26295
10255
32426
9056
4701
27132
398
31479
15374
26567
29396
21873
22266
30768
32075
25907
29572
13155
15492
27477
21235
2005
3628
5030
25451
5743
3480
20976
14365
6638
28066
9341
20922
23946
9396
24537
19245
1749
7970
26586
16009
14055
27581
31198
30272
18104
5797
27732
16023
8909
9822
1918
27478
2583
28454
23412
26052
13336
12422
14189
22226
8775
12584
9786
16791
8374
19688
5139
8700
14834
10541
406
25529
8746
890
26637
17792
23956
20032
13040
31863
9741
4087
29355
11244
21504
14444
11424
1349
20104
24669
27760
9269
18137
10051
31350
31542
17116
9071
23445
25651
15129
6232
32308
10628
20442
26420
14470
6944
22925
28101
31759
1038
22635
18294
25188
5149
1879
9382
30514
4565
5641
11332
25473
26797
20075
7068
24122
26495
10563
6256
1511
17208
5651
26955
1979
12756
31293
2066
14290
12682
11115
17116
32441
20547
26926
24323
16433
1873
6630
29308
7984
32606
20193
26467
17193
20642
21447
24026
653
4954
19765
24596
5778
21621
10920
7341
15411
17040
28573
6973
26232
10020
6134
7980
26103
32766
7072
11464
10651
19696
21875
25748
31908
26055
20825
10467
26095
27772
17843
16806
3192
12207
15352
29315
17693
4432
11423
14119
11685
17824
4672
6620
30976
32344
14326
22622
20688
22055
18183
19178
28713
4194
22471
16793
23445
248
2489
19436
23132
12452
26360
7848
5378
4454
5845
3044
32016
22323
9154
16736
25112
18668
22639
16664
22515
7565
30770
18457
21069
14759
22188
6036
6500
24848
4778
21553
31756
12504
30793
28581
25335
30080
20062
20615
10547
12647
4884
11359
24052
26501
27607
18433
21396
32347
19569
4633
8152
20266
6515
19462
29045
13668
18903
13548
24274
12896
19427
27396
4624
31057
12625
30519
30280
30585
26284
14060
18963
11418
31229
6174
15184
26542
13479
23473
28705
15319
3216
20998
8503
16793
12417
17869
10576
30791
13264
2330
11773
23483
7484
22715
17833
586
23832
2506
16087
22264
28332
13694
27819
17383
10456
22342
7340
24854
506
4377
6600
31560
19218
2567
24729
1857
9764
6933
26854
21816
15326
15943
10349
6282
29819
29694
13023
6060
14311
4740
6957
6243
31012
13286
31234
23607
4332
13826
15760
16677
11160
224
9872
23188
20032
1862
5764
5770
14116
13702
4928
17184
7498
17051
9128
2099
4969
6004
27067
10589
4614
16528
7633
9251
27869
7627
20256
32368
14210
17528
3461
22851
23880
18351
24706
7076
28770
23272
12163
18908
29768
713
32613
23781
10077
18493
10552
11808
4046
8646
28228
19270
20413
1812
3403
18081
1183
25302
15630
22396
13794
22224
12306
24280
5843
1582
1444
9312
8128
23064
19483
24479
16985
29830
30813
24945
15708
17750
30373
29111
21362
30108
14467
13647
26964
7481
25636
12356
20273
30383
2259
14401
14676
1331
31936
27468
11266
24836
18432
32432
24225
7676
16598
31291
23072
100
15665
13226
22162
29709
32117
7778
7196
31132
13438
17249
27410
32294
20707
30067
12125
20733
27511
5545
800
11209
32534
31751
17563
218
19870
22653
17231
956
5691
8217
18530
8204
232
23162
32326
21131
25394
25480
31638
6257
16959
30050
30016
26884
13840
3736
23529
28008
4611
2203
26765
27321
30364
29297
23654
4695
12420
941
30736
11393
2258
15263
28138
20774
27274
200
21439
8951
355
21648
22438
16577
13774
28476
15398
24826
10803
22554
24478
19354
7550
19966
21220
9772
22234
5106
17197
17956
32444
30250
15149
32115
2340
6966
32639
5465
5408
30075
2630
27514
26001
26852
27157
25909
22321
30933
2060
11569
30677
4705
6468
28472
8944
18108
16238
1609
18265
2547
7350
20712
14926
18906
24302
8121
15288
28998
1512
29261
4016
11133
26915
30268
20803
31723
16554
31860
25202
32279
13626
22736
7549
25045
15267
24557
11106
30652
16240
30521
9120
25050
24778
27468
22848
15527
18842
124
30998
21560
24046
29099
23877
14773
19358
20836
14849
19725
15663
295
1945
3816
13303
13056
19892
20190
19842
10590
13274
2534
30773
10531
31543
3345
23345
20984
17820
12408
30075
20707
19911
15986
14425
8475
29924
23307
8447
20251
18772
32690
5482
29173
27308
24370
2189
20201
28417
17892
10667
23350
11619
18978
8964
4144
4519
24830
11187
17811
23914
11060
28887
1559
31314
3678
6641
4676
16791
28263
27789
1416
23746
6978
21285
20871
9141
18140
19266
946
7148
5967
32484
2331
32002
10584
3364
25735
24183
5899
17944
2757
29360
22213
24055
22847
29503
1635
23421
23247
8805
30385
17809
20180
1493
2853
21542
9860
16059
16846
10335
27780
8957
30599
20470
19126
31681
15472
6110
8786
3375
19615
29223
27192
19320
274
29475
18308
24855
19688
10695
5219
27223
6865
22355
18726
2581
7876
18998
31637
15303
28656
24619
26758
1725
32500
29609
15278
30375
15442
14458
2486
32088
801
19369
12433
8649
7171
31394
4622
8289
27735
1429
23721
24691
9648
24859
22183
25353
2437
15132
24418
3808
5418
18160
6881
32179
10750
5316
31659
11964
1511
30784
7901
17017
8187
16999
11899
9132
15744
21182
15876
16805
21271
17328
21833
16323
1588
13873
7550
15929
25297
162
25746
8206
6500
17652
27324
29288
22798
12817
11863
22793
6677
29815
10735
9242
27796
6694
14492
29479
8049
28093
5262
2412
21392
3296
9194
14159
20294
15836
2005
32045
9745
18574
8653
19289
2182
22145
832
866
20618
7766
31575
7829
7621
24169
14099
7619
5716
27313
10140
9797
8126
20968
8918
28732
9258
24044
29236
27165
14287
29542
17361
13678
12971
5289
12733
24778
4728
3037
21396
811
14556
92
3670
7273
23008
31580
5746
24317
11939
8143
22564
18187
16464
6535
14849
8864
24397
1950
28113
28472
6837
26133
17308
12419
19465
15035
13064
9320
2850
2384
3810
30795
7786
21227
5882
25483
15180
9369
23604
19279
10985
31047
10972
21379
9997
29410
28474
285
865
11964
18534
20901
30434
14642
15710
27636
6545
25740
18518
20028
27244
1828
11343
7496
29086
25803
18667
30981
21235
18280
24704
31298
25742
2786
1131
15796
7646
8256
7079
8253
29390
19471
14238
4205
28476
9220
11070
6474
9901
4067
6224
2636
19519
20895
26373
24748
1759
22723
23506
21983
21947
25872
16254
14173
6394
15464
19834
27558
4779
30699
23664
18567
29692
11359
29982
7833
19117
29141
19301
7692
25284
3721
19869
30882
28801
18699
15916
25854
5780
9628
2903
26399
7310
4827
22872
552
27030
18849
29360
14178
5981
25641
4798
30339
12628
28788
16017
25393
29724
491
8187
5058
8509
1607
5862
11590
15132
25006
29931
199
15655
5662
5921
3535
9299
31247
21043
3627
23496
16980
25782
28399
25050
25411
25529
23226
14652
3349
21917
14651
31344
18320
28455
18420
6530
28899
9939
12350
13302
9169
4715
16014
31487
18705
17113
7926
3570
22517
4666
17135
22777
2635
6195
21589
19468
1921
14472
22963
32285
19212
32746
28609
4243
18953
17169
15403
26362
7205
13323
32148
1785
11195
25044
23771
13444
12605
22054
25501
7762
32213
17810
15355
11922
22860
1488
7581
21466
30506
15956
3062
22112
18207
1825
18890
3436
9377
27106
9710
2317
10711
31031
1360
1036
10678
29261
20023
12830
5482
7345
6347
15965
20727
23654
18647
3577
15136
10805
29902
6955
27784
26180
15884
31851
29207
14570
32351
27619
1695
30146
28358
25379
4031
13566
11128
7958
25096
5886
14632
8245
4191
26146
28552
31482
19106
2780
27916
3224
3983
1545
30704
26601
13793
25985
28796
3752
4283
26348
14471
19168
13130
15576
13370
15524
6055
10761
18454
28673
11514
26384
30776
3889
4325
1568
3292
1297
30752
18716
24609
9174
2656
7668
14604
9211
13694
13618
22478
3965
15317
26320
5962
27979
492
22861
18386
16632
24405
7936
10033
12980
30420
15787
6639
29562
22980
21587
2512
12683
31415
21327
3486
12570
13149
31392
15912
23881
24999
4736
23691
25940
24619
4669
11696
14860
24011
10568
12054
32648
22673
24201
2258
18199
16350
14838
24788
9592
452
11364
29547
31054
1968
10653
5388
30158
26188
10418
335
17851
17571
32403
6970
23188
16007
18140
706
15372
17967
20210
9103
27578
18725
14159
8448
12562
7264
16154
17263
24980
29612
28155
19126
31043
26707
4141
18929
5977
21238
14549
28806
13113
31932
16018
25699
7589
27567
26197
4487
8753
20066
12403
4804
23799
19159
31736
6083
6285
13473
29759
27720
18484
28230
31935
1207
29266
31207
3880
13272
7971
32035
16303
28119
8107
15416
23461
15503
16623
20587
22095
18695
16228
7595
30706
7741
3752
19313
813
2339
18800
17642
17547
14824
24002
1112
16473
2680
18788
11702
29365
3654
31380
15514
21992
20297
10489
18784
8950
23620
15066
10629
115
3147
2702
28497
5015
7043
8243
3257
10133
1321
13219
7555
24361
16086
2724
7339
9328
14593
1887
2310
19197
18629
31508
15653
6185
24292
4363
32380
9642
12301
26062
1987
21096
12890
7829
4765
13708
5149
5378
9336
18393
4060
27406
8884
14143
16794
6980
29191
6317
24920
22829
9504
27688
1756
22027
32394
10010
23217
15817
18900
14572
22639
51
20463
15830
1597
14947
27351
21494
17811
21627
31861
18080
8517
10138
19653
1014
15549
16392
4916
4280
18567
4020
12108
28253
8212
9441
21650
10082
29879
14620
11695
30178
10740
11377
15055
14439
18170
16606
28487
10496
8558
10760
21114
2707
9578
17709
10237
16501
24262
3418
25337
1080
10134
8158
26833
11716
8179
25854
26373
16809
21247
12522
16471
14772
11555
28912
21804
15297
10139
14576
11060
13007
19765
17680
14413
32346
31829
17328
21669
11237
2621
31649
6175
28374
11147
8849
9977
19078
17923
30666
12715
8857
3983
30493
11282
9611
7812
14360
32717
17804
20263
19840
15848
13198
8816
14587
5047
4252
31246
18188
1797
18797
21930
26436
15727
20537
30064
21687
21258
10443
1484
8878
1100
31448
14449
411
12073
7823
28320
20562
28540
22385
22695
19829
23209
12643
11944
32048
7808
13313
26267
5927
1893
24630
2966
4269
12718
11273
6732
5943
27213
28858
1749
3856
687
32526
20397
27214
7140
19943
16894
27652
11519
30487
21282
11193
18624
30326
13155
27929
26224
24371
32262
8171
12813
31591
10889
7235
10151
2544
9000
28409
32266
3708
9382
19033
9373
26596
19273
28444
22666
8380
28967
8600
5407
11816
16800
32563
25461
4336
9772
18461
19791
3287
28759
28991
30532
27177
25865
4718
9761
30100
3339
1253
13193
12856
28359
17906
13790
29185
5455
29167
24421
18485
2209
27508
22692
2633
6954
715
6671
21241
12424
12708
2276
15256
24980
16138
23380
16292
8608
24470
2019
32413
18685
9699
17425
20503
10433
22337
22074
24079
3014
30894
16059
14715
18678
10242
31830
7460
19142
5481
28632
21176
12289
12566
8952
28187
27079
24886
30339
21247
31445
21539
31670
14516
15367
17115
31979
8257
18970
14256
31097
28851
183
11585
6357
11701
9901
6568
22781
31841
12159
14837
31766
27222
13854
12764
31059
11019
5367
21418
29978
16227
16176
9341
1122
15233
16175
28853
16224
7901
32349
1190
26466
29335
14889
23951
9211
8716
19023
26320
7008
16808
7258
5975
27154
14331
2151
860
15805
32014
25389
13902
5984
25591
28986
26893
30895
8875
8063
26713
182
3092
9487
16267
15294
12387
29220
31618
10868
22440
4195
6625
17480
2719
22625
30840
30996
7629
8293
22783
30206
29388
18544
19722
12703
25572
18298
7737
869
3547
7679
1711
18997
27661
20922
19910
26197
31423
22193
7425
2698
21424
2417
8515
10365
30961
7835
19518
31843
16887
11167
18989
31709
7919
11464
32710
11293
9809
11385
9322
9035
8376
28598
19616
14631
1777
19429
30913
10991
9809
2518
31733
13955
24396
31234
20317
28871
12868
7696
9618
23369
3743
2974
21071
32036
6172
27709
23146
804
22119
16061
16393
11050
747
15788
24338
32466
26855
3865
28131
8532
3012
8605
30276
13480
1958
23197
23193
6638
24641
31177
15197
4364
12782
21992
20683
31641
30973
22232
3294
18170
25421
20688
6524
16842
24603
9449
1774
24704
25112
19165
16020
13643
1982
10254
3543
8001
7651
22474
23902
29881
12431
18637
26757
11509
7691
21511
2315
19717
24634
12448
27402
7143
44
26938
15661
25075
26609
13942
12573
14199
1707
25273
24636
9886
31463
6960
26774
9366
14126
21009
22037
9713
21718
5668
11252
21068
2334
899
8821
6959
28795
12702
27863
14901
9260
17025
7042
23149
19988
30554
28294
28927
11977
28213
11331
2323
18921
27915
20585
1774
11437
24059
10020
9822
704
24791
10384
14425
27985
5602
10355
25569
20583
1496
11819
28202
2676
19247
2277
19967
18990
24733
29712
3682
30362
14554
24594
17523
23913
935
13113
7315
7048
17423
5876
17096
29683
7149
9539
10851
2250
28846
2668
30945
10918
19800
28400
6160
12845
9675
15805
13171
6116
24392
6821
9446
15941
16943
7439
5253
8722
14605
8940
20427
25832
213
20461
7159
26135
11886
3315
1972
23985
11630
7112
32760
11745
7206
4876
11309
24190
10462
22130
21903
30432
21601
24364
24021
10739
15805
26787
2323
2185
23364
21868
7903
11765
17622
24695
9907
6869
29539
28298
17298
12847
6571
5102
29422
3264
31304
8809
13002
5776
24303
21356
21276
10954
5363
25228
30325
8651
4874
11318
1507
1401
11348
9375
7191
24534
29849
15099
11203
22485
14803
31983
25926
4204
14060
3656
8075
32234
25544
18669
18478
9611
1670
6418
7905
31561
27139
27055
16399
20982
23968
13617
17087
4488
25158
3695
28090
10164
10407
13791
18416
26302
17606
3850
2072
18063
15033
2621
10135
15368
18605
22146
7331
6806
4652
28622
32680
13318
4251
23932
8170
10907
27911
13562
19309
10590
10017
13507
19986
30390
11654
2957
27650
5432
19268
8131
23375
26304
3738
27445
217
1473
3328
16143
29807
18649
10343
1031
4151
9385
14786
19163
3920
24547
17605
16635
32693
19876
6381
23938
2917
517
960
23147
23745
13549
30806
19970
8757
18217
20504
30872
29978
7614
2248
6779
10203
18301
9154
26150
16215
8409
2689
25268
7047
27126
7268
21147
4961
770
18866
29334
2044
17096
24541
9443
13044
7042
27395
23727
13328
495
20666
24015
8738
19110
2061
9392
9007
29098
4802
2705
20432
62
7135
31215
26072
1275
24428
18241
3639
21023
16249
486
14879
30248
10851
20828
23397
8866
13908
12978
31785
30013
5641
10816
31161
22306
19160
15765
26291
26247
14321
18865
22634
7809
31460
2421
9099
12570
11619
24663
19457
18340
29769
15706
11285
7501
32732
10814
5850
10227
24911
23283
31176
17209
22924
20820
16807
4570
1328
26898
1711
2365
2518
24558
17389
23370
10392
11820
7656
12925
22995
17220
31877
29752
22059
31450
31784
32094
12495
24048
31260
3357
26366
1115
16437
21003
2251
10867
5043
19829
24349
20239
11114
243
13049
28081
20768
6720
6660
10493
12855
4425
27715
31088
9100
27780
18214
13390
23710
8067
16837
32476
28147
14281
13929
464
30391
19420
17742
28934
23975
24732
29863
15220
4397
14546
4579
30560
4812
17164
14383
24272
20927
6569
8252
28739
6365
18736
7490
1950
5056
20710
27461
873
12070
4511
12951
19003
22679
7892
25758
17523
24905
9718
21975
7721
2112
24578
14619
25957
28601
16726
24609
22670
457
23491
25925
31013
2114
9955
8839
14003
31702
8876
6615
17919
20095
2118
12944
30853
13598
32026
28738
10276
13410
31788
1716
2839
29931
27050
28457
1062
8879
1221
25315
17181
23453
11199
24294
18814
29057
9797
5374
10099
808
27136
28163
1286
12484
3431
348
19348
28561
23767
9666
895
16569
17893
32582
14884
20342
3315
11926
1037
14966
257
1404
28519
3203
8646
25767
31414
10339
27647
9902
25543
11261
16392
15442
25318
3774
5801
24068
9810
32571
30770
30375
8686
17432
27082
11158
1849
9256
17668
9705
31104
6613
11699
244
21075
21955
6656
529
2613
21680
8377
32160
6551
3231
492
3403
26120
30005
7605
31631
4006
28515
19796
2167
13016
20549
21122
27563
29247
4938
20742
14250
23785
30614
1667
596
1224
3236
13460
30379
22883
29232
28954
13274
6860
20308
20693
7543
30930
17649
8242
261
12919
24400
7780
13501
18853
19209
28342
5006
7964
20772
13344
31330
2735
24191
2840
10915
17328
6767
21930
13821
11689
20650
3531
22374
23884
12901
4587
23900
27053
12985
8137
2414
23983
587
29067
2302
23996
28204
12558
27461
21946
9726
13691
14488
17210
11609
16155
3817
28658
31853
9580
26512
12397
5096
11124
27212
31489
2074
28245
29060
27394
18262
8738
9171
1077
8092
4337
18116
19079
18294
4145
11994
511
28192
24638
28884
10994
5867
10803
14382
3702
17379
4096
26347
28440
13232
700
25234
12754
14010
21308
12919
4919
24465
12516
21307
15601
4747
2749
25494
20333
14511
1736
3668
13269
6609
914
21918
19007
8703
22537
9083
18468
5660
17806
17303
23315
31691
20555
10818
25510
14479
29127
11451
23734
11312
22967
3759
17099
19040
12568
2301
4054
30622
4986
11708
7971
11611
12959
19839
3465
10587
22596
16855
27108
11359
14911
16666
18885
3073
21706
8035
5735
7135
16159
8410
9701
12795
11845
16694
29867
19042
6697
5248
4906
3596
14576
9497
7121
16644
17548
29438
17720
23496
16013
30795
25758
21491
9786
22270
29845
22553
21729
5118
29692
755
29803
860
12590
18876
17459
18904
21881
10714
8217
6055
17618
22977
32210
115
9670
277
21634
5284
9652
15374
8844
8158
19770
28193
1448
12490
30957
10205
6455
19994
19021
9235
3796
31943
9464
8249
13612
31645
3101
5136
24847
22522
29748
3205
27847
16339
23788
11733
16808
13559
18277
8437
8168
1432
23712
28721
6321
11783
22580
5907
28277
1983
2882
18822
20354
27045
2986
13883
7894
7566
25471
18508
16180
20226
21689
11296
5239
22336
1322
7054
12071
2689
9908
13637
22090
27265
28600
25451
25468
25148
30673
5508
9538
28405
19651
20886
15260
23165
21422
24714
8921
27314
19080
6614
24751
10822
32201
4697
1931
11970
1640
12934
1062
32714
9223
30661
26969
930
1899
25878
11826
5361
8494
26360
4679
9669
18616
11913
7242
5080
20331
18414
26334
4626
21534
28661
12201
19278
27341
27897
23723
8801
27790
28423
27598
13144
967
15166
190
31234
18591
9852
1274
16815
434
9015
3628
16950
23817
26280
32438
3645
13641
26927
5261
14004
14122
17907
23114
18339
31531
15817
11902
550
26501
24919
21830
30645
28253
9849
18464
27305
31805
27875
14333
6140
10949
13832
30104
20049
2974
5179
13317
30260
8112
5396
22925
28578
20117
11030
21177
26828
29261
23182
7085
4632
19251
11710
29623
21353
28719
13371
28456
26272
3886
4500
23395
31587
4559
24372
10547
18461
31327
25994
20834
11333
3336
28775
26503
18404
6469
17063
20255
11345
30617
27923
18143
2623
3969
3206
15945
250
31143
13135
10622
29422
4696
471
18259
873
4152
12932
3494
8610
29493
7388
12275
17657
24505
29678
29730
16000
14884
17389
18851
17339
5753
29471
22205
5796
20567
18933
28707
28402
24364
18044
11977
2203
15013
16116
6133
31640
25449
6077
2969
16616
25606
4219
27872
2263
24107
27762
14599
18048
30745
31282
110
5265
15956
15993
30191
22350
19870
18005
2158
16345
22821
25737
15025
5296
24828
24114
11634
25463
11464
19114
4019
32760
24252
10925
26962
29800
12999
31418
29661
18155
15883
17596
30119
14427
17042
29930
21276
24645
27452
30188
19025
18997
1020
22591
3296
30772
580
2266
11250
28302
29118
23314
2717
11481
6461
27067
19057
14386
27635
5008
26189
6858
6884
5845
28535
31906
23194
4154
8428
14738
12571
24835
15605
6288
24600
16486
26875
2095
16231
31796
31644
1126
7092
11452
28927
2451
28019
24557
31076
14527
31768
32698
22015
4388
16779
30659
30726
25324
8662
24113
5641
24380
19233
9185
11138
26993
20961
4038
5805
3498
23884
2440
18585
16518
30736
30577
15231
19503
22852
13194
9044
3735
14751
23553
3226
27905
2280
718
23931
8388
6061
150
27928
16715
2360
28368
9503
12129
8639
3366
24987
17835
17627
5662
785
29302
14395
18169
26312
7860
32410
7900
14696
1600
24302
6445
22471
25962
27619
26432
12799
8111
8071
27955
25796
17352
24391
1558
31988
4327
31770
21327
6512
24893
764
6973
24363
7615
29086
31516
29568
7978
9052
28713
28873
8260
2671
31750
2349
9573
2404
26719
19385
32055
204
28110
16306
16058
25910
16892
18986
26763
29018
20746
4562
1381
18583
9775
21775
31208
7584
18338
26192
24473
12658
2490
17054
4395
16009
7507
30325
19453
9299
23925
17618
2787
26341
8240
17549
32297
22253
3786
26601
17621
30183
18717
8810
19245
27284
22586
8422
29305
6568
13394
18399
26122
14019
25047
27664
16763
24995
27102
31046
27703
9112
12744
31601
20027
24888
30241
15867
16926
5203
27848
30040
26702
25130
21072
9951
16284
25051
26279
17112
9979
10016
7413
9430
11396
25913
711
28231
19902
15911
8813
28489
3357
4635
25760
4543
200
25390
13673
31396
16031
8530
28734
21920
18813
29321
22381
32473
25530
19285
6846
32524
27381
27503
12627
3548
8464
4795
2772
3690
1659
636
23497
14885
10678
7877
2375
28132
4113
17456
30671
19762
7095
9681
16755
12264
4842
18285
5946
3586
11408
26600
20934
23979
17903
28669
30004
6042
9653
14642
11332
21921
28731
16650
32442
16259
12554
7292
18180
14855
7583
16292
11036
3146
30059
28089
7344
28505
8990
25919
9345
15359
805
7293
32009
10972
29553
8754
16480
23223
4219
30340
11616
4374
17285
28729
18440
26891
1570
553
22814
25680
32504
29939
4376
4758
23493
26864
21053
17179
3232
13413
26120
29819
17538
29181
8653
30408
25348
21366
16030
29660
11114
3226
26736
20974
27873
27249
18554
9316
5
27317
3806
7912
15782
26502
16267
16062
21196
11103
18018
7765
5624
329
5784
10012
16813
5454
22875
5526
14383
14641
28600
945
13451
24924
19388
27988
3287
28186
25817
25399
27067
5382
19340
24567
5937
32452
8253
29546
21128
27886
29031
14384
14767
31825
17656
18314
16304
22362
20731
8047
19067
27851
10100
11997
24037
32434
22923
31854
30704
7580
21997
6955
589
25606
1648
24996
32031
1556
28918
5953
18178
2438
24467
3027
9804
14823
21490
19822
30611
11527
18932
28795
9583
27564
3483
7689
19840
4741
10279
23652
14003
32607
10366
17897
31938
24219
19153
8728
5370
11488
17277
5355
4161
269
12591
22630
15959
12914
31308
13424
5724
12095
6544
10465
2195
5948
7669
32220
7525
28347
25046
11871
1449
32204
15700
24856
34
12207
14329
25467
14409
1679
32155
23313
589
30573
6787
8467
6233
16986
17103
31799
15637
6889
10517
11466
26479
13540
10313
32511
23451
2366
17633
22407
21848
26441
18742
28257
10102
9769
302
11252
29845
2697
22808
23643
25903
13452
25559
11520
32473
10758
3139
10348
197
20717
30156
9309
27020
28170
20577
22041
2602
31732
9104
259
19018
28223
21742
29548
453
13553
28089
17835
2917
5173
25532
3952
29934
9300
26995
1877
28767
3552
2416
16566
27253
22067
4349
31683
27249
20504
3587
15315
7963
1223
25642
6140
15623
10519
15682
31200
4631
29423
22754
16073
29249
25341
32590
28409
24978
22187
7070
32571
8051
30287
16669
20670
30508
21410
8176
25379
31142
19572
11512
27861
1141
1438
249
19865
14869
4663
13051
3942
20340
6923
12784
26998
21169
6728
24984
31133
20260
32635
32418
10202
29342
20411
3604
26668
6130
5668
23532
20134
23220
14472
19719
10694
6208
1120
2115
5891
510
2057
15073
17829
9445
3117
31789
23513
2622
16767
5216
12805
21931
30379
10949
22617
1127
27276
7963
6823
12751
3744
4667
30324
1314
19898
25082
14159
11397
10999
7249
11617
2378
19699
11707
12870
29041
18749
20191
28699
10863
17416
30063
7896
303
14371
19536
11232
9047
31531
30459
32727
7628
20991
9251
22196
9336
10612
13208
24087
1867
18250
29547
3548
30847
1887
14419
28400
2081
31011
21839
17507
30925
29004
13965
19135
20921
25547
9099
409
20980
6654
27772
13157
10480
6439
1773
12175
6207
19741
23976
27335
25242
19265
22488
31132
11303
16820
23407
6476
12284
26311
20165
15066
28383
31923
23937
17506
15183
15755
1213
31914
18121
17262
10853
21753
5188
16641
17376
1324
29694
7708
20467
11782
27770
19652
10210
30152
13513
27226
27608
21249
9226
273
3720
31144
14893
32166
17429
7784
9724
11595
22575
1083
27739
22500
12160
2106
5326
19061
30790
8116
32573
26075
20033
31869
18164
1467
21967
19336
22254
21433
4694
16824
4947
23274
31714
27380
15423
28555
6159
28538
28101
16115
6698
17269
24884
7110
20115
29905
21400
23148
21861
2894
13700
20929
28761
11987
2063
21518
26600
2054
2845
13369
19376
3865
8416
11064
4633
15590
2718
12747
23352
21055
25268
8811
23284
10623
30683
14205
11879
18021
28074
14796
8327
6179
18012
29494
8709
8625
14804
14758
30837
31847
32222
9794
26800
26827
25528
19685
24694
25000
28369
1999
25432
25952
18640
11163
16085
27010
14040
14194
18884
11423
29706
21887
13042
23130
5452
16290
8971
13759
23113
23657
13758
15830
4025
10300
3612
119
26339
16087
2625
3935
26208
6398
23095
19332
22561
21099
32279
31398
22708
3084
28529
23335
27586
15979
31214
10780
14813
4206
1844
20388
23416
1600
25098
9593
21815
7311
13501
3012
10602
9208
18114
16438
8916
28863
15772
11092
15536
12996
25857
6162
19446
2482
16952
2468
19930
10618
30405
9105
32661
8960
13896
22537
9065
9491
21411
20600
5855
18851
10587
17499
7764
17198
24897
12883
2483
32380
24401
12151
5764
3212
21466
16623
13094
26830
14559
29631
1880
28563
16061
9952
26111
6337
27663
15253
3107
19147
29903
8188
20794
23008
3262
26595
11433
1891
14597
26590
13448
5532
25884
1686
31141
17325
16107
14436
25804
17863
7727
22815
31046
3485
31520
22578
8352
30489
14417
27377
25518
11598
17367
14637
13518
23471
21421
14341
12145
32638
16727
9984
28888
28039
18630
25433
28188
24589
11900
1434
27505
8453
4336
32108
30891
9346
26932
8110
5890
10097
32469
23236
27666
9862
21251
1330
9766
16758
18161
31337
30133
24167
383
31200
16429
8612
22551
31847
28656
3478
16084
29625
1436
24304
1002
10320
20112
31017
23106
10621
25772
30511
30564
951
23383
13402
18586
12596
15815
24990
850
30902
17021
31494
5317
11944
22542
12637
13526
3177
28457
7214
8253
4584
9686
18416
15844
9585
14332
29818
13201
26054
22822
6077
11718
25202
23430
30897
24294
11866
18491
30352
31128
149
19663
20547
10864
22397
8708
25
21709
20998
20432
32703
5885
13135
29350
2157
22952
17527
26103
9053
28267
2226
30713
7809
451
30620
2727
14709
25645
12749
17929
7859
28299
25517
16309
32006
1482
19081
15254
21825
450
4071
27116
20528
31581
28439
18068
12495
17916
22795
32138
14010
6166
2665
30892
1253
10018
18397
31424
24717
15032
13492
27577
23662
31475
30631
14902
17463
32281
8692
30284
23611
22910
3252
2437
18793
14757
8296
12328
13694
17833
15061
6075
889
20955
10002
18119
10319
9645
23519
12763
31713
22735
29752
8659
5675
2967
5674
20314
3262
32422
15334
22446
9328
19913
4884
28324
19282
21021
26217
29163
28386
28535
17788
16788
642
20738
24277
466
18985
22826
16455
10751
15705
18617
29057
1248
5713
24896
7391
1578
24963
1721
14982
6469
8520
9322
29103
19791
22995
22797
9283
612
6499
11821
22697
31773
20669
24275
30171
32086
4058
29026
1472
20789
31453
10432
29110
25960
2888
4278
28013
22957
29038
10650
1020
10392
10796
30507
31534
19857
7380
30396
285
3100
21866
16533
22531
15453
12051
22678
29772
16603
714
29213
16624
2436
11861
11050
32255
18417
1911
705
28030
14572
3944
3728
17009
10031
31362
13266
1593
2927
24637
26483
26656
28057
10077
14709
11059
27484
618
12178
9808
2023
4193
13091
2687
10484
30121
5696
25477
25861
328
29737
1719
1773
12887
28900
25613
27283
12723
7208
28023
5875
5110
31610
2164
14693
30630
32662
15840
26146
21420
26896
7181
16900
2567
24635
32534
31117
4801
17482
13168
10539
21282
30133
9922
6842
29989
8159
6903
31819
21288
17909
3985
29732
19431
5913
21824
13832
4779
19904
32691
32184
20415
7768
10670
4793
9508
31023
16221
14680
27525
9104
17128
13548
15213
27695
16199
16219
5816
32454
23896
6623
17992
6913
20270
6922
16377
12952
1452
24072
10454
12986
25683
30501
18317
31922
26457
20878
31520
20933
28667
6748
2526
13913
11028
23758
23698
4189
17901
13270
31226
1252
25943
13528
22138
22803
4855
30638
19474
23102
5346
24559
20110
4430
25450
2929
12284
17766
12599
2572
2403
4550
14745
17057
7090
4847
18716
10587
15607
28423
13405
11061
9681
15744
12573
29373
13096
4597
17812
27159
28699
11860
16903
7748
31802
8258
30877
26533
8694
19899
10095
31674
12629
13561
18654
19504
29419
25496
15913
22299
18181
26871
2111
19584
17703
18401
721
11542
28601
11117
21932
17997
20477
25378
4166
12176
3652
27231
9110
11463
23138
32506
11817
6689
14431
2856
20083
17680
1391
26269
28515
22165
18724
13044
17210
12989
9955
22352
24732
29036
917
24388
13799
21593
13214
16624
18117
24154
17683
20077
26621
28642
14887
22124
28047
3271
18407
14361
32511
12105
27944
28230
1521
19537
30141
21957
27382
27894
15853
13077
5286
325
18980
15170
23791
20546
1768
9222
28844
10538
17679
32564
19833
14843
17967
25942
20934
12086
27991
13205
4907
228
26620
24794
28411
4311
25398
11827
2332
32306
8493
13944
11542
21036
717
8494
17769
27152
22978
31915
23844
17032
5792
891
24499
2076
10081
20739
2809
4342
6677
18788
18335
9192
22485
14499
23467
12464
3065
27910
11092
23930
2955
20673
31764
3494
20731
18129
28160
17868
24595
20265
8021
4349
9774
13836
11859
19276
10917
21178
3406
30093
9099
6478
23810
30301
17050
999
16679
27747
20076
5894
25413
30165
23535
1335
6090
4413
15379
13812
22874
31613
29125
13254
3686
12048
17441
17837
19712
26772
16611
14274
4333
21637
17183
5915
6140
19020
21043
25839
22679
14456
27897
1274
18072
9803
5441
27427
23134
28280
12158
19549
3615
5931
2751
22219
17791
27466
9441
13607
21346
14586
32515
24932
4607
22886
5691
2706
16695
26044
21639
4611
7972
15735
3591
25516
28404
16868
24169
11725
25080
27359
31396
15317
5880
6366
19177
30848
9162
18482
24790
23362
23842
2441
7662
17640
20652
25526
7750
3965
9560
693
15232
21866
22006
22505
15357
13282
31234
4009
591
3197
4289
32763
20717
2595
653
29855
30251
27948
19564
31824
29801
25285
2536
6982
31370
27542
20763
1791
16552
5538
5386
20287
7429
3438
564
6230
25925
19045
2410
19105
28635
23163
3296
23379
18882
4369
25477
4725
29805
7448
9872
29228
16384
19066
32091
9019
5568
29365
23413
2760
18120
24777
25843
28003
13055
11349
27910
17220
23622
20477
17107
8660
14838
32526
16510
24176
24713
32357
20616
20073
20887
1165
23900
18511
2053
25895
24356
19055
5241
2959
31713
27290
24080
2236
28091
29480
23380
14440
9109
20797
22376
16753
20453
14411
6022
30080
22979
7896
29868
21480
25664
30850
15761
13265
24568
20800
29918
22933
23275
11754
16283
31594
648
22012
6119
31042
3083
27287
6125
19439
30473
28360
28947
28555
24137
9485
25460
19735
19158
26133
18833
26466
15698
21704
3139
20268
24973
4999
4853
8844
8279
24245
1039
7055
914
12406
27061
29218
8331
20918
3762
5426
31882
31854
10159
32529
8103
29474
7337
10524
18912
12719
1698
25243
32361
6979
13718
3816
22851
18861
21168
3796
25360
25047
29374
22854
22310
4496
11491
1829
4066
6799
2443
22136
3390
3765
23972
26828
18854
8595
26124
16598
20744
13100
14149
17242
20011
30716
21872
16204
577
25145
2169
16692
23231
12376
16527
13783
6508
17619
7895
8211
17080
11050
30305
26123
18000
28200
22875
31108
5615
9063
1668
24463
7799
20502
19172
23401
22336
2810
11195
16543
23472
32691
27831
12405
17164
14145
18025
18057
10893
18886
24826
30900
9655
23949
26394
11825
2278
5964
17722
20993
16938
24486
26875
25741
13396
8692
5350
20622
18513
26693
7261
1834
10423
30883
7121
10079
23454
22425
310
13477
11953
21490
30900
8399
10629
32706
4512
11571
31273
15019
12202
26378
4094
12633
7256
17178
22728
30287
19635
7314
21510
6118
12096
6965
28799
22418
5681
17594
26654
26216
4573
15731
3583
19165
20334
31790
17098
21457
20441
30041
832
15564
2836
361
17683
26503
21379
636
5627
20142
3507
3388
12550
5604
4170
6407
32304
23304
16446
31566
12339
11446
15686
12859
29856
18961
12942
17047
27183
4032
8111
11498
20819
13879
11742
15844
11026
17720
25955
15867
14868
24729
22350
17494
6650
21063
3941
12522
24817
30091
25184
4579
32646
26508
27737
30789
21180
8470
21374
32723
7259
23961
8969
3632
21900
29557
21106
3396
4003
372
19682
9441
22332
5528
3308
14246
19849
12568
8312
10020
27626
19877
10495
9024
9662
18417
11262
2264
23674
21362
18340
5034
23032
23396
8142
26481
17681
29965
5942
13392
17517
18244
10471
31348
17306
2868
30197
12534
3676
2654
23402
21502
13892
15837
9347
7726
30340
29422
11549
28990
2562
6319
2154
12771
10155
6951
32744
6902
6410
28551
32404
19410
7961
13743
15451
5630
6487
4852
15825
19980
8986
10785
31781
9152
6951
21691
18773
17781
18816
394
17566
21181
6013
23636
29495
25160
3614
8940
20798
7943
3744
19308
28403
16528
31054
24510
28196
25285
13978
12897
29672
176
22124
20585
25232
5810
14778
21704
28635
12253
31321
205
27497
25246
1299
15850
18802
159
6649
27834
17848
32235
9978
9538
12986
21332
12469
19576
18731
24594
15756
8961
2978
3756
30458
12607
4755
16668
29990
13451
21630
18478
26808
29119
15974
27177
5867
4344
12421
15537
23523
26266
13118
21996
10050
19860
30803
6372
9974
30437
31832
8492
5204
21087
23656
4551
22379
29866
13334
19269
29842
7821
6054
19759
30788
18793
32382
18085
21806
23814
12759
6726
26757
29330
5048
22864
6301
18663
21029
31240
16824
19981
23188
19805
25884
25088
8608
30664
20072
14003
4865
29046
8999
29012
15804
20905
4262
28882
4247
26972
3075
23965
15056
28966
22663
26285
1294
20064
18485
20421
13976
13194
27299
13561
23237
8171
7689
10094
31412
632
13976
1889
7996
1015
12301
16234
12070
15460
7557
17666
32154
22420
19347
580
7384
27928
18576
3312
18729
3940
18226
20149
20
22065
3936
688
6100
26655
28997
11312
27402
18335
28324
27324
27824
26384
3691
20311
14414
18472
3722
5890
29296
10902
26629
28291
3415
3557
22856
9061
17903
2724
27324
26176
27905
18116
8599
570
20650
2369
21752
11726
23052
12549
22835
22732
13123
4873
30057
7073
2458
957
22365
11225
16383
4010
31106
31202
9653
10069
12121
23571
1353
16999
19449
27372
8135
15884
5871
29344
26669
31385
841
7632
4896
31857
23790
15770
20190
5161
24625
21202
14196
20970
28581
15503
23345
18455
23602
12266
25434
24880
29544
23810
13599
19703
18452
25924
7886
18641
26897
1769
25927
18286
31329
8639
17840
15276
25724
31021
16234
2745
3560
22385
14915
27000
21258
30253
23789
10535
12348
20514
10159
14142
21024
16443
10074
21658
51
4557
21631
18394
5541
26141
29407
3850
31848
4899
1315
21631
24199
24461
10445
11009
441
16391
28271
21808
310
31162
538
7200
22985
19986
14362
31047
31782
5061
20960
6041
22911
24849
3904
28657
7762
11077
24541
1203
3973
32642
18657
175
15796
14531
21233
15689
714
22299
5216
29655
32206
23614
11170
7755
256
20803
15876
19218
9765
22952
20123
26684
32031
30615
378
18908
2240
25959
7976
28594
32224
10342
27730
19975
30893
16598
10684
7641
7235
6965
20605
30776
20605
9922
24172
16624
4618
13628
18134
9320
2243
2029
23410
11466
22587
11751
16790
12900
24216
6030
18346
11087
21922
854
11998
7758
2586
10190
15640
15608
7501
16094
11056
26906
1257
22092
17248
10583
15630
2437
17398
20753
24744
2203
23116
24461
7165
4234
18938
23121
11650
14527
5194
9937
26867
14811
13293
10059
28834
4532
16620
7920
6416
10396
4321
8516
10938
23527
10086
4295
30261
4519
2766
28885
28285
14778
20755
3787
15755
24583
30992
18027
1829
13316
25584
25986
19962
10620
743
29383
12014
5775
3360
23559
26291
29434
20982
20351
21913
7320
31590
17546
30119
17705
21700
30588
30442
27987
27054
23757
30221
4326
4415
20346
298
26724
14724
32424
24288
25537
1844
24202
19366
16999
7579
8326
8542
27773
8920
30355
7470
29033
21576
9702
14219
20371
16194
11469
17046
26988
29189
32731
17068
19376
14574
8773
13624
10472
15343
7564
14796
11826
4156
7260
20849
5444
4679
11445
10299
6063
7151
27976
7456
10081
27380
10788
31753
4206
19375
11409
7722
26640
23552
16956
25743
27884
31367
16277
16632
15510
13847
374
16615
600
20839
12805
20215
815
12043
21723
7791
11031
14755
24166
29975
32648
7251
23179
18251
6977
24435
26256
23117
5956
15751
570
24800
1314
17521
31794
17938
24184
5861
32173
6745
3514
25118
31052
22241
29743
23503
321
27429
4413
23645
18612
18621
12007
26955
21605
24950
14228
17398
7826
19368
6418
20610
12827
196
22746
26900
228
27181
15766
28993
31099
12361
12768
15815
8187
32727
17485
9339
11824
14723
26794
18563
32507
16311
24197
30405
18680
22197
24816
9887
27743
19171
897
29401
22568
20837
24733
7896
19059
22257
31990
31764
28710
12511
1107
17356
10200
25728
17296
14584
27630
30897
997
9855
10243
1456
11115
3498
32142
30510
18139
6360
15294
13477
24729
9844
3753
9195
18674
37
10662
14856
13218
4676
28919
3653
20122
14227
26284
9093
13824
27948
24259
23512
26998
695
16020
19022
9887
6880
19309
22281
19679
4105
19577
27030
11875
4411
998
3454
29282
2915
17222
17687
27810
12987
7990
32416
3645
16518
1598
24461
21413
14592
16121
23072
21478
19861
4470
16697
21803
12113
8157
20079
2692
26008
12886
20063
24294
32023
31270
26436
29044
8954
4123
11721
9980
95
12843
31771
29893
27147
1112
16193
18568
14428
22743
11952
12732
23423
17264
8730
12310
32739
31784
31112
19281
22254
21790
19368
22571
22510
18355
20072
3760
3410
23789
11715
21946
16922
29982
17627
26553
9100
12992
27977
13488
11049
3236
22705
9600
25823
19276
10393
9321
25984
30101
14459
3790
1395
28824
19992
29752
13226
22227
9232
18078
29907
19076
688
24548
25299
18262
23307
161
16496
14143
6220
11301
30029
20137
6986
1467
1564
29648
5213
4907
23823
13675
12145
2179
30351
5262
18008
279
17969
9679
3429
18887
26598
19880
28214
8320
29042
7196
1233
3334
30751
2973
29427
14064
7858
10030
32164
23796
16286
23493
10511
20836
1912
30963
18065
8185
5035
9414
10512
16592
26989
18159
29582
31922
22769
12064
13821
26264
8414
31416
19541
3694
26113
32162
13285
20760
21310
12922
19174
27059
30157
30194
11862
10269
10659
4469
10756
28855
10797
22794
28391
26985
6980
24698
947
30695
7774
2997
9134
30003
18433
32370
32704
14948
2430
12054
5578
27301
25307
8407
4665
7808
28945
2337
28635
21597
11384
25656
18929
19013
27519
15648
5253
9452
32160
11450
12030
2031
29331
21551
1265
858
25026
22161
12602
31341
17918
5568
22348
26528
16752
13963
9925
8676
24018
12312
15686
1836
7391
27270
23169
12332
27911
12496
6803
4448
22120
31221
10901
11601
29690
19798
11117
15380
3337
18015
14058
27667
25321
31593
15121
8208
1765
19423
8113
20070
19576
22944
27198
26002
11200
12709
21467
23027
10287
26596
1465
16590
3972
10868
28576
7317
9465
4081
27851
15977
3262
9506
11001
24797
2983
32217
1985
24573
28450
19739
22566
12943
12651
18561
20075
2200
11779
23262
29225
13090
31326
27170
24222
14653
14043
13439
15176
15940
27642
2250
8882
7521
18378
24099
27535
24147
20384
3800
2053
26479
23054
14983
28491
4325
25875
4995
17782
32069
7312
7033
13712
23362
9467
4948
12779
29877
32343
8797
3764
12005
4964
30887
10955
24581
18707
28842
6866
7678
8764
29742
2693
27247
19347
10347
18505
24562
9177
9582
12039
17570
5199
15550
25146
9690
19824
4928
4167
24895
15327
4696
12046
16128
18847
29777
26302
348
16258
28671
7917
3429
23268
18338
25064
4356
27544
16142
2631
19006
3619
15625
28357
21429
22056
7157
79
6770
32036
28079
3675
24801
26972
14006
9595
29469
8467
25744
15410
28782
32255
873
8710
19985
13566
30462
25814
30519
1542
15033
8302
11855
10330
27933
27737
5000
18180
10853
23542
29842
8575
31336
17615
18853
9396
21952
16165
965
4136
1579
5328
4164
31603
26161
4678
13704
20468
17416
28153
11535
2755
27572
14822
7855
23271
7282
4970
24867
28617
27991
1368
9155
3049
25909
20554
26003
12240
18878
3380
23935
28998
27116
24127
14309
21188
26528
8660
19796
12076
17545
23542
13972
3512
13895
18902
25062
29232
1488
21409
3468
32097
32275
20637
19340
29130
11740
20852
29362
28824
248
25808
8404
725
29849
2599
12889
17116
27388
18137
21244
14864
25160
4472
3022
18125
4794
1894
29306
7839
14335
8358
24013
16562
2529
21996
17270
27786
10278
27894
8970
28916
32181
24351
8779
26429
24315
3634
16041
11937
26509
15228
14345
15366
23311
29989
6342
4587
3412
28096
32501
29851
5574
29216
2798
11942
21001
29037
5896
31121
31707
19320
7331
24269
22079
22860
27244
9446
13786
25606
4060
7421
26781
32230
8706
25720
16548
29093
15747
28408
18014
15369
27103
27787
21999
17336
16885
24612
11218
17226
1482
31304
9411
6561
31110
3081
13532
29821
13759
9784
23038
2379
19706
14551
3442
20542
27247
18125
30928
30113
19981
477
29216
30060
18878
25305
832
5397
9196
4627
134
12200
836
13333
29349
2074
18362
28306
22485
5595
29901
14748
46
32682
4364
20758
2389
14509
7897
23149
15707
29633
4717
4739
22754
24847
26908
6124
31874
27104
17882
9565
19819
24242
14079
20577
2379
19338
2375
8270
4466
26253
19485
4472
12596
19658
27417
22692
9102
347
199
31424
7181
25260
18090
3281
22252
2586
18048
12332
29820
18880
12488
7913
9161
15501
31874
23701
24699
7322
13366
24359
18426
21435
5175
17461
18902
31317
24105
26216
14181
14447
1473
26414
30382
15627
6860
174
23685
16310
5235
13313
29176
16478
25021
10143
10474
31076
25429
18967
17406
14322
12942
3332
30135
3727
22948
19516
31453
5616
24901
13642
13346
12305
22351
17183
773
389
13020
8708
28151
5387
14716
4051
20412
23905
18881
3175
5653
2397
12033
28241
21404
24121
25175
12236
10479
3119
23787
2036
18704
12613
24435
9266
7436
32363
21242
5627
19163
12995
9952
18618
9096
24896
20515
5130
15506
13426
19932
15913
14481
9376
22285
681
796
21528
5529
29033
1003
1475
4756
14788
3385
25084
14269
13832
2412
32162
2633
19242
11256
22380
739
28856
10625
16253
9968
29966
15168
23865
18199
20941
29095
18262
1793
9353
6728
25142
4701
8130
15603
30836
9000
2070
29726
16829
15659
4532
9354
19425
17093
12820
22564
31273
18154
14822
16426
3820
16492
19272
8846
29533
633
59
13983
12711
7782
21848
13542
21820
4778
11455
7758
9577
27438
32081
32393
28207
14020
543
11694
19278
30196
32289
21799
10658
26367
26668
15306
29362
21278
4894
7494
5767
16651
9820
4289
26554
12482
31358
17087
32209
17545
11848
1606
4556
31534
2012
320
2298
24464
30255
30752
8721
20832
18106
31944
30846
19241
25458
1194
20986
18830
11513
10798
27230
14292
17686
7508
12728
1440
23907
1947
12446
18945
24133
26401
1730
6064
31265
9483
14279
26263
205
27431
14931
13969
1861
31952
32102
20337
14240
5907
22506
16965
23874
7184
5771
4060
338
3490
7112
6277
11119
6978
17994
14618
6814
18216
4469
14653
2695
26292
9278
28386
22754
525
16956
15118
7980
22280
21249
17373
5278
843
29610
4042
19551
6578
18101
26155
9209
9969
30227
6395
30218
27003
7038
7132
25916
16547
781
3164
21366
5889
31750
3960
22868
19480
11251
10335
20949
24885
6136
27768
20052
28058
22627
14501
1722
7644
10885
19402
6641
17034
21697
27273
12956
12815
4322
28752
25605
474
28849
29078
21334
23228
28872
21345
269
27793
11681
31756
18090
17698
28402
327
23722
3658
32061
30559
31929
30552
30114
17856
29732
19893
4089
9400
14989
2247
2845
10365
24802
19732
13194
32114
27792
10923
14379
14758
29427
6848
16749
26525
2321
150
32408
11860
23433
12706
7519
14975
710
18669
24502
19733
26488
18874
17379
4878
19269
21865
29400
10860
18875
30875
26816
30840
25994
21399
3032
13646
30192
8684
9600
20635
2164
25944
29074
5030
2775
14313
14322
9357
20808
2402
9318
20177
19671
19424
20648
13589
1580
21437
13498
20515
12409
28341
29050
24368
26797
30279
10614
11617
29931
24926
23553
20622
6202
6449
30343
17733
20094
5480
4125
3090
1191
896
860
11261
8488
32112
23152
15957
28842
5005
16748
26540
19202
11691
29408
25123
1121
1925
21166
31976
32459
19551
11033
13564
28619
5609
16415
19258
11876
21095
11529
31637
7498
22031
16448
14753
1363
7090
18786
5717
29736
30879
3477
13071
29504
18373
22044
26072
11023
20503
19752
29417
18042
27189
7408
32623
10895
10568
1283
8588
22131
2861
23005
12702
32667
29655
8889
16579
15935
30702
18855
22685
24076
15036
4574
26706
10010
25418
18515
727
13085
27846
25227
21103
8927
22056
32685
25966
18414
29974
32731
14403
5777
28676
9666
8373
29697
9119
30320
32365
13526
30572
19302
21685
24512
26028
19183
12671
2167
14980
15024
1449
22261
20058
24703
21119
3810
16258
25977
20610
11088
28442
28494
29544
25256
17714
25568
28515
9956
49
2829
9126
30207
4979
712
3622
3754
22839
14703
11421
23873
7097
25176
28373
13565
14747
6318
7715
10603
27017
9339
24113
7197
24861
5637
11009
21151
25344
11102
30767
10412
30803
13367
21879
12962
22861
26613
15478
25652
18725
25095
27573
3935
26930
14454
29411
20383
18257
24765
21602
13666
11143
22236
24582
17853
26855
15016
11033
8798
13750
22373
18850
28098
20174
18838
11494
16296
27200
14100
19248
15813
15677
19806
29902
11449
6455
31280
31324
3394
25667
4695
2117
6575
28866
23235
23430
14232
30784
10206
13237
12749
15772
1820
9794
20108
6761
9939
14078
5623
31637
28750
23001
23748
4424
2077
16880
26423
13839
10414
8647
14413
20794
2850
16594
24891
14467
21081
2619
25878
21744
11343
30943
1236
3834
7596
1178
1907
17902
11158
29892
21112
22164
22474
15355
26267
29967
8939
16675
5313
24068
2329
14764
32554
8958
11462
30995
15084
5649
9157
22956
9632
6334
6820
8862
17243
21015
16956
3887
14560
4131
15238
23362
13843
22660
30129
31005
25777
27735
12913
21616
12095
17244
9369
18067
29760
16983
23788
8208
31147
12470
31024
27489
13468
12659
18821
19707
14666
17212
24565
9355
26425
3026
15948
21375
9649
29359
5674
19656
17518
20203
20310
20958
21657
11360
18517
261
3575
27661
1340
6352
5217
17336
16578
5347
12660
24791
5017
2044
22153
12977
9727
22325
31463
8129
