20000
32719
10448
31794
32715
243
2581
30604
18562
11711
18718
23406
26147
29769
9588
3025
1297
1659
9260
26881
30135
24353
20656
7506
4975
7488
31426
29454
4770
10665
5565
18099
31280
23247
7454
26971
19474
2774
8772
1916
8510
21484
26484
26577
15562
26332
11296
5784
23125
12256
3689
20734
15267
15799
9698
17624
14727
7928
15255
30867
23558
10662
17230
28526
15801
24836
31244
24038
15987
28075
19931
626
18724
23513
29387
30321
12541
5132
18743
2913
27093
16848
31049
2129
8140
7381
26560
23449
29230
18500
26609
5320
21914
15443
20236
15070
24931
28184
19617
21180
3126
10650
11363
10712
7165
21038
25899
14645
19716
32001
6464
13459
29786
6641
27605
6627
8571
7841
20435
21757
811
26572
13273
19349
5029
17625
12161
25963
20469
25008
5606
25795
32419
717
4451
8981
18833
18322
11421
1541
12070
26338
27843
16533
3756
6635
24852
13466
21495
10563
19362
2157
1608
20535
18262
17634
15985
27232
3893
3966
18489
8055
19169
21732
29441
361
1123
30609
21928
20654
11047
22217
2477
23255
18504
16849
8595
10087
18447
11103
24202
26340
31926
12623
26955
22574
15985
19607
4676
6159
19631
15741
23797
3858
21660
2056
23194
29081
16619
5300
6154
1578
14036
18793
8927
9738
25688
11950
27095
11277
972
29979
31866
17836
14485
28428
28157
23128
10545
21149
24423
32014
31351
22482
29938
7212
4127
1813
15028
25475
13956
19430
15486
1197
6569
8142
21765
22944
11642
24980
30783
5508
27477
11444
32016
30658
2249
17677
10790
13662
2974
27354
2594
3206
24341
10979
19192
13931
20080
32501
11416
11087
2229
21135
17102
27871
4528
16350
3686
19140
17463
6379
12693
21877
18866
4372
17300
29519
10970
6841
1934
19431
24000
19767
2748
32159
29969
26394
28111
20855
21657
16526
23950
24870
3847
16919
32448
25450
20720
13186
20812
4764
32022
30492
20127
24967
24041
1313
18254
29306
4174
15223
17404
1180
2976
21916
28031
19328
27380
8414
16446
25849
23458
16586
3805
24880
21761
6118
6173
4339
32113
10403
13309
3664
24735
653
23590
13155
23300
4037
4997
29548
24239
22193
28986
18980
30021
1010
21169
13650
9030
20630
30990
27801
4241
6287
5583
19348
6699
13668
2732
8741
12604
28967
24770
24329
11098
9639
15089
18608
26634
23526
18307
14412
28548
32718
29966
2857
28343
31775
28315
15932
13453
21164
8967
26622
5232
1223
23466
1147
21005
24570
9783
18341
31320
760
5603
27119
19920
11986
8138
8983
8196
14446
5774
18243
20566
11830
2369
14928
16383
1549
2437
11623
26963
26503
7409
23249
31814
26201
23991
13324
9264
16654
3716
13854
23245
30716
9640
22569
27784
20599
4983
18496
4601
6212
18415
27257
17068
15696
15259
20035
9508
3490
32694
3578
16415
13199
6548
19641
20764
16941
11582
18032
27675
26122
15197
9782
18596
3613
30297
5856
24586
8444
29377
16850
16625
4688
14062
12309
15374
27782
28131
16810
20014
8904
16760
12062
27514
16172
8120
18783
4089
16683
28551
27598
14678
16468
30856
21653
11748
10049
573
22331
13535
6859
28272
7542
9205
24954
21202
27200
26116
24383
21987
4908
24358
31078
21265
9211
20971
30406
2596
24682
10725
12347
24025
6223
20330
9558
26061
484
26773
18770
22429
3683
11150
7242
2892
27859
9739
25770
7909
12065
7703
7396
32097
17778
28691
26980
19658
17336
3578
10949
1953
9603
1001
69
17790
1051
9694
20086
30454
29387
19135
7735
6337
30079
14495
26595
8732
17810
9790
7880
12909
22753
30158
4315
16934
24356
3325
28329
23275
10622
28207
3985
6903
12370
30475
17969
1980
11097
26682
22814
29641
28657
6763
29656
31729
2488
1179
9213
24490
16730
30611
14012
14515
1447
12978
2701
22010
27369
13804
10527
15804
13428
29971
15762
6894
7294
20565
15079
6620
20017
30215
18101
30736
17919
4513
15389
19317
3126
27657
23295
17596
32212
24852
30574
28927
6044
20042
15714
16036
30569
24297
23725
18821
1987
22829
12593
12877
2480
20687
15183
1317
28876
25291
31907
29585
17820
24167
3310
26004
544
32625
31571
9755
7335
7624
20423
11929
13543
30238
16579
21998
5965
28667
28987
26253
2706
1285
19156
24542
7055
11648
18514
26337
23378
30225
17487
10773
17265
8903
8243
15512
13470
859
22368
11407
17276
23735
21165
22728
18354
2998
4118
18846
24893
17707
29362
4381
26634
5924
20197
30311
31172
3952
1750
28758
6635
11102
19235
13155
6182
29896
21460
22215
12506
28752
9614
21728
7163
16618
14089
27349
32290
9371
2756
7037
28640
11904
4344
22909
3923
25105
26058
7345
20470
5031
16324
26318
31933
12860
8838
31557
8290
24178
10681
20074
18425
29399
69
28629
21451
24936
22468
29704
19041
2644
29750
8531
25055
28674
8182
25589
13204
27732
7149
19844
19918
19246
24581
9103
6131
28210
16352
16769
15565
24014
18379
20936
3878
27513
26093
8759
7317
18745
13252
6057
25239
14953
29651
1256
23009
16825
6036
26829
19445
28790
25012
22440
9972
15116
30847
5089
17331
30409
31898
6624
21008
25827
30704
9003
24455
28349
14574
25806
11264
30566
28147
3328
16619
26210
5378
17411
32399
20398
5051
13388
5023
23806
2953
24036
4879
23625
15900
14606
7205
6023
5658
27690
18643
22970
10257
6361
22084
17707
16305
1122
15285
24310
19768
8021
9094
29640
18221
12398
31377
14824
21585
9915
2490
21620
20947
22273
19911
7150
2499
10333
371
20471
11721
29735
3517
5721
27159
7451
21638
27467
9372
8635
2395
26353
15482
11759
3216
31779
23995
28655
31886
5231
15679
13410
29037
11617
20729
3528
5830
23297
22620
2837
6082
21406
18703
16798
4471
26826
29672
11833
32629
4518
30232
12704
22171
27232
19107
11287
16944
19705
4116
31823
14127
26444
22126
25993
20961
29260
2405
8446
12721
28301
19150
7807
18237
2566
20821
14425
18601
4885
8046
24187
16440
7363
9870
31963
26909
14410
10906
8469
20110
26580
31136
9045
24859
11910
19397
22136
30270
25021
24446
878
26163
8087
9731
13283
15369
3766
5121
4126
11258
19264
27279
21545
17400
9514
3172
8242
2696
5047
13127
10289
32723
571
6598
1739
13562
23077
27947
14198
28075
28220
7084
31711
32754
11049
21218
12425
26193
12598
17021
21686
14354
15189
30517
18826
31708
30564
25092
3182
2181
13231
24466
28851
26663
1463
21489
7287
29046
20018
11914
19661
2896
15954
27223
9496
20118
16970
24147
3512
31291
29967
29231
26089
28058
347
2887
3303
7437
5112
17876
1623
13499
17211
20067
15842
23985
4047
28550
11811
22837
25267
10185
28355
26198
11398
23527
28130
9672
2563
31038
22713
28655
4552
7297
30590
20794
12123
4269
136
8370
12142
14910
9908
25811
24930
17058
26375
31386
29195
6126
22933
13023
25523
5328
2465
23013
18273
25796
6405
23856
7003
30859
13013
918
29417
7898
4415
27545
19292
5455
6837
17396
12879
9640
23119
29300
8493
9015
22378
7433
12787
23697
4246
18717
4407
21895
7599
1316
20842
23895
15689
20597
858
21795
20817
13656
14330
15009
3826
18784
20326
19221
26038
2043
14626
21116
25070
15175
2466
31498
3667
26407
2320
12503
6381
27287
8009
28118
16180
19260
16681
518
17782
24383
17160
11244
32120
18780
13444
5440
8288
31542
10625
2023
32722
12782
5231
28449
21082
8435
5580
30980
7946
16156
25833
27689
3172
27124
13808
1445
5754
21333
16678
29498
28755
27960
20334
15823
5265
18379
28687
14366
18769
5572
15286
17837
6995
19189
18623
3583
5211
2337
13488
28683
12502
20239
26374
18925
22721
7644
28981
26844
24519
2197
12266
13660
20649
25094
4499
28596
2019
31948
9761
4259
24973
12722
23564
8783
32383
8250
3736
9598
25784
23929
18776
22280
32513
1320
25840
27021
16333
24825
24862
1891
27492
6695
8188
12498
19776
10577
26239
19076
23735
30856
17988
28727
5339
27559
21644
24501
927
17122
21125
4102
21563
2978
10955
18660
22737
5009
26670
20079
22352
4592
2486
29986
7577
31537
22500
12806
8416
12994
7995
31525
11349
3879
29695
3138
25348
25675
25405
25543
6394
2072
13579
3071
18346
1349
9233
1157
8591
28783
11848
24573
2322
4972
25346
27137
28333
25308
21035
26974
23121
29184
206
21121
9221
22736
1754
32300
8145
16455
14887
14446
16602
2306
2740
15313
30670
16393
29747
27861
20610
21997
10439
27037
4826
19475
22796
16873
27370
19535
15704
27460
23642
24244
17472
17791
1295
12715
2654
17245
29447
10307
32594
2960
4485
8904
23559
9700
29039
13719
20024
2235
28916
16944
32050
6841
1649
9869
19419
31936
12950
30387
31731
12319
24005
29830
5786
27910
9402
14817
15890
15678
22641
18662
19655
12054
13636
30355
25996
13473
5461
25494
22824
798
8747
30563
1297
1720
18848
4483
3959
15984
31226
25903
9348
5207
26968
13085
6371
1536
27728
21914
5503
12597
8150
21209
12429
6377
27231
27019
6092
13934
6215
19375
12299
10984
6000
31660
19949
9474
5677
32669
27625
20191
2398
24300
404
22612
24028
7714
24611
29012
22807
11517
14379
18603
27901
31428
11436
25327
798
9431
5966
23988
782
29578
25066
29440
6155
6451
6476
20735
31200
26498
7480
6647
15625
28433
4522
8317
28184
15676
30050
13290
31832
11315
416
4361
14255
31053
14125
19218
26057
5536
15514
16604
12914
25806
29132
29262
32580
24097
23737
18967
22147
17371
21356
12190
1349
25799
1871
30012
8406
7188
21929
30378
31578
867
358
31669
19380
2847
14871
13113
3239
27917
5177
23116
22331
11556
22202
25530
15459
7326
16825
13234
25052
4943
12942
17342
26200
21302
18698
17144
20700
19026
29183
1660
3943
9910
31491
24089
18644
28896
4978
8524
1537
8263
24242
2158
30257
24115
31675
9772
21167
27345
9686
5432
9653
22663
21156
11838
30859
4485
29027
23066
11507
23453
12141
21576
1477
20052
26113
29083
8919
28473
5446
16178
29727
26741
4237
3497
26652
3492
16343
15500
22897
8931
6807
23057
32724
6698
16313
27398
26662
15069
20194
28424
14307
26525
26362
29942
16317
30308
28136
21413
8580
20177
1436
23253
3401
17088
21075
4196
22979
21790
30230
19906
31730
25340
25988
20901
8705
25313
31186
6654
30065
11877
25616
6699
18548
2555
26030
8558
12951
24335
29246
1438
24740
23633
7803
26140
7111
28752
139
6921
19439
21066
25985
9398
31095
3394
38
12124
4614
16724
29945
32526
29876
3910
26484
22507
2414
25183
27793
13976
26523
3196
1677
27886
20479
26720
3564
30447
32224
30284
11197
7167
4968
9935
18719
12369
9547
18400
6148
2719
10666
18474
6453
542
20022
17575
17303
2225
31128
5232
12460
13660
31761
18132
29276
21244
13149
18343
30198
18230
9694
7644
6258
26030
22774
30807
20473
889
26293
31996
3751
24276
5812
3596
17039
12054
32320
31153
5887
28899
27579
18391
23302
17059
8512
6718
12596
25906
8838
21197
27809
13529
6663
29738
16176
11902
6497
28807
7445
21783
14588
23231
31125
2917
23277
11681
16653
13790
5402
7563
13366
14571
1695
10300
2215
10067
7281
22243
29340
13559
2369
26235
31733
16833
29860
19035
19586
4311
9584
15625
18301
20
11113
21328
8792
21432
19485
17810
22714
27230
14092
25439
8644
27951
17676
25925
19096
20566
18156
4330
6684
14259
10072
25433
8699
5076
25596
13722
8429
2849
8685
3973
23097
854
24900
7383
1656
24375
5132
30854
16795
17535
7262
16978
6703
32281
30154
12957
9696
20114
3577
8316
16188
18127
4241
11790
20666
29947
10841
3853
20731
32708
1950
7586
21583
455
4565
12670
22395
14664
12417
27942
10170
24615
4439
30094
3073
16399
15264
18410
4999
22257
29408
8641
11653
8113
11445
12099
28218
21279
7681
29660
9523
13608
9035
8457
10441
16974
2147
20331
31467
20821
29509
19994
11038
32063
30272
31803
6593
27515
3416
24789
150
16986
2792
29920
25726
25538
14220
21407
21636
16422
10557
17712
6685
21941
5566
22370
16046
12242
9272
30918
2639
31429
545
18953
24527
32688
16225
6528
6648
7364
13752
15621
19988
3508
32602
15874
6064
6250
16605
3019
20895
29178
19029
10289
24642
28628
21438
596
28935
22845
22682
29624
21296
27904
22234
5019
19926
28512
29954
21638
5933
21586
21385
8227
20745
23017
3454
25934
11937
10002
11378
19566
10131
17025
5009
1542
23593
30187
9746
26503
3803
29046
11474
19049
22293
17262
16187
24953
28986
30777
13163
30837
20456
30349
22930
20950
21118
27616
1692
5869
17627
23840
12817
3633
3177
12197
11065
3032
9819
15972
10627
20644
23346
20325
15399
19200
19334
32119
23819
28235
14851
27170
10980
5236
14002
19421
3741
7623
3961
11393
20476
17158
10726
27646
23939
19900
10792
23372
19348
10958
2910
933
20185
2899
3349
28146
13795
1957
6667
32387
9745
30904
3129
14594
8116
31659
29201
170
3440
21405
14597
10420
25318
7618
24904
26898
3727
2998
7896
2912
17131
6161
3004
25624
23260
26939
20362
27653
23884
22146
24621
3578
25622
17257
16357
31939
27172
17731
23695
9564
17621
18177
29735
4449
19617
8009
8843
19910
30975
19656
31874
10696
29574
19656
23548
25123
26195
16389
16796
3206
2476
20924
28531
22340
13538
5382
8463
29004
30332
19556
1204
11867
30609
20379
23017
15216
11894
962
22838
30593
9370
6553
18733
17516
21421
1564
25767
25648
24072
26968
30288
13917
9801
22398
19814
27081
2621
14390
28605
30341
17668
12341
11527
29711
15471
18706
30546
8137
15789
19285
9426
10154
27943
32466
32481
3380
28072
17717
16964
13478
705
17117
29872
29810
12908
2542
13196
14577
10735
31649
24569
4182
27139
21471
19472
13025
32310
4879
19818
23381
17294
14892
22758
939
623
3354
2982
23048
24510
20282
17755
493
26951
11836
14275
30125
16732
20276
3952
7205
11711
12784
6602
26279
3523
24201
3159
2871
31661
4409
20794
12026
7520
22636
31994
5355
26682
22810
20869
9424
23609
11603
29301
24173
31330
4380
11921
3319
31331
20857
663
20171
887
12747
14649
17760
27786
15196
19557
378
18334
11065
27593
32673
15469
29248
19607
18642
30287
31609
9861
2932
10591
11434
537
16525
29401
21797
15395
12598
6343
32485
25227
28749
27869
21977
20044
7273
22177
6528
7873
32275
18639
19638
31264
22067
9723
6094
14148
28872
22648
4320
21679
20444
8569
24164
24783
696
25462
26624
14208
32084
27601
2463
14547
1041
32698
31939
23821
32682
12368
27676
18931
19816
14856
25945
19781
24470
29523
7486
24713
16949
3707
14839
6665
22513
13006
6060
12063
25427
12543
15189
27568
12343
22217
26576
17143
29057
9685
2352
23940
9996
29150
27225
18564
8163
10771
26826
10818
27828
20925
6841
8174
22145
27681
7013
10398
11673
24488
29096
16786
1223
5181
17611
6076
11465
20727
21407
29311
1027
7416
25033
15288
28277
10133
3934
18683
2539
31671
20144
18975
29299
640
27751
252
11028
6450
24019
9843
32445
15949
18816
8367
28028
6648
32267
28331
31216
26018
19253
27892
27393
30441
28982
22449
21966
29115
6740
11744
999
26043
4787
23010
2493
23270
12911
17210
8535
4470
11752
11666
7494
30982
16477
2302
2010
8952
25789
6021
17046
13332
4281
3038
14818
6513
9758
1399
256
1177
3682
3516
27201
29416
13436
31381
28537
17461
20729
23088
32432
9397
15437
19458
32538
19995
15207
27400
8778
25604
31368
11603
21922
28563
10836
23747
26638
15960
29482
3347
14322
10359
12977
13077
32096
518
14259
16703
1167
15286
28719
28007
27784
30390
15785
971
15907
4052
25541
27476
28466
26086
17684
16156
9724
24424
25134
8493
20717
29542
20225
10892
26251
14749
4712
7286
25004
17885
9216
14057
19942
21169
31799
22630
30792
32578
27301
19190
6215
9337
9888
25195
1275
1380
19978
20456
19084
24283
18030
20131
13287
6755
13387
3562
7349
10322
31920
31844
8077
17716
1289
22682
29800
11886
9529
10933
4950
2593
32745
2953
28528
1617
13599
23763
24078
29511
8978
22207
32314
23859
10557
3758
13412
26902
8626
23349
3671
30943
1201
14697
9067
23252
27257
5978
17660
2100
24414
10205
4892
14107
15900
9103
18821
17317
1131
6934
22737
13398
21971
16042
8174
23994
8386
16085
22988
26952
6620
10870
4952
17292
402
28172
15790
13702
26614
22577
12426
11597
25293
18277
12544
31223
27110
25869
20590
32445
19883
4539
14254
8539
31734
26288
12944
30646
1830
28832
3975
30913
9073
1973
10146
13473
3708
26838
8894
22544
5416
29736
19451
32511
11183
13525
2668
6783
19441
5645
21011
28129
3592
26955
8460
26396
12066
8666
23816
22128
31376
27031
9469
18761
18714
29432
27420
3174
2710
11341
27396
6458
3513
14406
20533
29331
31276
20406
8391
13433
12514
28822
16476
23385
1706
32333
8019
1635
3328
14127
27198
14640
23849
9027
19862
24744
6527
24649
8622
7971
6409
28411
4838
9166
29006
26004
6689
4433
21099
11151
22905
14254
26980
8881
12593
9580
15544
24905
8426
21494
14136
25015
18714
29502
21784
19243
8379
6309
10055
14255
13120
21791
8444
7016
31437
30354
25490
12568
10919
30848
31893
4072
32234
26598
18973
20069
24186
15972
31066
22216
30779
30877
21361
20602
3205
27617
19590
17111
6610
7946
2330
21811
11194
10915
19864
20506
26402
25680
3114
17372
9904
22889
1233
30793
15234
23785
11189
2490
9759
11399
18874
22353
23469
28962
2899
9857
27493
7778
29083
8144
6213
30109
22946
2267
15108
12279
3588
24475
75
5070
5825
15080
22306
31061
15176
5179
9129
638
27349
24248
2568
2590
32509
3948
26024
3660
3208
31443
16548
6665
13950
11165
24442
29223
14212
5809
13575
2403
5481
20595
21170
32725
13053
10050
10471
12682
13346
18245
11207
6255
26661
19304
12317
1392
11854
24481
5268
29922
2229
22648
2856
542
20824
25542
5851
15983
17771
14013
4521
28463
23279
23848
20157
30508
5254
3572
11493
28497
18310
10480
11588
12930
2124
16849
25159
24775
12499
23673
19162
7597
13701
15993
28123
3561
15440
31188
18894
22591
10749
5382
27859
11682
6589
29764
18646
7325
29445
26630
6150
13297
4508
1219
25992
14464
13299
10235
3692
29289
9140
20091
20192
21877
19613
8157
12195
2226
13711
21326
26557
4445
4066
20884
1646
9477
20732
14415
31076
26350
2594
8830
17200
5300
29325
23110
30203
26160
22465
22511
18037
9375
26650
12848
19215
15617
2984
25516
15210
20928
16189
2492
17423
3986
9667
111
16992
18848
17363
32719
31951
8424
6532
7782
11085
15072
3713
23809
25605
19292
25695
8116
16459
30129
9005
14366
19919
18715
13388
25838
8215
23644
8065
27302
5676
19622
7752
10656
10387
9147
31083
21838
21374
26963
25812
12485
28996
25534
19871
29821
6415
19402
20084
16722
21972
30695
15892
17615
18825
17033
3121
29356
4242
12238
24707
30613
31100
5729
12312
18734
25837
20382
15596
30547
25051
13047
13241
8868
23037
24726
23568
15425
25215
8003
3753
29394
1274
20873
26104
28875
5283
17940
23808
20462
25539
26462
20588
26129
28007
3723
5596
20257
18264
32145
7549
22631
28749
17563
20956
12554
20064
5808
10748
981
29119
20879
8614
24123
28580
15582
3072
2200
27015
17540
29793
13242
5266
12884
356
8096
21845
10987
3643
8065
17339
29147
28230
7953
11068
14601
3812
3327
23381
32595
27530
20162
23605
17014
2066
8597
23482
2095
25941
3264
26267
673
9211
18714
16871
21495
18834
16844
30894
13642
23518
4695
29181
1221
18032
9689
8976
32519
15994
23436
12740
10184
6370
21647
6987
9664
18069
20201
13091
5572
27422
12747
3657
6451
16759
12053
11946
9104
17183
7708
730
19312
17772
29610
3592
8855
291
31559
19506
22878
14406
13751
9877
12632
28205
196
3176
820
26072
27710
969
23525
23172
24639
18168
29953
9852
30899
16835
3175
19506
14872
833
24357
5518
899
30659
19353
15750
25060
32520
24278
22511
10378
12976
20808
27539
29418
28915
13980
29315
29596
32659
25818
13487
13478
23311
22228
12467
11517
1562
3524
1780
20297
27979
13873
6892
30185
13078
5138
24258
20535
30715
31286
32030
13581
29437
20707
21819
32392
28246
28606
32062
21259
31849
20202
16070
32647
30968
21364
16836
18170
10903
15087
22925
19254
6241
27227
10285
29412
26601
9292
3070
28872
22388
27208
2938
20551
10341
3440
13134
11046
3576
12898
6831
27796
29747
19551
497
17771
13082
21417
16214
13747
547
15151
28196
20328
16361
26988
5114
5756
25124
14477
12387
8736
8665
16850
27308
25408
14286
30774
20979
13388
15681
22098
25473
5694
1241
9087
19290
16089
32733
5179
4881
23598
932
18894
13025
12645
845
29997
14586
28858
4528
8478
31513
30406
16275
26525
1627
19200
10786
5758
16723
2435
19865
1877
29786
6674
28740
11923
11302
22617
14761
9713
10911
4469
18948
13842
23021
31415
26099
9059
30166
1445
2675
16967
24391
13634
32011
5745
20016
22672
11335
400
21909
20050
29800
17714
28131
13846
7258
23522
31104
12915
7910
28052
30629
8336
5161
25412
22896
26853
20293
24025
11573
19782
1110
5199
5142
22557
2728
23829
13779
20727
3879
26292
9955
23106
19222
25522
29891
7252
4868
11702
19598
8624
20988
9196
28622
18565
17661
18603
27537
28024
2729
25174
17856
13219
23361
9088
5293
3550
31953
7763
13547
27965
18344
1842
4450
14554
20235
2717
12706
29396
555
14933
632
11927
22868
21953
3263
15454
25446
29073
3705
11767
18313
17057
10783
6342
3869
4128
8245
14605
19440
4337
18208
23147
28340
14417
13628
10658
25008
13755
20778
21405
15285
11272
15463
5553
8020
25563
19491
8995
6734
32060
1104
1002
6476
25731
18681
20663
17360
3704
14805
28723
21612
16312
27676
14727
16690
25435
30361
8226
18539
13523
1025
19638
13708
16663
24451
18308
29285
770
12192
6106
14492
7925
21309
31962
30554
452
5366
9084
16708
26320
10422
32215
22189
2416
10116
8092
8201
1430
32160
17379
11429
11183
32463
24618
2454
19402
5363
26778
1264
15357
15582
10637
12600
7684
17768
23118
15643
10284
1215
19743
29535
30064
30719
24705
30491
8417
259
5551
4131
12363
13946
28780
7111
4629
31293
1022
30141
12905
18912
20859
27995
27541
32134
23363
6921
21937
26874
4558
10743
14722
4860
32168
27147
10911
30425
19129
15902
3282
1087
6346
14951
2241
20814
13637
1847
13262
13042
8764
23527
28475
12145
3757
9743
17042
32576
9221
12537
13636
4123
19682
24918
27536
15956
22813
22831
2726
14444
8968
6174
10253
16608
6644
27581
18498
16965
22007
17503
12450
27031
6380
16894
4233
15055
24762
3445
17852
21427
28378
20975
16388
20722
26899
27296
18460
2416
30600
6323
11725
5087
1013
21891
8536
19087
32310
5389
15380
16775
18953
3238
31832
25300
14868
20969
14491
9505
15402
26100
19930
4232
6858
212
3387
1448
30696
12605
11503
31480
25840
9342
16476
9306
15369
10933
31612
14580
7831
19263
17792
19259
15619
32115
24250
26448
19390
22928
7609
27536
18819
22003
1974
20327
31453
25742
18479
19556
16106
1173
19409
7571
8542
7290
667
18695
19914
12316
3393
10166
18463
18236
22990
8074
3694
6192
29582
17332
2033
19163
2603
20292
25935
26588
29718
11766
22044
18438
12328
1871
14239
6160
10890
32745
8409
17550
18642
9484
28610
25120
366
13949
15318
26090
582
17051
20944
16964
10909
18599
7350
15282
23608
21860
8213
2582
26563
19936
26510
6692
6256
23697
3985
791
8929
13475
19305
1186
31560
8081
3193
8490
22221
2291
11973
10290
23600
31895
20148
17687
18351
19154
11284
26109
1578
18200
15966
3849
2949
21707
24123
28113
26702
13905
10312
16656
25247
21097
32022
26783
5702
25535
17014
12704
24612
18110
18931
13052
6355
22949
159
19985
25228
8925
19475
10148
3655
12682
14513
11549
23587
27744
23852
31219
6921
17079
5963
12645
27532
29666
1513
8299
10772
24765
25665
15340
17468
7046
10856
20273
32120
10734
5915
28314
26363
11631
1723
655
3800
26079
15254
32442
10855
16966
31592
6515
16362
29677
9762
6012
4976
14263
10729
32751
23290
18868
30818
19572
32221
14068
24877
27063
25447
409
30127
7194
5317
19248
23061
7335
13860
31042
10133
584
6935
2085
17399
19258
31289
24
21077
6847
1043
16528
8479
32531
24896
5580
14689
21410
23502
19631
29513
4984
14312
14543
13284
12281
32690
24778
14376
16338
18037
17625
4407
6703
9980
29607
13794
12847
318
24931
19820
18068
15165
13587
6033
14784
2349
44
5575
9693
217
5216
22980
347
31811
27576
7488
26527
3978
22242
1788
23033
5649
26060
16643
3287
6878
15986
17456
5433
8256
22004
31984
2661
2741
16363
11593
28636
13066
2045
12316
31628
25540
18863
423
3143
17855
31355
12621
25716
21
6691
8346
32005
3905
15684
13186
1193
6021
9774
21993
24386
13961
24563
31337
14745
6212
4030
30287
1360
21279
28774
24294
28953
20312
11331
19449
12582
15781
2369
9107
11233
24859
6962
21257
24284
12365
28777
6458
4107
4536
27780
17942
7985
14175
17801
4957
2968
23986
22325
31401
517
29108
16528
11439
1771
25181
32709
3522
4319
8509
49
23449
10060
5731
20154
24657
22888
2941
26722
22197
8550
21057
22299
25534
2030
10763
4318
18774
7114
10439
19703
13921
4578
11025
17315
22526
8554
3995
3036
4106
28762
16847
2932
29927
9246
22454
11617
32379
27279
18201
21080
1147
3875
30182
12189
29161
28768
10708
4121
20955
27031
6986
11181
6527
1230
12158
2246
21340
2302
7642
7217
4058
14463
1187
6961
16133
21440
12508
13263
22414
13371
7528
8050
28434
5032
28016
17327
10143
21361
26116
21858
5749
22631
11013
12798
2057
20147
17218
25377
17744
27151
10209
108
15929
30262
25345
25489
15740
19352
413
25261
2450
31827
23731
1241
5892
19807
32166
25851
12265
20488
8674
14051
13482
12194
8638
8851
23049
1912
16038
27101
2146
21765
7289
3124
16432
23143
27184
23740
10194
1296
32193
16035
9872
11455
26434
31668
12505
16046
16210
26921
10702
10509
13493
20161
32261
6832
7486
17427
23430
27397
3570
30754
11034
15944
15978
5937
11974
14842
15225
17113
27026
23951
11535
20568
13454
21351
13149
16684
9495
19967
7994
10721
10327
17769
2502
31527
30731
10489
3917
24871
19593
22850
12654
11543
28673
32320
9340
32012
5891
3543
3108
5648
8769
5756
27472
9333
11671
8755
19276
22121
4168
17849
24103
1226
12939
12290
8285
24123
23622
19942
15794
18551
24857
22039
15713
27621
19870
20822
14710
7533
31215
29414
9593
6795
9577
21825
26700
19361
32688
28427
19798
146
17139
21572
4322
23436
17266
6081
3009
24101
6205
24797
16951
19626
16702
2412
23061
23475
28281
22512
15394
23547
19603
10768
25791
22639
31377
9029
10187
23173
3299
13271
27589
18639
16801
3080
8240
5072
18964
20366
29500
9486
19832
7495
2722
17512
2304
16169
17360
26538
12571
5752
16198
8287
30710
6203
15168
7143
23874
28144
405
27081
11063
3711
27871
31818
17625
25453
18652
5950
10618
20050
4628
8478
20864
8845
22716
2651
18536
26422
19163
16114
10251
30036
10667
22081
22816
18000
11842
29976
15619
1706
8561
5652
9397
16619
10989
11304
14627
13531
7084
21373
14507
12019
14226
1148
11740
29717
16973
32041
893
5499
21374
21682
6609
16622
13849
27975
16666
24888
22286
14381
15708
8923
1833
14
14179
12547
5174
11668
16135
16058
32106
14902
17071
12379
18174
17745
8212
31049
12573
32634
12872
480
22016
24595
246
10668
29528
22812
29931
14809
25324
32076
13781
23531
1667
19552
5451
26800
11012
6580
11022
9074
9948
16656
1679
13680
14240
7620
6577
32144
25331
30711
16591
2126
24235
23612
3073
17400
17455
4454
11675
17693
4899
8350
12791
12099
18248
9138
25717
5592
1437
19888
1471
26987
9419
25012
14162
17692
5311
3070
16442
12369
27033
20807
3868
10411
3525
2133
7546
2105
24423
4558
6195
7147
15613
16970
29001
32329
17728
12971
16103
2660
20042
27313
2979
31501
22526
6601
31744
2630
32165
21030
27959
9462
10965
31251
28983
1761
6039
26504
19434
21206
20424
23035
21946
31530
18880
18040
26452
3686
20530
10740
12971
15421
17235
21983
11584
9921
30015
27384
28578
21462
9624
30309
11824
21222
24688
25859
12070
27350
17513
16635
25048
25657
29722
28054
31544
17348
14005
21842
15262
2306
3047
15925
16841
17737
14080
14433
3873
7917
1364
23273
8510
5299
21473
17123
17582
5513
6194
2238
1267
16500
28803
8150
24012
24777
32549
21574
4534
31392
5412
23293
18865
31622
28712
10261
25159
25458
3993
32608
2507
31227
25862
29507
5087
25543
25544
17863
9784
11335
13282
24557
8870
6049
3116
21314
29262
20718
30641
6580
5690
18598
2645
1956
8469
22360
18619
9276
32303
30879
18277
23555
10696
12881
17693
16814
16010
31737
17556
20794
31831
14984
26954
26935
11333
9287
7085
28263
1511
8464
14469
19847
31183
31422
20367
20333
1360
29154
13672
29523
29577
2744
27821
17267
12190
9817
10849
22484
3145
15409
31119
31587
9362
18356
16944
10053
14810
15949
14158
18540
13086
8599
28778
872
8570
464
12828
27264
28140
1163
10745
23042
5211
17316
8633
28375
4056
6265
28058
19290
23587
10071
6655
7787
12401
16179
7261
8382
22380
24987
2903
31865
18556
1772
8744
21247
26181
29380
4930
21766
1649
11450
28212
8432
9903
29005
7377
23384
29435
12059
15247
13803
289
25684
20781
22649
25980
28781
10649
24651
1284
11801
22544
27064
18568
26997
9351
22515
5431
1666
26698
20263
11877
27609
7651
5318
25740
1434
10301
18974
13713
29862
5385
13613
16969
15886
24161
2998
15676
3787
28587
29844
13993
26543
29121
13135
27082
17819
8783
12781
28504
6643
14972
23818
31058
10063
10444
1579
31739
5747
8772
16464
26658
22402
20176
27336
23205
9070
5347
24137
25912
12723
18525
28736
21603
30277
16561
16486
5834
31686
6727
1172
10673
11773
10015
18136
11967
10372
21176
18888
3842
24000
32048
1814
20276
10774
4524
31845
31037
10076
23546
14939
16120
21646
24949
27128
14906
26051
16681
15398
28177
20575
24376
30609
27977
26505
24445
6328
18997
7392
13166
14405
13228
14697
16199
11161
25425
8908
23141
5036
16663
193
12015
19988
24581
22213
15548
31843
14391
26129
881
5558
16934
27596
6122
13963
22313
3968
10460
8915
31547
5579
14008
11849
29694
11095
722
32513
20736
23563
31170
24132
18749
2691
7434
2971
4582
31678
12282
17962
4705
19223
11217
63
6545
23159
16165
28971
30807
4808
23685
31057
9561
2221
7260
3196
19970
22896
30232
5750
30922
21564
5260
3542
7351
17292
18835
10521
21027
27363
25847
27124
193
3262
29329
29417
11995
3270
9137
23321
21981
587
26560
29785
24599
20206
30755
14215
13247
3485
23395
19231
28469
28101
9099
22537
14987
20162
27602
8373
21061
12187
22906
3690
12125
18156
9208
10459
28811
22307
26709
11260
26819
4847
19412
12307
30462
9718
12757
6162
2877
13767
2297
14884
31947
28431
29575
30342
5571
29455
20239
12440
30675
14669
24397
24116
15935
14730
8271
8510
297
29173
986
8060
7695
7582
7691
3240
27029
12077
1338
6852
11909
25556
26915
17582
7700
642
9544
9972
5479
7002
21137
23273
23637
23395
7222
2041
16751
18561
23518
7993
14141
31140
16649
30018
22219
7999
1963
11840
27492
28668
537
12358
27550
19886
31273
4069
919
13958
11669
11004
5245
22155
27041
26065
19796
19780
2558
15969
16627
31671
24301
10741
7504
28312
16040
28918
26622
14522
17917
32002
25588
20937
3132
19775
1168
19771
20051
1264
4572
32132
21816
18502
25103
22409
7047
23416
19543
10840
30317
14358
14549
32534
17860
3226
29161
13624
28543
23104
6833
12023
10825
9495
28364
8701
23401
27224
12132
24677
3049
20727
24939
11746
14583
18553
16676
30014
907
2565
3814
29191
842
12221
6429
8837
16555
22095
10129
5614
6744
31942
11243
27357
6615
5799
23413
4609
31593
1081
5665
10514
27954
25892
16077
522
18843
31037
26821
10897
20725
929
32393
1977
9823
25601
17873
23019
5097
23100
25807
15650
23033
10291
19636
31062
3566
1497
11637
14140
19460
7049
22223
27948
16503
30365
10889
6242
19436
11324
1017
5738
18188
7795
14537
13014
10610
6023
5883
15666
6087
12170
1067
15162
7467
12333
8724
2890
5079
27349
7254
2837
257
13553
887
5786
26624
32394
22823
29524
22705
14107
12744
31665
15641
29860
3885
7878
10828
4346
22690
2113
14477
12641
5165
1183
9910
27740
17684
30111
19675
452
5023
27382
8746
22808
8735
13124
23061
14868
13103
31047
23732
29573
1338
16718
7780
25691
1854
23281
6837
6912
19151
6912
30339
32488
22366
29113
3426
14442
17083
12606
28224
19150
13017
6214
2885
5287
11474
29970
8446
10851
21802
29859
6331
16160
1368
29226
27189
4033
23170
23232
16500
1089
8585
31063
26096
31560
17477
16112
15351
29692
7186
23311
16718
2586
19851
14444
27675
30789
4501
12780
23298
5278
4000
5071
8591
31636
11561
15659
13268
23806
30339
30105
13651
8039
1240
19246
12062
19880
1387
3245
28988
701
17951
13306
9039
18385
27453
21714
18548
6299
12914
25530
14955
493
26391
26933
24568
3722
27573
30010
8840
30265
31945
26341
26392
17175
4292
23661
3667
24881
31062
24406
16378
19538
10732
8424
1417
20506
18296
23263
30744
3664
25968
10340
1407
16249
5145
27452
4285
25002
9221
4416
29083
18842
17114
19981
6028
18939
21846
7420
21464
25867
12944
8021
3833
15462
9345
10943
27973
13086
20930
7163
9934
30221
29847
16850
5767
24170
813
29772
17576
25243
11552
11299
28755
2378
21056
11895
23671
4795
22165
8387
25589
19549
30625
6416
6401
17055
1764
32361
29643
17668
11686
19854
21599
28794
7664
5613
23498
13288
21724
17101
24703
774
21006
1229
505
11121
26755
28557
8097
32767
3210
8107
14065
20047
17167
31985
27866
21157
5663
27852
18019
7669
12969
2304
21652
8766
4994
11931
22418
22810
23980
31015
7435
14482
20952
32292
7636
27190
30505
23734
7889
30830
25403
30106
22806
26123
17252
24414
27979
25633
2874
27346
9813
6681
27733
19386
20275
13314
31574
14789
8229
11048
9767
7619
1812
31976
24453
7954
20270
17346
9148
9561
27601
26288
15026
8825
27306
21174
23335
14529
20766
29371
4923
4450
26856
22935
6705
30498
16388
21101
28530
2388
24524
19259
27349
6919
32610
19887
8733
4734
13645
31293
18372
23776
27751
14702
26359
18993
8182
6011
8417
25985
8985
32282
20268
7523
30566
16536
12229
20641
30417
11816
32224
4910
21711
7803
7229
16220
15036
11408
13481
10063
890
5070
28871
31410
23132
25424
12304
13480
16706
31616
24345
9734
16901
2535
21524
28607
20245
30531
21658
416
5984
31706
10408
28989
20854
19983
24295
15659
16875
7987
9776
20591
253
23197
24655
23095
17271
23293
20999
19912
10966
2541
5207
7864
24745
7625
11004
3421
318
27073
25655
6021
6522
29740
26064
24935
15369
18207
2907
10970
29112
12095
31162
9413
2334
23763
3043
15063
2434
6942
31972
9592
19705
4587
29476
22527
1487
17769
20715
7973
13096
18489
28196
953
18663
21446
8034
17814
3791
15061
11810
723
31464
27229
9808
24377
2853
27800
7436
16378
25155
8794
21677
28575
11252
9890
25094
15939
3133
4206
14057
29183
7709
1748
13802
7077
17775
23375
13157
9137
22545
7767
1987
9084
25158
25140
5880
24243
2649
8211
29008
28936
22404
29530
29036
1063
24591
7993
31623
8684
8892
4737
16895
30419
3939
23994
13072
6320
730
20336
29666
9632
14871
10957
3270
20287
153
11373
10940
9755
7684
20845
6714
14697
18187
5317
24360
24311
5522
5848
3631
14178
19476
25418
19251
17033
26691
18706
4382
6209
18671
30928
9952
6475
27433
23904
26036
11395
680
25263
13476
23641
29036
7885
23887
26757
25248
4420
7658
8183
3269
27817
7301
5901
24333
7792
8079
3593
7685
2308
12189
7106
13175
9240
1639
28826
13711
30519
28435
17839
26940
8867
31671
19542
17369
27228
13337
12741
12301
30591
8633
2831
6640
17361
23825
15702
1647
25500
27
13883
14833
8634
8724
2202
12859
8687
16512
16757
30608
32124
14702
2349
2333
3568
15101
25848
26773
23106
19487
11407
2329
23069
21149
2087
9562
891
14939
2723
16641
22133
8670
15368
22863
23385
12299
10289
2304
18174
30513
17860
9078
14676
2378
18788
2835
19007
8574
14632
18151
22694
1769
21580
7051
20423
3230
8999
11084
22221
21228
17245
24972
7844
11744
17494
11622
16908
21770
10223
20369
27628
16516
23407
16263
14313
22321
15548
27622
312
21059
32719
23062
5040
31232
2149
26924
29476
8133
3063
15374
11503
31051
4077
3800
26576
16681
6159
31615
9721
16538
6460
29109
28002
9857
1118
26124
19043
20394
32157
31837
24706
25683
5075
12651
32138
28395
3136
18372
25309
20505
5760
31720
14602
13312
31929
17325
24994
27842
9241
7394
6984
22082
29056
12083
11272
10031
26233
17740
1514
21310
2671
24898
6598
25270
29726
28718
19545
25394
1863
24859
16793
21922
15016
8994
29254
15764
31275
20179
16322
13746
31070
32471
31266
11659
2595
7124
3205
13462
19369
8081
17316
30323
17818
4955
25259
19573
17302
19879
31304
2142
1249
13048
13825
23657
5208
32259
5066
1166
23722
21265
14807
5377
19652
8870
24239
4604
8333
8032
30594
13502
8660
19233
8380
468
30086
24433
29914
5271
18725
5405
17788
17398
29813
3876
27324
1141
25465
27860
7359
11126
23709
18225
2953
30647
30517
7574
10518
797
22054
30111
22950
432
31459
12869
32344
29158
17564
26187
3578
8740
28594
9690
12320
12162
10605
7016
3699
25039
3057
25566
20556
2261
5742
30201
29826
16093
30104
6384
32128
13430
12375
11864
9114
26995
3263
21317
417
30515
16706
7347
28596
20517
17956
29476
90
6282
23344
20874
21454
31869
5546
27494
13722
10033
2692
32306
14439
16251
26836
20989
17428
3472
6278
11605
18949
11791
12622
16489
5054
30274
24033
19311
24496
28065
32613
1092
16466
151
9510
32594
29044
20617
11402
8119
6097
17685
7495
21156
7907
17047
5587
6658
10491
10738
23581
10844
17808
1421
26234
8185
25047
1947
28898
3912
10133
15776
29276
29826
15922
7472
1719
18058
8718
19962
8315
12568
1560
21766
5919
14870
29596
1339
25980
22090
7260
22820
11394
12598
4835
6644
20010
11324
23830
30663
13483
22790
5388
30506
6641
29477
3103
22494
25419
7416
9283
22745
25956
25552
21399
32142
9332
20305
1594
14446
25783
28
21088
7855
7967
8619
12965
2380
11846
13179
15009
18253
18342
28017
31164
17736
5388
17271
67
20008
586
19558
15036
18733
4908
4136
6007
6452
21934
286
10854
313
17516
9407
17198
12826
11610
12162
10622
26013
28853
6142
29600
10933
11322
25936
11086
18177
9877
15550
13510
20886
3868
29338
11297
27390
26045
8808
11488
13952
7989
4675
14280
30882
22915
25980
10992
32493
13469
25221
24
13552
9057
20493
17724
2696
18638
11629
873
3934
13684
19011
2000
26544
6441
348
17177
32341
15614
6872
13049
6139
22898
6536
2567
11188
7397
30619
2507
9393
30287
5754
17176
29004
30769
26096
12444
844
26572
1678
24502
9573
19602
27470
7047
18943
5082
15990
20044
14137
7383
3519
3307
13356
16587
439
203
7028
11128
9316
9193
30445
6103
31530
809
2234
17677
30702
31466
25996
14235
1404
8668
1056
6869
13094
22038
26122
22165
17326
8291
15794
11568
9063
25053
13724
30121
2454
32702
15596
17957
18718
370
32041
8863
5213
21745
23873
989
14417
11595
13773
19107
4863
12164
6807
29478
18709
24995
23897
7363
32462
4102
11720
14833
6166
7416
31441
31861
17391
28294
31011
20949
22291
28302
29421
1038
14810
20760
17641
21129
27999
5353
11417
5964
27614
29270
19409
19566
26721
11351
1397
1485
12700
30684
6020
13059
15381
28004
5717
15765
6024
14539
11553
22382
21385
31587
18370
3468
5995
5191
2490
29434
29025
17132
13943
30718
8419
22521
28374
16787
24659
26713
26597
5401
29153
13966
32493
11340
29612
17992
20144
1395
16169
20022
10735
985
22473
31772
7983
29825
11478
16166
27069
19222
12958
3196
29680
11041
5844
21014
20142
4479
5171
3026
16945
12817
10596
11971
23563
23989
14114
24268
7784
1141
18844
8814
13460
10239
4379
2271
20669
21077
19940
30300
5881
25798
13152
2751
14731
21277
1658
22100
10850
7960
31561
20713
1506
10268
5615
18212
6887
8998
4801
12826
13319
20229
6568
11548
1560
14535
16582
32212
26610
9329
8797
25234
14198
28147
2541
6880
4048
30298
31901
24156
13560
29000
8412
13767
22655
9889
18760
27225
7048
31880
9935
32599
29205
23946
26132
27112
19332
20248
15380
31525
9305
19515
9737
12399
25917
14467
24719
24069
13127
32577
23045
26581
5499
13045
9270
31891
5008
16650
10552
1801
12791
3521
10133
18862
28440
3180
14761
22649
9695
10204
27723
25847
31095
3868
10416
4252
11861
14944
30091
14679
5241
15416
21369
29800
26352
13065
14493
11126
17566
28350
28551
4060
9786
7867
23899
22597
30106
7186
29487
31864
10801
9210
20148
25461
3798
5757
19993
14272
5318
3440
6956
22013
22509
24488
29123
2493
14433
25707
9562
3224
11568
2853
10749
31612
13403
7004
9321
13892
1058
12518
17774
23948
24962
18522
29847
25284
16381
28612
3597
24196
3737
28573
14265
8479
22059
32762
4521
12667
3285
24067
17845
11808
17102
21927
14946
17550
3169
5006
27910
13012
19769
21327
14125
1886
18651
15844
828
4879
7284
3163
13396
16784
1493
17101
17785
19431
7100
6036
25588
31051
23381
23225
2293
25142
12032
29100
22141
27069
21077
15160
15227
24861
14181
28597
9014
2454
20803
20864
13290
26748
26564
16808
24758
8587
22658
3306
21173
19323
26919
1248
28012
29396
3816
14709
29284
16132
20303
26268
2071
28078
7742
27202
10257
6214
23857
22144
14415
30683
24515
29718
21483
6963
6516
18709
1787
17181
22697
30683
438
22787
13044
2628
1752
13247
1686
32031
6472
7855
13634
8159
11512
22284
31780
7315
24333
29559
3362
15385
31041
27093
19810
14990
17541
10077
23820
16392
28394
28399
19537
20872
2241
29096
8620
20010
23809
21939
5479
19615
10474
8034
9826
27869
30440
12413
27664
29205
8378
20954
18882
14566
15571
31533
26408
24016
31489
19746
4628
10219
13388
29097
28034
3033
12833
22161
4566
23289
28848
30297
612
29405
24722
9027
7221
255
27567
2217
25096
11951
16735
22164
18840
18768
11727
19339
28189
15044
167
4265
19477
26149
18153
7155
27204
15542
23580
3304
5114
7961
5803
14169
2196
24258
5000
20602
17477
29611
25876
29242
17943
14921
10563
26832
30508
19904
19195
32406
5962
21075
29374
14875
21143
17438
27273
17011
25760
7687
30972
24018
27808
27890
30650
15962
22272
9012
10515
4400
26
16458
4321
981
29762
8396
21679
13236
28935
2716
26401
15351
2998
18787
656
21919
8480
28478
14068
15828
29341
3508
3847
22137
5201
31468
4263
13572
4270
30492
7292
5005
25914
17989
28892
22564
15507
4638
21483
9832
2480
10317
10503
12118
26729
26845
30051
13150
26426
30957
6129
27324
7748
3493
14470
18437
14228
25455
12857
18688
19624
13667
32012
18872
15663
18690
23246
3535
25361
25128
19263
29717
18351
13116
2934
2137
15980
7594
9344
26496
2156
22163
19786
10708
26012
17347
9152
18334
14066
9443
311
11254
5622
23791
28168
27098
1409
28651
30846
18302
8132
2258
29427
5091
25997
7120
23861
31403
4806
30896
32047
18988
7230
24984
27333
24515
15021
31220
4863
11882
9970
8624
30314
5005
27550
4266
9915
28186
28598
18023
18358
11224
7861
8709
5966
16633
20945
13936
16654
15858
24191
11993
183
30602
28217
22372
22571
30001
895
7713
23689
6548
20508
8254
24218
14702
16554
6011
29292
5281
24920
15325
6716
25989
32747
28071
6297
31360
12035
15238
11719
3543
3744
6412
17506
20419
32228
22879
20803
22216
6683
16947
27304
27202
12024
19189
23182
23361
31777
23625
12386
24470
29679
9143
5593
9006
22382
20385
27421
927
21420
18297
28201
10753
1072
13361
29046
30463
32456
27890
26071
29997
19592
7184
15265
17821
29711
12350
24336
15021
30988
28158
21478
5410
29953
13660
13397
6011
11591
20444
5919
25471
19027
23217
8444
22041
5175
8495
17724
21861
22635
31619
31149
17675
23758
1442
25023
5324
1000
17023
13542
7514
1650
32641
25664
16237
26136
3124
17272
30995
32125
6719
14570
25927
20864
22934
14600
22982
1982
9456
4348
5918
9815
21116
17551
16136
246
31951
841
1271
30475
22561
30937
19697
26459
26554
31928
11422
31931
10151
25866
671
14360
32433
197
6176
23483
3216
32020
177
7115
10331
14846
11345
14356
9027
21059
24524
25350
9089
23174
1864
6657
11149
7089
5914
21200
8593
19606
28382
8819
27421
3794
29382
16673
28956
13047
20274
3981
8199
2026
6785
361
14424
14729
18727
4392
834
657
10240
8457
16287
13759
20709
27985
23338
25142
19836
29655
19438
5921
23636
29894
7678
2713
3121
28831
2407
10185
8612
18301
9315
18512
31455
23965
1487
7398
26056
26909
27615
2371
7244
19716
15121
30525
23286
9603
26975
25904
17856
27003
10681
13218
3881
17726
27570
30247
5511
4762
890
19331
27295
4628
3596
271
31091
18801
26024
1374
15963
11131
14980
28191
17751
27905
9151
5445
25252
11040
15510
4454
22925
18113
8666
3425
25988
6499
25505
17220
22897
26395
16189
7789
18762
12760
13674
18671
29156
20972
20683
10295
21257
30664
12440
3311
12234
31495
11153
6690
26902
6831
7990
10145
26252
4787
16185
9126
398
10940
31028
14264
9879
8744
16536
13518
8398
7507
22245
2743
17371
30742
25633
20153
26617
8590
29571
5497
27724
25887
10351
9242
13174
17592
16295
15529
20069
18520
12479
2489
18798
26321
977
27978
20384
27596
12147
14064
6226
32525
4838
1329
21247
12536
24720
22062
1364
12372
3244
2950
3974
3408
5185
25975
19177
11715
12368
14662
30399
22200
18770
26337
26445
28458
16098
20932
11061
24588
22454
24857
6911
13709
28115
19235
1785
26009
11009
12252
30529
24483
27005
18141
12832
18850
3311
9343
31897
3673
26523
23104
18754
8412
32731
30312
18771
6480
18893
9964
5117
3826
10569
914
22525
21339
20502
17238
19312
29442
19549
24844
19945
7938
23389
29512
28865
25629
21601
15227
22958
21249
16367
12382
13207
32203
28483
1940
8615
28362
10236
651
26785
31877
14356
675
17011
7935
1557
10386
4109
10809
29066
775
23923
4601
6068
4237
27665
6858
20607
6322
14160
7236
30644
8297
10086
14477
22128
32174
26226
11552
16597
20072
3016
8397
15359
22163
4489
4865
16442
2462
18552
20552
27506
17170
15880
4112
14315
29301
18618
8112
2866
15982
11941
16041
12627
25386
6742
4139
6220
20477
20955
17883
24514
18509
25627
26579
4339
2988
16489
24042
4844
18756
27736
7734
12027
25208
19408
9424
14696
16584
12129
6359
12896
17141
7384
17080
29490
1382
1552
14252
15294
2507
25099
24194
13353
512
23617
12702
14038
16948
3640
25154
30354
7754
30549
16652
21775
13951
9970
4032
32148
30542
19633
8264
6130
20625
8975
25849
10170
26600
26684
22040
27565
19038
22826
20637
20852
24906
25315
21046
20882
11892
32289
13967
18326
4985
26904
22993
6805
10353
13207
17513
18903
26062
20815
17418
12753
9607
9842
5621
7507
16247
17025
1656
30467
17664
15711
10676
12042
8179
27305
4516
10509
6324
22346
9563
18015
1945
17737
32141
24693
13716
6630
27217
18330
12306
29158
1573
6627
5154
20523
31283
1638
5338
6791
22483
20647
16630
22738
11088
10323
19395
27194
11247
10545
23868
9435
11565
5973
11634
5008
13641
11159
28465
17928
23810
1091
19936
26396
23714
3602
681
3423
27195
31065
17626
31223
19761
3969
6539
14764
19192
31927
18050
23615
20767
25060
27731
13821
142
17120
3019
24467
32268
9443
31375
26660
11268
28988
2817
28057
12680
28741
27491
3897
29334
28822
63
28281
23962
28281
15878
12821
12853
20382
17911
16223
9533
1808
19010
7639
1541
13672
32110
14589
18654
6465
4344
29795
6877
25579
1853
17926
25311
18020
23705
19166
21451
19075
19409
2484
29719
19575
12718
22580
16014
10352
21483
5699
16464
28828
3922
13203
22554
16213
12577
13172
31431
31129
32690
8941
8471
5562
13915
13579
17072
14934
30868
31097
610
18826
87
24913
28591
11363
3021
1586
395
29333
20006
26515
11872
6768
26568
4694
17749
5391
10669
26272
27856
23251
10246
28649
27193
9232
24613
847
5890
6661
30105
6192
9956
5138
19099
3831
9067
13605
30633
23094
16564
32118
26224
15862
28534
9332
5103
6475
20543
20222
15834
28203
27648
30167
32572
7039
21964
4180
8289
32123
6621
22360
7667
26667
7640
13442
11107
12367
22097
12709
13450
13929
30098
31865
8849
10260
30616
21136
26638
27543
12127
27019
6255
27066
14688
10125
3740
10713
30551
16368
26328
29750
31049
2103
20456
28307
30662
6468
30584
26369
17260
4300
5562
16627
19884
1799
23632
14486
11985
3244
19564
28773
19773
17692
14390
31992
2550
28893
29550
25372
5730
31819
30546
15401
22351
26250
32194
29840
31030
5311
22434
22708
6593
25984
640
25595
10890
6281
16758
1572
28966
24240
15698
21211
18530
9755
28661
20362
1740
30384
24313
21363
11894
29389
27031
11772
18934
20537
11719
1865
6833
23899
18600
12048
31834
26282
30243
19881
8629
4197
21451
11109
3745
30852
19208
545
29525
13550
26229
3355
19690
492
5766
19204
28442
13534
10606
9814
23367
18221
31296
30695
2238
3456
6996
6079
574
28467
32748
28710
31924
12805
26903
18178
19273
11792
6614
12640
21662
32255
5758
25937
27990
32635
29533
24055
15318
14310
30368
1503
2376
29004
4468
23441
9190
9110
29804
17510
13941
32257
17187
410
14607
9423
11042
31650
24358
30525
25092
22464
9926
29108
20184
3028
27930
67
25286
25717
11314
21837
25846
12608
17923
6271
13741
2928
176
517
19641
27312
6152
13822
30480
31789
2127
29741
6068
28654
30273
28657
28633
12392
22612
25719
12874
14413
17726
14638
26121
31398
2999
19067
23605
4385
30592
10927
15665
9388
26532
28470
28931
17474
6654
24080
26362
7685
20475
3974
148
20110
12449
22549
9118
14977
3024
3759
14237
9828
25288
803
4717
177
23020
14553
6184
4649
30662
14786
4682
2156
21834
5519
530
3783
9055
24865
29227
26957
10651
19009
2955
17961
8782
5010
29084
14642
6083
3267
10649
5568
9922
23305
4411
6846
19033
9677
10390
9473
5341
31650
13117
23512
31275
889
29869
3045
3891
19992
3049
9259
25272
23496
12897
2407
21329
10830
25112
13220
1716
24349
9990
18954
26163
25034
8124
12535
17543
31424
28998
15953
4301
18997
12885
2074
15054
11101
4510
324
11395
22493
15229
22727
31961
24450
17118
20210
16305
18483
4445
29950
5931
27172
8876
2793
27172
23629
3893
28546
25597
1307
10753
22208
8606
9061
13785
14935
12219
25505
30123
14477
15958
21848
7215
21834
11654
21719
24265
20847
22390
15656
12210
3177
15280
30272
25427
9222
28572
13178
17649
18055
30787
30276
24207
27382
29017
10520
30736
25530
9595
26287
4509
32616
31669
16753
23878
11228
24135
7983
31724
20361
32425
32020
350
19725
6860
12249
962
25864
10147
29753
14903
27183
1250
25509
28344
31644
7686
8504
18243
14696
7317
21229
10811
10108
4007
15120
16908
12964
11429
1522
25613
3046
3409
8161
24234
19985
3846
10071
29378
8600
14145
20338
31822
21153
16737
18084
3652
3418
14763
30124
1467
13452
18833
10949
22607
1650
6452
1309
8647
971
27175
13448
13557
19758
20342
24950
13278
27294
9959
20771
29467
12638
14207
6669
11391
15366
6472
31915
17658
10455
19026
13404
10685
4684
5368
21662
2207
30193
11108
1664
26560
32120
7254
14938
24684
24074
1312
8635
322
16859
9462
1443
7061
28673
13668
19698
18
9862
11296
18209
28323
23228
18946
3888
15764
21456
6993
6879
31733
21410
19776
18977
4927
16852
31928
2766
11322
3362
25176
25752
23325
14065
32699
320
22263
15658
12793
1290
16463
22088
19824
19310
15111
13232
9924
23568
24455
15937
11556
11250
18199
301
31183
32488
14219
14087
30935
32077
12838
11549
3877
20981
27065
28935
25022
25698
25611
31872
8773
827
19069
21365
1216
4857
11758
18524
17055
5348
16861
23239
20218
6718
21197
25657
8218
30654
31726
1848
12859
19776
24569
5283
10128
13754
26972
23366
10632
13170
21911
5548
28496
11374
4070
27188
3481
2860
7968
12647
29595
22420
10975
30345
14681
23595
23521
26222
8999
11145
7086
8336
32362
6669
30587
7774
15264
32719
10831
9430
27040
22230
4708
29781
30242
2444
5584
10926
22401
1390
14948
2938
960
26120
29909
8880
22732
19489
29465
30070
23040
13619
26132
13622
26350
26398
3700
10483
20317
17436
4314
16606
26766
6904
21818
2084
1988
18299
30084
26891
1538
14120
32644
30525
12567
9769
3591
13411
19928
10376
32063
758
4013
21410
15976
15186
10575
7129
3756
5901
23247
14986
5444
26246
8411
12351
11489
17601
26941
14117
23626
15730
28836
14784
16966
6487
11687
8669
30908
17611
27911
5064
13081
1177
820
27072
7154
27918
14099
936
13803
20306
18943
16127
17367
4344
16654
11026
31776
8659
21397
19824
2921
1035
8942
2719
10867
6769
8056
1805
19261
12560
16096
5193
8560
29700
26527
32371
2553
18576
13764
19954
5624
15466
31988
20836
15577
32601
11183
987
31168
6914
29652
9030
22571
23807
23656
2861
13267
10034
8339
10146
12243
6745
32747
5236
10507
20194
25590
15525
10183
4096
32489
3614
5276
19710
18358
5538
13459
13524
30534
5889
12426
12280
27395
30094
11222
11382
4250
210
11821
28739
16127
31106
25796
26062
8369
25263
32436
5849
4927
29501
10402
18823
8203
15254
27551
29622
29262
21407
29517
30862
28252
9452
32579
25690
20010
9520
947
6807
26381
5367
15690
10827
31940
5783
15448
15513
17849
12643
11057
20881
1156
5411
21459
16205
23217
12737
10441
10041
14531
30533
21839
21938
3960
20995
6326
16339
9807
14099
28938
5003
15176
21762
22771
3571
20459
15559
7385
3039
18315
5881
2891
2228
15052
14655
1186
32633
9315
12295
11745
25136
19229
4219
19168
7014
3363
9904
938
19977
28796
21537
6435
18298
7379
12893
19694
22499
8827
19964
141
1227
12976
3543
20426
18919
11552
6777
10838
23603
9898
22992
12465
9026
19813
21288
22601
23762
19940
3931
6886
7844
7608
18753
13637
10891
20279
622
14595
18626
21116
20509
30142
7298
18351
29799
32118
9940
18055
6073
18489
27557
16140
13956
15103
27928
22434
5942
5587
28960
27715
23658
3379
17741
4876
1883
4794
29926
18939
32415
4348
9529
12791
27922
7858
3119
31504
3344
27927
13603
26121
13287
30097
2036
32531
12683
10900
18009
30172
22668
12227
29557
14024
16966
23897
22956
10622
9048
4808
8884
14503
17495
7328
13807
1778
29379
12721
20728
30044
32313
19316
3708
24238
5611
23975
20299
11335
6734
12600
14766
10267
14098
26212
17148
12284
22871
25120
30568
11801
22046
10936
29725
31428
21757
30646
18317
2936
21272
30981
11269
4890
21068
6486
20613
30591
2221
16323
9168
16431
9267
21682
21951
25192
30384
3581
730
3686
7685
18000
15913
25058
31894
25554
27976
9177
5627
4615
10938
28046
9209
21237
8831
25810
30640
11141
7401
27523
31509
28461
11179
26707
26275
28364
11571
3274
32590
3797
6714
15503
28857
2224
20889
31203
6056
23389
22110
31598
20664
12123
13343
20286
8014
12744
32142
12045
16589
10953
6478
27074
12
21292
20741
1595
23815
11596
22195
842
23764
25909
13378
22781
5593
31753
22878
7971
19517
17059
15238
32011
12956
26489
15459
18063
8959
7111
19033
27217
25611
5098
28509
5445
20088
26377
16902
12144
26309
4603
27878
5615
16170
8549
16410
13882
13775
18211
288
28330
25403
24298
27881
22585
19727
9771
8239
23946
12532
11066
23049
17193
31698
14255
19645
1299
16707
14861
28885
11641
18247
29345
3701
2241
31289
26541
28907
23246
23809
25798
30856
31105
18828
2427
32430
28799
5497
11063
16427
4661
28437
3689
16837
6682
1674
15073
25366
17460
22355
28541
5019
32222
9715
30982
24071
5064
1511
28757
15837
319
31705
9146
29501
17583
4118
12190
18686
23910
25922
2662
254
22170
10059
1947
23222
942
26267
5704
26642
20913
13202
16036
9343
21032
3635
8945
581
25357
32285
1956
25111
6167
26301
9926
10472
18748
27587
21146
26625
27253
31186
11136
19281
4289
18300
27929
16900
18540
25197
5804
5463
8337
7398
29385
25002
4062
28526
16940
9686
5783
8900
3555
23746
16861
22039
25780
21809
29745
13689
1977
15326
5940
29842
19021
3019
6832
24977
10540
22742
25820
9320
23765
10381
6108
32313
27443
19779
20616
7435
31869
30564
17006
22466
30555
28933
21786
26190
10314
14271
9877
27170
30785
26814
5931
23272
30357
13077
17009
11123
14874
17492
2439
15093
23947
25437
4763
26226
6955
11635
25006
20084
19373
10644
28315
9473
19537
9737
23637
6090
4177
5179
13680
10917
24955
22216
20963
5693
5151
13782
18956
32520
12843
28072
6900
6266
24981
2927
24533
2169
2553
3170
17625
7952
32132
29456
5925
13927
10512
18165
5654
20211
3984
12876
27082
15338
5295
12837
25315
29690
23220
3255
26503
23098
14249
503
12715
4961
1468
27242
17042
15158
21221
14391
12176
3655
13257
3712
11284
23518
15839
25330
29926
21553
27857
23963
172
1753
30501
27388
6579
9605
22044
13408
17644
24304
1242
29292
6709
26128
15048
19958
29146
31121
9527
17179
2908
32641
25670
14987
4465
2381
20229
19752
8011
21484
17114
26064
11037
6234
548
13686
31196
16456
26143
11640
67
21266
26632
29740
21785
12017
17793
1980
6326
25202
17462
821
30148
14886
22721
14810
8003
22171
13515
7358
28623
24204
116
7826
3622
8533
17141
2491
15077
15785
16004
31912
11154
8327
17273
98
5855
28778
16046
28004
22061
14529
1835
4782
16464
27038
12035
21269
8594
32690
23417
11485
29946
26745
26727
24457
17102
30386
23265
9202
18518
31506
26389
10903
19683
21817
3445
21556
18448
4325
4889
22678
15688
25446
22878
20397
28808
7506
22740
20707
22630
25721
17239
7340
29011
18971
4475
1118
22045
4441
32558
1092
16824
14826
15256
17389
24125
8975
20550
28874
1331
23241
904
9977
21774
27977
14871
23643
16373
18600
7163
492
30664
2264
172
20308
23394
16347
26232
27833
18715
3634
31012
28376
31377
8089
27606
22868
19881
24561
10803
6989
7888
31870
9412
14901
6279
1362
15518
7903
7198
17161
4674
14553
10175
5303
15298
27644
23983
27167
9765
31809
4305
11814
9741
27607
31340
13703
31639
32626
32045
1479
19843
23781
6512
2156
24469
30707
30395
32362
2106
16738
9867
18398
10607
19538
1108
21502
12511
24013
22211
19792
25419
6815
5702
22043
30511
18280
31950
26908
17059
20207
17108
12921
127
697
11674
29947
28866
18907
21171
20343
22581
12812
13509
30349
9035
5886
7566
13973
12364
21487
22821
20951
1202
13179
13954
3834
29140
4532
28993
3008
27841
25716
26787
10224
7535
7666
18390
7315
26901
7572
886
4962
31701
8964
20563
21120
5534
30598
30581
20581
7761
16777
11101
17434
17698
13947
17038
1452
12098
7906
31564
21211
31163
24745
11428
19474
4763
951
2220
15772
11604
25799
21516
2324
22115
2675
14013
17181
27184
20625
2577
22868
29493
24003
18420
21635
13155
5962
32625
2840
23745
1819
29304
22485
15703
26677
16606
10440
25162
19761
17573
31358
30280
5403
894
4980
24358
8832
22924
5070
24264
2248
16747
11595
15170
9158
23921
6009
12860
19854
9779
5157
15259
9863
25163
6166
24414
9153
19289
27643
8901
22408
1096
22945
20665
10297
17619
14697
8552
26964
24135
29690
1328
2771
32138
19507
5822
21178
20060
1379
30839
21744
25565
14781
8470
7501
2639
29958
23447
16372
26142
26513
32341
17379
1053
17773
7535
7112
16147
9693
15471
8470
7798
30472
17198
17753
4726
23026
14834
28103
12606
31403
4314
11543
22902
14535
30332
20374
24076
13325
460
28023
7988
4468
13120
30570
13485
3147
4401
29041
3398
10167
25477
20463
10146
5218
21131
11010
18488
7794
27942
15379
20637
14264
23086
22956
7174
29226
14611
25993
1289
32404
30147
24817
30883
906
5070
6983
14975
24737
13512
11996
15989
12767
24048
16391
15186
10095
16654
12920
23255
1433
3234
18633
11012
24818
1850
25174
13462
27344
31268
19279
23246
25089
12101
21259
26740
31677
1609
7327
28188
22744
25853
23984
21928
23356
1784
32645
20238
28567
28801
22112
31323
8017
2221
25359
29432
32449
7880
21182
8236
19360
24310
12559
28387
20414
31258
109
22702
23539
1271
11421
23562
28505
21142
2965
18917
24248
19943
24722
3166
4162
5802
5477
19149
8065
26000
7693
3843
32141
31646
14987
20435
24962
8403
2802
1233
7473
30218
10686
10073
10774
7714
16486
17619
651
603
18997
1590
6970
13827
31061
20683
4312
15699
29229
25652
24081
15252
20717
6572
11710
19589
11622
10384
7518
3329
4384
5151
964
5853
5030
9854
4109
29712
4389
7422
21717
19734
12085
27042
5035
22166
9207
11740
23745
16962
29536
21144
22248
14078
5844
24955
17340
5189
17143
877
5148
1225
16320
18517
8414
9306
1743
7203
23488
15625
7168
3348
3233
24461
21568
18225
28401
23270
32415
26906
17254
22336
9127
5633
10736
6169
20204
26873
22512
10662
5861
11633
32421
32115
22266
251
30182
14923
20446
16979
32535
17239
8735
29084
13398
14985
22268
26092
30709
572
27510
31755
30765
532
4522
8824
6928
13100
7261
26285
26304
14192
18649
26532
14815
71
23288
20890
26694
18550
16254
18195
4090
25921
10411
23326
14939
13010
22801
218
7583
8159
4260
5177
4735
7304
20496
24580
4656
28798
26191
17696
20629
15466
31866
26383
18099
10893
5087
441
16741
4771
10837
19565
18513
5390
30924
3619
28954
28976
40
18180
29400
6937
22608
4908
3525
21602
30081
10926
6968
19544
22505
8920
23000
2910
22897
21689
18953
11660
3546
3297
11947
12444
26891
26728
1540
22791
8105
818
3834
29291
30185
23408
11910
28464
28834
3690
18789
11115
7335
21117
26129
22274
24659
21087
10991
19218
2917
19883
3274
20109
6414
8857
16768
3624
22601
9484
19195
19316
28267
26323
11875
1866
26619
21800
11154
11117
19395
20349
2249
30571
25639
7033
18081
13508
12982
23101
20548
30286
16895
25323
31708
26328
18854
9833
28492
27406
22711
98
15647
6813
31289
6542
19901
21655
2055
16180
26853
29464
8155
21485
29527
25130
28332
15786
13521
7654
17978
29944
14909
23516
12519
6531
10281
25525
30664
12249
4471
23319
20220
27761
9814
2249
7228
12268
20337
21272
2996
6298
2406
32121
26385
19776
5241
26991
25308
25881
19594
24239
22022
4378
15684
7811
4036
27258
18072
18028
16285
2674
25961
17931
9152
20290
29833
27713
29084
29300
31205
20374
11435
21604
21500
5591
24462
8448
23446
24323
27487
12749
19890
22377
24899
20779
4544
13578
6718
17113
12304
9284
332
13755
3211
26546
17325
731
14753
12110
23424
23983
30594
27352
10387
22938
13201
7036
2938
26804
7189
26799
14046
14286
7218
31834
11032
2993
21529
27194
4094
935
24955
9862
24829
25917
3139
20435
8041
21830
11140
20534
32528
8739
22192
6568
16661
834
14092
430
12540
29157
3424
57
30721
32549
16371
21962
15022
19254
1206
23771
13484
492
31680
2683
18138
126
19962
25144
11164
2187
9244
24897
17782
9306
2520
9420
15321
8294
4436
20406
23100
15898
19166
29545
25967
985
25820
3
23340
20033
2049
32693
20464
1713
17351
8552
24328
8968
7961
22183
24815
21168
8527
2233
23511
31964
26464
10509
25222
29709
6483
8412
21859
731
21495
25609
14801
13810
23252
11084
7099
1883
9825
6543
11632
20221
8824
20632
6578
7267
12550
14569
15369
23999
17671
228
13150
30767
10674
5939
708
13632
18928
9319
13465
10673
3091
18399
13262
31097
5573
7148
20355
7434
3134
17714
7383
3032
9403
4434
11006
28693
6443
26822
15764
18367
21803
6156
304
5853
28468
13318
28221
3846
16915
7585
19973
20514
15002
26805
5647
9845
11670
10796
3499
27097
18945
29031
29131
25162
31608
28893
2836
21928
20719
6661
27189
8889
15267
12407
15992
3438
14928
6222
31382
8295
17572
25552
15312
18360
2804
25681
10043
2286
24111
16980
12636
31821
21520
24820
1012
27484
31639
4226
30237
14500
13753
21616
19094
29876
1623
16493
10332
17512
29037
12498
378
31851
14476
25149
23585
5627
3210
11387
12795
24812
1912
25772
22973
5872
724
10913
12028
13333
7680
9609
27713
14479
2291
29645
27487
14264
26415
21048
16388
22613
24306
15963
24719
10779
10417
6192
20769
29810
12994
1789
1271
25208
11609
9595
27127
12361
4789
14648
21128
15742
32667
31034
12711
10483
28676
10213
23864
22990
13331
1055
19097
6588
12617
21937
31101
9342
17404
6384
248
20645
21765
3486
29398
13721
30650
11531
2353
29408
9244
19327
21059
31901
24913
26844
20088
4439
29780
29824
13511
15612
26347
2153
20803
3366
31449
24476
12781
23196
23893
3015
5581
19484
11964
11813
21057
30296
12931
14242
8852
15678
15215
29760
5586
23164
10248
26041
3803
11588
843
12646
2743
14156
7583
9567
8489
27418
12810
6372
29575
12158
27557
11259
32200
15456
24397
10843
32223
13499
19868
5513
25928
8682
16663
6721
2272
13347
23721
29975
761
27713
28241
2654
31662
4806
6679
13641
19316
8224
12612
4688
11250
31275
2514
18645
27411
11000
27170
6152
21593
29901
23789
11016
17524
26476
381
30795
6931
23192
11293
12351
32506
29142
27342
32561
10324
3441
16955
9839
9547
19648
14063
12457
19671
1451
30406
17821
21459
21868
13985
24820
14422
11923
6238
28774
30528
2125
11528
7461
16403
4837
26442
17529
6917
5515
4650
25511
13651
22869
8180
31512
18391
17795
25971
11447
19421
4359
5479
6555
29235
11589
4148
17126
4223
19991
23512
29165
30933
13076
22559
27545
28553
5650
794
29453
13122
25321
25037
24456
19280
7290
24872
18829
4160
4848
17209
4930
8877
20294
27807
20503
17497
22538
9794
20391
18300
13152
10049
20451
2139
19017
31532
6765
9501
4389
6260
4418
26586
6519
15135
28316
5878
28905
22464
15383
8109
29072
15015
17682
20206
26480
10069
2136
3181
12099
3123
27904
19444
12918
7811
16017
10489
25717
29334
13418
24694
9512
25663
2145
7413
11453
25481
24747
18666
25769
31141
4348
23366
20969
6694
30446
21065
29838
5233
30119
20632
16504
14702
21686
4239
4962
2436
1599
8664
19487
32453
6232
9533
26402
18277
21938
31418
17476
1137
22908
5591
31170
24765
6788
27701
22661
5151
12704
12902
1447
9946
24396
23297
19762
2397
5268
3062
4651
21550
821
32288
32719
17441
30975
31513
24604
18125
2685
27986
15251
11072
20696
13923
9789
19186
16121
16287
24044
16120
20974
30956
7619
30074
8335
14802
19192
15207
3681
14545
24281
3687
9658
3320
12813
19218
23846
28083
3357
2911
19466
9445
8755
18783
4743
26422
21537
6699
30881
1711
28324
5403
2209
13188
13290
15160
10423
16176
25427
29428
30692
5575
7541
27673
29207
24968
18786
0
8087
3250
24365
25091
21408
5530
15274
13364
15953
26873
24950
21584
21958
13962
19255
29934
23169
29653
13093
22268
31502
325
29642
14188
23270
9601
26117
17707
149
21241
24661
13139
28440
27583
15188
15265
28297
30617
32642
9513
18430
84
8260
9032
30894
2139
26669
8411
8277
20360
31355
19374
11994
23097
3557
29752
5423
28327
17556
5509
32122
31859
17775
6515
20082
8834
31387
11553
32267
18187
6466
14757
30549
30190
22164
21757
6049
31048
28172
16200
1767
24644
23797
16439
28516
26676
30508
30910
22663
31712
14631
32015
10510
15645
31542
19144
5229
19618
27145
28523
30575
17432
26739
29456
26655
5744
15981
23382
31977
19065
14686
23199
3837
17330
8602
32637
31732
3421
10536
30823
10934
23508
14280
16305
22427
14368
14388
17339
27600
2504
19111
24424
25597
29415
156
14033
2596
12929
1496
19515
1741
279
23210
24903
3424
7033
882
30825
10194
28636
20832
2715
25987
8492
10366
17747
29031
21668
26353
25778
21349
32155
20860
32254
24828
7073
10565
20050
8492
7882
20188
24980
10132
26186
5753
9640
10968
3394
12677
15843
23109
31194
20828
10947
14008
25232
26450
6621
29371
15824
9716
29206
7666
20420
10128
28694
8118
19053
24055
26362
17663
13299
12161
31049
25991
1849
25938
24106
25644
17077
20188
1748
3734
22911
16037
14405
8219
15015
17482
27959
27615
25292
18373
5200
29248
11242
27115
32409
25969
20340
20024
4657
24932
20131
12751
5443
23278
13581
29629
9525
2598
27001
29310
11810
21518
242
25282
30347
30581
18458
881
4937
283
30401
21228
22470
19223
16822
10646
5741
2934
16093
23955
17759
13861
20354
21455
23400
13841
1261
8770
31025
16780
13111
10099
12983
19955
9820
15163
3323
26253
11664
23756
1020
27319
28887
497
11490
30526
17616
27544
18556
32525
28881
9101
23020
22280
6969
1928
5537
14647
20482
1386
15494
807
21910
27844
14201
13197
17380
31129
1791
27437
4530
31845
23350
29946
3125
17245
26635
6527
27871
10489
18860
16765
376
27568
3393
11222
6768
13058
12759
15017
13172
26044
13724
7103
2623
13688
850
20518
6067
867
21502
22299
7976
579
22752
46
18436
14776
16808
10400
30091
20161
29415
26640
20729
13699
196
28758
14798
12358
16880
9392
4202
16321
3804
11292
3801
26775
297
772
9200
29217
18272
20512
1177
622
24803
153
26475
15240
22051
28522
7806
15865
16660
7180
893
13454
14814
13394
27132
19803
31702
30098
3084
17407
22188
10501
9485
24874
16357
16240
11972
4956
6284
20484
29870
1263
31525
32387
29075
21335
9699
3237
11101
19369
21787
6842
299
20570
8695
23440
8098
19529
14703
16279
3971
22272
32629
23363
4739
28215
29296
3250
16983
26778
25324
9359
9742
1485
21392
5686
12707
16300
5456
29465
25555
16599
29668
13666
30252
9326
1656
7642
21351
25369
30885
10505
18423
4428
24480
24479
8418
21193
28593
1554
11472
10086
9703
28553
21345
29968
14859
30713
14020
29456
27858
27021
4998
23181
1622
20812
21159
82
6343
1782
499
15314
23390
27694
9871
16233
12691
9950
7635
17893
12944
23256
87
14661
17637
9913
15185
14017
8829
26643
21534
5130
22737
2763
2590
18898
6491
26559
19141
26511
28238
30380
11247
29820
10116
22352
24692
25057
5048
30155
23293
29333
23029
20043
4886
15297
1870
5096
8324
8934
9424
16077
8408
32034
27061
17817
6980
13231
24026
1541
22190
4524
116
8390
22019
7968
18174
19637
28366
11580
2166
25901
11785
30688
10440
14260
32562
97
6283
21726
18850
1418
31979
26735
30747
15584
5094
23744
7840
12586
10428
19812
12937
27185
11424
3338
2262
16837
18356
17061
3780
2560
30260
25035
28830
26831
1521
603
8918
3245
2050
23395
340
7858
2742
25921
30990
5581
12237
26376
28633
20302
29415
29477
24190
4263
13372
5954
20753
22131
23438
17258
16766
5303
10076
11374
101
19560
31833
11656
8232
6702
18716
27967
5698
8808
21017
18826
1754
32368
31184
20280
28311
3872
22852
16527
7863
22677
15535
28468
16219
19250
22644
27979
19493
7656
19029
23006
16133
7605
15078
19587
23888
5739
13121
9273
23315
14515
31484
15764
18598
8529
4696
21530
32388
26026
7355
4844
31577
18819
20321
6313
26717
523
14414
29327
14305
10780
29063
21219
4647
19390
5249
1683
1143
8941
474
28187
9839
32156
20807
32165
10651
23801
32206
2164
1862
15347
8757
23426
16527
7929
22970
27496
25791
20741
6404
6527
20953
29146
4954
21573
25459
14730
19
5890
965
5434
21581
3243
21248
297
17634
23046
22753
17391
9368
21263
29829
28419
29336
8091
32383
18560
11554
4923
20776
553
15486
15459
11062
25002
2614
28363
8336
15905
6274
19734
3425
30428
11780
5554
16235
18276
27061
14079
18847
7355
21280
28339
13802
20451
15054
30845
2385
27039
32513
4072
20032
21374
2213
18819
6431
6676
5251
1855
15143
9355
7352
3096
6004
1371
30309
29431
20059
18517
30633
3287
13053
25062
14796
27175
16156
9114
19389
4976
31022
23007
26815
13624
176
30476
1887
17190
13501
28577
21673
22119
10463
11216
28571
19279
23589
12861
30938
25156
26230
28675
19108
26584
4132
16887
27910
10293
1988
9008
6735
12734
10814
9415
26564
10995
4384
4827
26261
16277
23352
27352
20752
26891
25441
1785
6165
5637
22941
8972
25802
30047
29284
7798
25231
26696
8252
8054
25909
24483
2954
31662
16234
10413
15528
2527
23928
27873
11319
16628
30768
26905
11703
18498
29728
8181
26709
23822
16653
2944
20995
12623
19869
4625
24782
10166
25427
17008
26220
4332
32448
6970
18965
19995
30712
24967
5269
31919
3908
19145
670
3934
12822
32248
4450
30821
3138
12268
14689
18709
14698
24330
19328
27279
10938
29218
9308
21452
5334
16024
10717
24800
31249
14786
18190
12159
9440
22930
23084
9408
9870
26741
18685
33
11825
20602
12130
8139
19420
8631
23600
23064
29718
22505
4156
4179
22411
9050
13237
24255
25346
14600
30135
3546
31631
28163
2588
10466
19210
8727
31126
23961
12479
15787
14331
2374
10855
18153
29919
5884
18776
21023
23144
4894
2040
20837
11870
6179
4983
1921
2434
30871
23998
8711
6433
19042
2978
16069
7912
14157
4958
24669
8954
14018
8000
5684
3136
5331
2210
23435
4864
27263
32540
29164
16818
27440
12280
15048
30735
11143
486
21598
9322
17756
14577
32222
10051
32001
5810
1743
5402
19399
19140
19886
19073
29636
18296
4568
1653
211
20169
7338
32494
23259
19346
1510
9141
19797
19198
5976
886
10248
10816
5050
1814
23831
19589
25814
30534
16446
27943
29930
89
19289
25124
14160
10322
3110
25294
9310
27458
8011
9924
11404
29137
23707
28960
26324
5658
6293
23538
32351
10940
7981
30702
9053
14381
19408
5217
821
9298
25250
17258
3038
30797
3850
28262
32396
14487
11120
3756
5520
846
13893
24187
16761
26832
6212
5680
16768
12936
8184
2492
6947
3080
22143
14934
13583
16984
4493
12397
6467
3470
26292
12769
8819
6303
25570
10354
6314
15221
12587
19577
308
6978
32712
26582
9659
9491
27232
17705
5808
5800
10887
8005
11501
2435
18309
9441
20120
13375
8792
25745
31562
22051
764
13557
25456
247
2793
27952
3826
13590
12510
412
22291
965
10717
22717
14233
11203
25462
27763
15149
25634
29513
2931
1796
18772
8135
20215
18879
8329
26168
6325
4496
25913
8706
11534
19871
21756
14632
15753
32428
28066
29201
30591
23285
4480
22155
27416
26970
17928
18447
24182
22463
16541
10567
24879
4274
13733
16589
13313
21581
7647
14646
22721
22622
26102
25167
24213
13254
15447
6054
15971
6431
28992
28748
23433
9378
7450
7130
31951
16711
265
4274
20889
26925
21953
28551
22370
17725
31899
16416
13157
28683
18152
27480
21661
24572
18309
5738
29168
15534
25264
17259
14504
9108
4121
23320
16162
8161
828
978
4042
22952
11759
27111
24647
16449
20791
23827
18674
13294
4192
26439
4237
29374
14925
16552
24626
19634
15628
17627
29577
25375
30637
19840
6462
30547
24149
5628
6066
3195
9358
3196
18929
24773
25057
13367
2277
449
25767
31987
13513
13
10012
13258
29407
1585
6837
28974
29542
22216
15796
10283
21447
30177
12025
15084
28943
420
13339
14465
16033
32313
26039
10207
29997
6373
30216
1064
11740
9846
17848
20013
15821
24802
15094
22322
26053
10283
3785
10481
10786
19077
1188
12001
26385
6075
16442
1207
29953
17359
11667
3629
29016
23777
12128
15363
32612
22609
1932
8772
5524
31528
11795
17355
10984
8628
2583
14085
22694
10867
16689
2041
17487
2099
4357
31621
26065
16246
26393
6122
32254
21275
10983
5771
20797
25659
28208
8945
31359
2386
30612
2835
27253
8351
23392
17620
26369
8653
5799
27854
7914
13010
24724
8782
9683
1048
9726
25759
27758
14298
25405
21900
2285
22738
20540
1312
25529
9233
4816
10928
7271
10798
27464
28444
15080
2978
3910
11345
255
21619
9933
17938
28664
15120
8090
32761
22168
18044
19128
29880
31568
8111
30799
4773
14005
4666
1469
16758
4661
41
4583
5448
16130
19757
19409
13031
31059
1275
3949
18761
11212
16623
17585
17499
26426
4341
13548
7425
644
27561
19034
27223
30431
27069
28150
6206
19520
20635
30607
26388
10775
12364
25630
6338
24634
6297
18007
28412
31775
10608
9598
24260
15951
649
15996
7472
1047
22088
23346
26990
31105
9190
13325
14341
10115
23756
4059
9053
12917
31039
5597
17794
23752
16450
1565
24357
8694
18104
19457
28644
32181
27082
7969
9163
13168
18568
9814
14874
10743
211
20755
18760
12150
13178
23289
1097
14756
5027
11685
25869
30268
1389
5325
24649
16305
4051
30859
1657
18974
9684
4600
13862
7291
2768
19965
17252
10775
22070
21094
14496
8258
23132
22840
5272
15434
29358
22085
10667
15786
32011
6909
595
18557
620
27783
28400
19513
21191
16401
8391
17049
6195
4452
30282
23259
9548
1979
23706
25900
729
23765
27210
4705
172
14921
5990
23527
19914
282
14003
10237
23500
12171
5177
32288
4485
22836
23807
24519
4325
25942
13334
6481
5149
1900
6360
7996
9732
9730
626
19351
14778
9162
21664
4026
25995
16109
4536
28212
17686
31391
28138
20741
18094
18166
10182
4110
26624
23292
18942
15301
9718
29955
14958
45
9180
30008
14937
13318
19906
1659
15350
26688
31265
18798
12587
2998
20161
13772
14232
30489
27865
9725
17879
29994
10361
16615
15874
6957
20261
13830
2422
1434
16834
32703
8663
19733
26039
8177
11093
18336
12620
2766
1069
27152
22357
13289
28018
23997
22037
29071
12557
7806
27997
10843
26883
13525
16372
261
19446
24678
9275
29307
8943
18094
26641
6707
19546
31217
3061
4287
28754
27764
14698
6306
18975
9197
30880
3426
11005
16696
26960
18654
6687
12363
744
29410
13812
5228
8168
28409
15017
17570
22668
23682
20975
27753
28843
23814
4094
9385
23775
5321
16858
6377
8934
6559
28885
3264
6472
17409
16213
21901
19002
5728
727
7272
32195
11961
16180
31833
12061
30314
26403
20679
29022
1092
1536
18483
1880
25825
14028
3878
12989
15672
3188
10087
32391
31598
20310
16242
2198
2544
13313
7718
3739
14526
28476
30398
16950
20746
19275
14594
10331
1793
8813
12734
2042
15849
25257
3956
11231
21100
32458
8014
31703
24371
28841
22102
12564
12215
12458
31465
10706
21844
18057
617
8251
4768
22359
30515
18568
4346
21695
31441
6762
5222
12686
14448
18856
8600
16243
23444
12809
19022
6658
24330
14964
5091
17151
18463
29526
11297
21466
8719
29764
24664
26742
19904
15586
2732
10030
31152
7427
27059
2586
22060
26641
5696
19854
22980
30640
2937
10212
10747
16798
30000
11900
31811
1245
14448
3072
808
21013
27221
27629
15307
29492
10529
16207
12178
30295
2957
16076
32286
24557
6749
19939
17277
18457
2103
9078
11937
26457
7093
23430
23569
22118
32697
22079
18655
1371
28161
2100
29146
11800
26619
8171
29444
17897
29146
9372
15175
12899
1001
29238
10339
17807
9759
13987
7979
17739
27124
21581
29681
492
13940
19937
14143
16424
6802
8019
15048
31284
6590
10274
25245
15401
9914
2781
5796
8108
16553
9702
26695
10958
26217
2422
16489
5681
21538
3809
10654
15981
16159
29979
2715
17585
989
9851
25835
8878
31330
3008
27620
13744
25808
4178
2010
1294
11322
15306
6546
18373
24502
1203
4601
28000
10676
16530
12822
11803
12174
21797
1854
26183
3936
3817
30599
16624
28697
16606
29311
30142
22482
4494
6685
7705
15455
6476
30711
26000
548
13754
4790
6524
23850
13966
30663
23520
18547
18325
3412
32148
1930
15352
16499
17315
26205
7870
25501
7153
11087
11410
20833
1313
28554
6854
10073
11701
20882
20377
11614
3703
13856
28597
15608
1048
2861
25852
15640
11288
16717
17028
1546
2277
28478
10720
16805
12615
21441
5538
7109
3835
10664
11549
22267
28831
561
1392
6530
29390
6546
29632
1653
1163
22997
21700
30528
2787
32742
28039
26965
26574
5867
18793
29728
26711
15827
14695
23356
24060
27442
22685
4327
26456
9036
14857
15539
11263
21615
9106
6783
4010
19847
31305
17830
8340
748
17390
17526
17699
5502
25014
26596
27851
20468
26699
21373
18480
3697
14613
16800
19594
17496
16568
22507
1614
5218
32478
8179
32523
12014
15158
30776
14993
27288
3005
4440
3929
19212
4156
19330
24097
27165
1809
2094
27863
30481
7987
17419
26808
16447
11121
3385
21433
31453
6906
10681
24870
15635
23330
546
1417
24147
1635
9365
15821
12781
1186
29682
20899
20446
180
22348
5413
24553
22305
32155
28089
6890
25128
2481
7737
30310
18179
14960
7761
11878
10348
25401
296
8582
25183
18599
12098
13129
13090
13694
30629
10415
30083
23518
15418
13066
20577
22205
15735
7437
32621
24468
18747
20006
6450
3159
20729
6158
30291
10667
11033
670
7700
1364
923
2532
23580
15596
16382
630
25466
25819
23136
6150
8933
7043
30694
6711
11848
23739
15966
2991
24958
10623
11555
10093
8281
22501
32065
20573
22506
8019
19674
7978
9468
13552
6601
596
17378
3160
20356
9346
11635
4244
27719
3353
1362
26953
367
12045
15731
8239
4900
23032
4826
15045
6970
16745
18342
7236
13145
3710
15951
17361
10844
12213
23084
15094
2296
23295
18744
18515
18846
30230
6933
14993
18338
22801
18769
24472
10652
7990
5353
31746
19215
31247
23819
22223
26952
15040
21280
11610
6025
1431
12298
9099
15975
25573
20138
1103
10865
10252
20390
26181
28178
22490
10857
2235
6841
4373
20331
31960
5430
7255
16306
28442
2408
8732
15769
9476
16661
13850
31440
784
25113
11473
26532
12011
22467
28514
1920
8673
27516
16804
28340
16278
20649
11893
19830
17656
10195
3662
11302
9073
15621
23579
15575
7265
1398
19529
26122
12491
8296
23072
27324
14671
24400
16211
21412
14936
6455
2517
32182
18582
19808
17391
29163
4527
22827
25232
27204
23857
17721
28132
10253
6604
28113
6183
32607
19134
2691
14012
15336
27022
22795
20857
17134
4093
28536
15430
5778
32314
31117
28390
7762
20821
25959
3860
22738
32246
17248
24786
23260
25423
23860
4350
16293
2639
18530
3622
28242
25880
30677
25501
22714
8884
4292
19150
5998
27395
1751
26321
1783
5880
17291
24124
19038
14597
23767
18236
22258
2516
7952
6628
27973
3384
28170
7364
9080
867
16768
32702
25784
31321
16565
6421
2569
5029
16732
30919
28738
21066
11701
17949
12121
1276
5626
7040
22241
8336
28921
21646
21457
7858
20482
621
25479
13526
2563
31327
14349
30577
8690
12951
12698
15720
27755
24908
20828
22472
14491
4619
18804
29113
92
9553
20035
11437
25505
28249
3300
19677
29461
25395
27385
2550
3583
4886
29611
22543
22377
22263
5612
15583
1665
28762
6143
1325
5695
2665
25659
28295
6216
20803
4876
6455
12051
5014
22074
22131
29514
8816
10606
9940
18547
25426
27634
32010
25807
18567
18360
6349
4226
9139
2462
3606
24565
1711
20208
19600
28025
9876
11310
15177
22061
29974
12560
15534
32289
25620
28104
11958
24507
1900
23943
15197
27226
2324
23106
3412
13370
9063
32182
15607
920
5564
5034
2431
29462
18237
372
12921
13664
3063
18110
1399
15376
16429
31626
29701
17871
11762
28532
17886
6077
28919
20023
15200
26132
19617
28019
13374
12296
10334
10158
11893
4849
9786
26776
12673
22699
1965
20115
31184
17725
21687
1394
30839
26554
31023
16001
31524
29285
19545
27078
4179
24088
14006
5255
31685
23783
27168
4365
20270
24576
24598
19367
31535
13525
4692
28913
27779
32126
8614
18773
2429
2136
24319
28115
9138
19187
27333
14846
12787
1067
24176
8007
26238
18836
13395
15742
30068
1052
25017
25750
8078
8171
22324
25513
21772
29582
23346
18747
1263
8789
29393
30915
27752
32249
19701
14696
31376
11138
25495
8712
7257
3944
18272
1662
1221
17657
18806
18981
17750
9466
30614
15256
19141
8081
7779
23996
4599
28003
17917
16897
10540
23545
23766
22500
20858
14696
1217
21945
21626
9009
13900
7847
25153
15462
11856
18932
2961
3854
22982
12162
11345
7371
13276
7578
23099
25274
19017
7145
11221
21659
23517
24520
27554
4914
17756
21953
2969
25068
12428
25678
27862
8134
14733
19427
20368
18283
32361
18479
32587
15004
19692
22176
3918
23765
25270
17957
15192
16686
29582
29751
16527
28543
27129
23322
17081
1223
5643
21856
4526
13007
15998
15024
25357
25354
18433
14789
21551
192
26322
5049
18521
11883
3727
7300
30518
27234
5194
9408
16260
26292
14043
12463
4621
6231
378
8318
2265
16770
15501
11723
32418
31575
24766
25190
14984
709
16465
27732
1030
19629
23220
29466
13093
9539
3672
21048
4335
24248
7360
23795
7207
21270
13528
3927
1591
15723
30599
20605
31850
11817
10887
10762
4443
7885
3445
6392
23214
26815
1316
23449
5885
9081
4407
24792
28693
11756
16367
15555
11619
26399
5185
17990
27305
23066
4652
16953
9973
24834
25929
16286
16340
901
21924
2339
11459
5241
32458
20463
3814
21183
32035
29594
26877
4462
1410
2941
5011
11053
6907
5421
16760
17633
22261
27714
10354
9097
30591
28509
8752
6501
10216
30313
22911
20062
14217
32288
22465
26530
13030
11473
1690
21135
4854
5217
31212
14034
30398
21905
5638
21456
6949
2174
26136
19781
1283
3694
14058
11050
4475
12489
18894
4317
24715
12646
13268
28540
19937
12296
15676
14225
27632
2345
21809
19957
13636
4598
28084
18414
26642
21914
21462
12955
16404
14271
22570
27026
659
8274
23418
16583
4294
5255
5049
1456
29786
24862
7481
7078
6738
14820
11294
14223
12305
29308
29203
32442
22197
13407
3131
3338
8359
22050
3434
9815
3440
14328
30870
5905
30671
18807
16264
2086
10760
7327
6615
18982
3198
10776
18455
23462
8836
10939
5966
12002
18801
10836
14503
29350
28146
14246
16747
25198
11173
21936
26412
25036
2787
4655
19524
26378
20701
25956
28798
30992
5610
16151
6674
17545
5663
25820
19159
3138
28705
1429
5556
30930
17975
9784
26711
2944
30115
19411
7466
14433
22579
1741
27011
27585
17427
17262
31772
32452
15845
929
24514
24397
4371
26105
30289
28447
16996
7667
8159
24131
4302
16763
25144
1193
30860
4017
9355
32530
27760
5356
21346
4908
14713
20479
215
7935
18600
15548
21765
6025
13072
26551
25278
23205
23597
28493
13436
22578
1654
5604
9625
22128
5685
18803
23490
21933
30359
17478
29865
22306
21759
11003
15354
2840
9888
19409
32145
10831
11339
25378
18410
32415
26757
2349
13016
24288
15325
11545
32378
8712
7037
16695
7787
19859
5630
31880
1338
808
6785
21887
17434
29049
13819
6663
21210
19563
15056
18632
5143
4215
1700
4006
27056
5455
23149
5003
28026
13253
30925
25959
8757
745
32416
18549
12479
28786
10705
11711
1416
14432
625
2276
25158
32735
6666
25113
14314
5997
21808
18798
23762
10303
29530
3923
29504
20705
18672
26202
5131
29982
24485
21054
4500
17695
28935
2085
26364
16343
28500
9250
10132
13470
4240
22526
661
2075
4052
30520
12050
16488
6377
1098
21546
7281
4630
9006
16770
15005
14389
5409
3059
4785
16652
8615
25215
18161
30683
4303
12170
4232
2098
6840
23110
19241
27397
28756
15472
25591
10754
16748
8250
12194
27938
25572
23176
27603
1663
65
21854
28619
28773
26472
7833
20551
29099
30120
20190
31398
23620
9979
23761
2893
6673
16521
12423
25419
31737
13166
2877
16697
32572
7357
5962
24932
32004
1733
13394
26927
30782
20371
21437
8626
32167
22712
31079
17831
18986
25676
13465
26247
11113
17202
9529
11504
20122
14494
24893
30794
29076
14037
20069
8618
10793
22836
17450
26102
14263
16244
2546
15179
4858
11820
1413
5531
12324
6295
11716
24219
10032
30616
5529
9436
13939
4603
9002
17975
21364
6654
18258
6511
15869
17424
18769
23314
18802
15064
31426
24992
20578
5241
26574
23791
1628
11541
22432
9422
7172
2704
12568
23273
26981
11670
6084
25581
4745
29663
21772
31724
23111
28593
25004
27138
5981
22695
9064
5945
32703
31154
13050
3242
15918
16477
15952
7397
1547
20821
23284
15507
6510
17960
23756
20058
30067
30797
1283
26113
6356
32101
7495
18133
6333
14528
21301
8523
30683
9763
26641
21478
29623
16840
2235
13147
15426
12711
25054
7668
18864
5108
17515
24114
17546
5865
28230
8374
13311
15813
19263
353
26236
30485
16963
29627
18556
26674
25299
2705
7584
4619
1718
25315
20482
13092
15339
13821
18887
2783
2786
22243
3315
25083
27884
7922
32129
31834
1775
3525
4532
22535
31838
8278
23720
23927
28264
9061
10028
25871
31600
1310
2772
13799
21182
27126
17225
25038
12404
2262
10724
8846
21955
4731
3963
7281
20830
10269
26747
10755
11311
9550
32567
5402
20042
16678
8320
24852
12319
19101
30326
2656
11251
1080
1437
24384
913
25320
52
21964
28220
13359
25538
827
17129
28548
5361
6238
4779
14073
28063
1901
18287
19227
28979
14086
6889
30233
6957
26227
31182
12841
31746
10028
10052
3880
6182
3996
13463
7040
15722
2856
8493
21583
17032
27502
14012
24774
25852
7882
30138
7375
14614
12319
9749
14066
24654
29652
24613
25977
31191
1564
8671
30418
375
32379
17483
16694
4245
31878
25912
13704
13716
29162
6446
6528
21855
19887
31140
11528
19269
27838
25459
16102
15112
29601
31115
29852
18736
30091
16356
18828
11685
3224
25272
2400
21629
18261
32240
18857
275
3971
30940
9926
10073
28184
18982
18440
28527
20615
14345
28436
6004
13121
26814
5768
10140
21884
22327
25569
11394
23091
16
28828
27584
31342
23235
11931
18110
11459
29467
27595
16327
26141
14059
14596
21858
22460
19455
14384
10207
20093
595
5552
7472
5980
13955
12539
30458
3383
14467
14472
3820
13269
2704
15599
11600
1062
3174
32587
11743
19916
26292
32482
26330
20955
19149
2568
1622
31453
23200
22080
23000
22042
19690
25509
13345
12822
8618
12168
25931
1626
31446
31323
30997
2167
27980
9421
12156
4681
24075
26679
25483
15737
16291
28215
21619
22597
17386
2970
1246
6020
22001
8832
9345
10724
28726
28602
14320
4215
8987
18295
29367
24686
24471
1312
30630
21028
23084
12928
29548
16734
6681
10792
17768
721
2256
14610
10939
13028
5546
900
8098
25016
16858
12599
27395
16485
10400
9401
2117
13191
22463
16912
25445
28410
3120
2208
6982
32481
10008
1103
15945
25069
28408
23014
13598
6364
28963
29370
20442
20287
6006
2957
10569
385
17987
10927
21637
17445
5774
16744
2247
4175
124
31899
16254
14726
2568
2211
30878
28856
19960
19585
6459
30846
28431
24633
6230
28322
19333
17017
28151
20191
1204
4476
30844
4839
12052
19246
19504
5035
15977
22673
8479
4054
571
26719
21289
31642
18055
23793
10326
32176
27828
20831
20841
15770
4296
31209
22712
26412
3804
25493
29498
1866
31950
22298
26594
9715
27701
25341
299
16767
2202
20730
15605
3876
26085
2725
11919
9407
4885
12625
18197
28625
17716
27953
30716
7624
11914
14269
25579
22913
22034
9559
4556
522
810
29231
22052
16044
4494
22116
26271
5161
16775
25964
19440
24386
22624
31925
9687
22652
9498
1420
30083
1316
15713
3647
25115
14737
1726
32382
11160
4265
24589
27399
16341
31911
32562
19587
9705
21787
22280
7594
13236
1585
6554
9390
16824
17719
10902
27607
20778
28250
5630
11626
22601
28592
24353
14032
10479
25980
15306
1780
9574
19373
4023
11245
14204
26791
15436
9181
15834
21830
6281
17689
25489
17952
9530
29066
5622
31243
20845
6483
3248
29152
25385
20659
6159
21886
22621
32045
10656
10769
21527
24039
19198
15764
27638
29521
30442
27540
27106
2566
2206
7991
22010
27895
13663
13950
23758
710
17490
10951
26063
23152
30864
8854
28164
27439
24956
20628
31486
2975
1365
17368
14861
25631
6663
3430
8116
24698
16455
24309
7003
25799
29918
1782
13124
18829
11333
28113
7360
25387
19571
30834
9379
6263
30963
29700
31733
19622
25913
28412
15594
8300
8502
9050
15380
20067
5162
22059
31192
9905
6586
20563
18463
28134
30018
21641
30797
8995
3948
13987
9591
29057
12802
30740
28369
20656
13824
3507
13925
6367
22510
12990
14347
3548
9836
27934
3221
9597
16143
9964
27978
3390
19819
309
19350
13099
113
17402
4351
22017
27132
3963
7003
24720
31910
12982
18752
5219
7136
19242
10941
18339
29250
4576
10823
14905
543
31148
16886
17971
9309
689
4338
28521
27011
26403
25896
5728
4372
1361
3393
21102
2844
10978
1748
14111
14344
9566
23770
2264
23226
15345
19043
9402
28893
30316
30088
8137
25974
21901
22177
24910
20924
24704
8120
15482
16426
11173
14397
19787
9682
15508
8442
7348
1524
28511
21578
20472
29647
16663
30342
26455
26295
9105
27329
20460
5224
15977
8117
19670
17818
16712
10492
31638
22742
11107
30852
30648
26503
11332
19517
25014
16724
461
9236
19737
12717
30586
21541
23009
17316
27366
1836
32039
30719
31121
17725
15617
8587
15328
21174
25510
23475
12645
31601
28114
20304
16993
7742
14444
14787
31367
3216
12647
27202
24835
4726
4070
10607
4539
15053
22435
16175
31701
9141
11153
2745
27001
30529
13248
24813
13528
23667
6785
9448
20077
29799
25804
20181
30850
14286
10718
21765
23543
18590
28198
11075
23103
3080
9570
19553
16555
8363
8198
535
16619
1287
26589
24334
21202
564
20466
7991
25433
11987
15281
25185
29927
7750
24906
29963
5327
4124
2902
7030
18970
13263
7613
4863
24968
21682
25047
15788
15057
549
24017
11269
31536
2059
15187
31013
18722
19326
351
11536
30060
24513
9597
6471
13659
26485
14357
25498
21071
5648
12316
13118
29307
25996
6642
13343
24294
21596
11659
25719
27317
16292
4046
24736
24493
11689
17210
8487
5108
7303
3023
24353
3351
10530
18988
4802
21585
8798
4597
16427
24587
23699
32631
1668
13983
22843
4239
9547
11873
5870
1223
27627
28384
7569
2243
18321
5993
6858
12508
25403
11981
8886
1802
3602
16484
26847
12295
23545
19026
1384
27569
13414
24841
6795
29873
17264
11280
28230
858
298
8194
19536
30675
17200
6617
17490
28537
3199
16236
6228
18815
3978
18743
28533
24279
5770
6491
8416
29014
17941
17381
11003
5651
28146
27731
10978
7952
23596
7253
26643
18460
26213
30672
18539
10999
7533
29224
16465
16056
24339
26815
4913
26220
14907
18105
30764
21248
22833
5635
30477
15457
26173
8595
4479
13793
7800
3313
3198
8669
1757
1270
28172
2204
30627
28115
805
22139
29131
12886
500
17735
29429
6249
7239
29931
15223
16092
5697
30539
15024
10340
13646
21359
5530
30691
7004
17380
31647
16873
25161
13407
15790
6011
2967
17060
23437
11796
6247
18086
31601
18666
23973
9712
32716
18290
26752
30275
12134
32038
1821
13185
9135
13958
18828
3273
29012
3933
3835
3300
16144
32325
29481
8672
16069
14701
12318
18426
15563
22682
18458
23490
14727
22636
3019
22393
16704
25315
20674
32702
30255
289
27688
17258
213
6770
17837
21176
23186
25737
5826
12713
9842
10509
10760
18854
3146
1108
12040
15975
18948
366
30244
2581
28471
14181
10445
9387
30459
19395
20983
15010
13307
32341
19146
14029
17099
8751
24475
9090
30332
10224
16666
9978
29550
7495
5581
7930
27750
17846
16317
8115
13792
12438
10863
23016
9127
28764
13589
11342
25762
22298
3334
25656
20721
23625
3180
29043
24121
4037
28988
4463
11835
15897
108
13728
27564
10749
26976
10532
26944
32541
32165
14758
14089
25116
4321
26498
8703
16857
5386
24874
20960
19953
18135
19912
31034
13957
32372
11045
19397
6461
30842
17097
12023
16268
11038
31332
22739
4662
31657
876
20738
26128
26664
11784
2084
1543
31076
25389
31080
7780
4372
2566
2650
27983
26706
23706
7421
23697
21068
28585
2074
26782
5948
29142
27095
30930
31642
26124
2187
3323
18319
23834
13777
25624
25262
29344
26588
96
22495
4399
32010
11398
21915
16812
23995
26172
32351
2549
28771
20982
7514
7879
5086
7152
4969
27872
5124
27250
4166
15712
19582
17747
27645
31093
28120
5820
13471
20791
6358
10542
17465
18897
17420
18118
29447
30434
8105
24000
14822
25379
27540
20027
22792
27721
29626
17723
22251
5677
9894
18676
27532
6442
31314
23110
11224
12230
4924
20356
2403
26517
25021
19577
31324
31067
10646
31661
24001
27761
10188
27876
28623
2410
19127
15592
25277
24565
12373
27272
28585
25605
24292
31969
29651
26160
27567
24284
28169
27477
1064
5112
28770
10114
3383
10826
23087
8213
19666
3522
28207
14625
20942
8367
6402
12819
3572
15749
31712
21909
22104
1502
3979
24754
15846
8896
29570
25915
32318
23070
15736
11114
25282
7585
23812
22214
27116
30376
26522
21062
4326
29581
24762
18361
32084
31274
21095
9829
31092
9115
18907
31983
30314
1350
3193
10875
2261
2841
6403
11027
5030
18195
18701
845
5426
23046
9906
3880
19078
22939
19077
14392
7418
22422
21962
22275
3593
28251
23783
17322
5471
30385
22037
22988
9524
19143
24667
29607
18649
14965
30397
8320
4496
5315
25521
6725
17825
27311
2258
15986
1450
28459
20184
3633
23607
6246
20936
31173
27538
26188
7528
31528
11741
29264
3574
17395
31581
11369
10521
639
19225
26970
792
586
24996
9783
1098
11164
25143
9509
8910
9834
30210
18273
25723
9338
32196
18564
15642
5832
410
16133
7379
21033
21268
1535
17126
26414
5518
29748
10396
12619
8382
1107
6268
24888
29065
21110
17857
1688
7451
4847
30732
23769
31286
26180
8023
24411
29898
11896
25642
26836
16327
18828
2065
25075
22831
21830
10829
17219
5231
24625
17610
28243
7919
11237
30033
8724
13032
25736
26367
3714
27766
29077
28662
19334
29934
17372
14162
14107
30833
17611
30559
32433
6593
19179
12297
22478
22612
14253
23955
11259
7335
8807
1932
15326
24277
13466
15359
32164
7016
7030
19179
15010
2671
12960
22002
12347
19665
19506
2133
14340
992
14852
2848
15142
1841
31786
2466
29956
11436
14525
23072
18718
22239
24799
7883
12341
15767
9977
29422
177
9394
10823
30828
5695
29999
31639
22890
7358
27783
24397
4681
604
22080
28843
6103
21756
959
2639
11718
3804
30302
6141
349
5748
28606
13727
23661
30113
23647
16266
1159
3074
19565
14339
6764
16546
28381
9730
3525
30424
17081
20790
30996
19052
29368
32584
31211
22267
3858
5732
22876
3741
6546
18678
6320
25540
6125
11953
13915
19048
8274
28374
16176
21601
5186
24499
32722
27924
32162
16234
27243
30801
16911
27123
1184
22652
8305
12388
29124
8171
11475
13680
27979
29072
15986
29486
18818
21720
1043
19996
18046
210
12954
22884
21842
25236
473
12382
7046
25307
27558
2389
19140
12017
24880
25998
8403
2260
27283
646
9162
25236
25769
28796
28285
18685
20771
29231
8508
24950
27865
2537
19133
32553
95
22460
23894
4964
7897
11532
1135
32063
18192
31054
28216
31872
6853
29710
23959
19387
8261
10295
6245
9662
16957
17551
1497
14892
464
21889
4420
21863
3815
19487
9471
16307
15048
30311
20898
6041
30955
19653
30071
11146
25096
14554
30767
5829
28021
14716
28371
9595
21679
2046
15357
17456
21815
8881
71
32356
17567
24746
28420
20595
10980
29382
23342
20666
22270
30188
4256
29691
8630
31378
19845
28930
21176
9603
28689
1929
23529
19935
11375
11866
24314
15459
24314
27827
12606
28650
20143
25326
20920
2868
29666
18017
1401
20455
5937
21636
3625
19155
23735
337
12003
5498
3970
25841
29510
20688
16710
11412
27848
15679
4690
4769
23118
5102
13764
8719
28154
1347
1529
18706
9540
167
15688
32507
26445
10633
9968
345
23919
7589
23630
27749
14873
28806
25172
12957
25050
73
15158
14254
10939
1957
16486
4759
9682
4392
22723
15116
10004
12227
24334
9752
32619
8329
19613
5639
7433
14772
31827
8579
1531
19177
6607
13821
24833
21181
4324
6479
157
11639
4425
11935
9322
8471
31378
646
25775
27288
17503
25201
31796
12403
14036
840
25684
32356
1865
31566
30548
11888
11586
4937
3315
25383
929
13026
17730
30503
2586
27726
30134
1505
23272
27438
27772
29088
10430
19124
32268
2759
22785
5896
4353
15449
3636
32234
7208
25023
14004
29336
19159
10694
29605
18674
15232
10984
27692
3036
3205
3276
24798
4836
11086
27408
4985
6949
6554
21829
22226
26474
7442
4155
23311
11159
3364
31871
2582
18245
13070
17955
2118
5037
28729
16829
11620
18631
7881
6834
2520
15795
24690
14005
19481
2135
20365
29322
6758
16458
18027
7184
13495
26864
12521
19838
29427
18151
7236
3565
29539
9378
31023
23319
3431
19028
17443
94
23655
11536
2039
24336
30477
6446
28336
3049
9905
23536
21658
26073
13077
12390
4504
2568
5715
29582
27832
18712
11539
25536
28170
426
14081
28489
691
1059
15231
22103
10045
25520
9878
9237
3121
22663
12851
17174
26856
6000
28560
12535
28830
17028
1264
5440
7624
22325
29583
16268
18343
15759
31193
20714
13854
23742
26074
5250
10177
22735
27638
19324
32302
23995
21978
28701
1184
7073
7602
13363
1217
22611
18844
16052
7616
14868
7005
27810
4516
12192
26708
6449
31968
6509
11692
12588
11303
6193
13525
5525
1153
9380
23604
4492
12703
21639
22553
26481
3691
28901
32754
14669
31716
16793
31679
20590
6697
12816
26054
2130
6099
13136
13448
24775
2952
32569
243
31567
3022
8459
31961
1993
31004
26409
11681
25678
11831
8733
16189
29786
2748
21723
860
29484
3064
14922
28896
17775
26624
17408
14226
3609
24318
30285
15380
2708
14026
17788
4120
31260
5306
22613
15056
5224
10682
21479
26021
21388
25759
5252
16684
5406
7864
30732
13910
22167
30374
7535
14311
4349
19822
15725
18473
30655
6605
160
1761
7905
1484
30397
23426
19544
2707
4887
4001
30904
32386
21092
28073
17164
18814
28100
14288
23557
13193
16127
2889
11352
406
14862
955
14945
21659
8158
13043
4876
32487
20048
16598
14837
17334
20868
18329
25806
13571
6743
16436
1538
9117
32298
4883
27287
21885
25574
8463
28505
30295
16956
22686
4405
30319
21298
11078
23779
19374
8411
30552
456
18677
20325
14810
3098
32689
18522
7365
2629
24496
11039
13681
8589
2355
9921
1869
22005
1348
8432
7891
2400
22601
20044
22715
30199
8922
8160
10607
10186
17616
10732
30912
14778
13982
26600
26071
22934
3301
453
1902
22404
23106
30326
31808
17571
25451
20399
24509
25838
22906
17133
30467
30820
3720
25526
10762
8038
22654
19234
7454
24160
5672
22682
32403
1195
2699
28640
23732
31410
633
22607
6140
15188
30818
8549
17801
31882
10861
12414
5581
19274
22215
23522
4999
7851
4667
14082
20209
9801
27908
29695
18747
22507
23007
32364
13369
99
2916
13141
23129
23478
15253
23168
17111
30845
4536
17650
26164
27275
6754
13493
1764
4304
1493
29145
583
29309
8331
12473
11738
30569
14867
11648
5295
32692
28188
8427
10522
7850
976
29264
16046
31978
22371
19167
24679
9671
491
28200
22313
17390
13170
31709
29801
4425
29513
32473
29994
32292
15008
28002
4396
21391
7508
32427
2656
21763
29960
31133
20638
9544
17015
24791
3482
29333
14600
8180
11541
11770
10404
7692
13648
20987
14788
22909
966
31870
12238
28907
16922
24551
9633
15749
10063
20353
30830
25226
22839
27424
21707
30220
558
11780
6658
9973
28424
25857
1967
1095
18759
20445
27018
18856
16785
29178
13697
21789
15970
22068
20490
10774
25343
18957
27319
9643
683
21512
12554
18469
21532
26962
14220
14272
31024
9895
24857
24751
11997
4212
11902
22113
14694
7737
11334
23043
24789
5426
29392
10822
4517
30262
27813
98
30143
735
22281
24155
6568
7659
12496
4738
29176
2786
2931
5184
21774
20729
29283
7695
15618
17719
23709
10441
26075
32726
23679
11301
7170
16620
474
18558
20215
2123
8776
15831
15427
25765
31680
21533
18094
15860
25959
6315
19889
7960
681
5396
6446
17090
11401
25372
11615
26514
1333
16903
6925
12156
27102
4375
8194
3696
14022
21328
11200
3130
4507
8318
7283
23975
11779
10105
18469
6377
16504
9640
9777
2364
4950
30660
11514
26058
29234
10206
14300
28620
24430
7332
2403
15347
18442
19936
15803
11014
10685
8769
16744
21964
24389
23134
8247
28716
1787
11512
16501
26515
14250
30847
24158
16534
30625
11736
23512
30681
10759
22622
14434
27183
26223
26407
17735
2050
28332
7048
27159
22518
14055
16603
3415
3273
13295
4479
30072
12926
25551
27937
13830
14010
17574
17466
32034
20590
11699
23769
21810
2742
16048
21667
11991
30465
22881
1048
18208
19059
22892
10008
15869
27271
32363
28325
28918
11513
15424
24554
28188
20195
26024
9340
4928
26406
25876
12257
11620
22539
30644
24143
11375
1066
7892
28853
16165
19083
15211
2560
27477
3596
2033
4503
30292
19458
25714
7975
12715
1571
10465
21414
13
932
29102
17298
9868
11678
6810
22138
15884
2742
23499
16320
22775
7677
15643
29853
12594
11541
21430
17253
29264
12694
32228
28685
29702
31151
4387
31210
30943
15377
11897
28347
17713
8968
12552
28394
8784
4843
27363
18191
8705
12215
9248
17078
13874
26103
4143
7266
28904
31463
11626
11986
120
26584
17132
19330
15354
1238
28839
23157
21499
18057
1457
10034
31602
4953
4319
32525
7413
29653
24469
1191
28717
8790
24284
23736
904
15839
4789
6156
3629
9288
6062
32460
7733
14236
25266
8447
30488
4799
13093
20560
13413
29012
27441
26386
1207
20189
16986
129
4324
292
1625
1611
25463
20955
24103
14159
25697
23423
17240
2980
15595
11650
9642
6621
14319
31656
27870
24971
29256
23730
19654
7940
28551
23610
8096
3171
26343
25566
15010
13264
23684
16288
28886
14082
23239
16781
14376
12289
24613
18589
9406
3889
21769
11995
11911
6796
7694
25285
29975
29231
7794
12278
30130
15896
16072
31490
26534
26926
19436
29858
13022
3457
16956
2065
13493
30164
22789
2229
18184
22617
25148
25346
15759
11963
21103
21660
19821
20321
1274
28603
4869
11250
4222
28116
10768
22804
16271
5494
3052
17274
429
14194
10295
13853
26742
1854
27549
5577
1305
21147
10478
30172
14862
23670
6260
27211
21765
24332
24963
15077
1308
31058
25169
23516
340
2964
10760
20353
29510
18268
22810
21839
31250
30357
23509
2603
22937
15856
13111
24042
10732
24199
16387
532
6915
15041
17428
13799
8371
8821
3570
5023
6874
10834
675
17141
19933
4734
31172
13542
16212
125
8152
19637
19203
4181
21215
6707
1037
239
11563
2366
13924
32705
12911
10888
7300
22442
21273
31130
7521
1821
14817
17432
9885
386
6050
5702
30463
8153
24937
20683
27937
1185
13516
19381
11880
30456
22142
10942
14905
30979
32544
18125
15722
7568
27225
20672
14839
24826
23592
4457
22263
2381
4217
27350
27854
20907
18679
32470
8611
25839
27938
7864
10773
27535
28833
26710
553
12487
29657
13395
12935
8948
21182
14752
30183
13118
5609
2629
21190
22649
31212
19806
32093
14669
226
23139
5587
16789
16970
6573
5810
9990
27925
20022
1944
8465
12285
11425
18479
22538
31769
25466
1886
20361
21934
30910
15041
20497
10057
8350
10839
5103
19210
29056
25723
15205
15939
6471
11798
19464
13122
30676
17170
16231
30058
17100
31506
25837
21385
5788
9824
6921
1125
6331
14118
9099
14744
3887
2786
5970
21662
4435
26644
15652
29229
13783
1081
18397
16324
25096
9725
16332
20359
7762
14253
7002
24138
5123
24043
19180
16364
6225
26277
15371
26086
26783
9288
6083
13347
31740
2352
16456
6163
3565
5988
20960
5627
18028
30848
11004
16527
9008
20978
16296
20162
1583
10601
15398
17373
3426
28043
15062
24014
6088
30439
4442
15811
7085
5418
30966
32504
12844
31893
5693
12237
31731
10158
9194
24860
17222
310
17676
16329
32583
27228
16998
27803
7284
28976
14101
1610
11889
19290
28787
6617
28424
26892
1340
27941
11886
13365
26607
22463
6343
20472
30839
7671
29933
27740
22795
569
16493
581
2643
157
19667
2979
4812
26809
16936
3049
13677
18874
10936
31937
31627
25779
27673
29437
5626
6452
20840
4049
22901
31
2774
4672
23103
10423
18019
7381
27403
11258
17898
915
794
2609
5726
13870
20387
1733
19539
6780
29815
30292
27072
27430
16357
13060
20739
28323
21979
11031
26917
6759
5711
15808
22368
30295
17117
23093
29150
21633
10162
5382
20420
12554
19368
10157
6767
20071
27570
3686
1021
25040
17787
14401
1808
25586
30026
32117
21454
23013
27433
20471
3629
10845
15174
23115
16749
21284
19865
155
11494
4808
12487
30726
19971
23185
5191
26682
19343
7349
11715
19269
9775
19151
3521
32680
21040
6286
10114
16557
7811
22186
4138
30971
3334
31261
14626
9064
6
9103
10683
11790
24833
15122
31764
5025
9392
29711
8509
7936
20548
19840
12444
3337
25585
25184
18064
178
20137
7776
13909
32085
20266
10972
4904
23372
26170
10253
21675
27326
15921
1664
6794
14520
11193
5319
21343
10880
11218
5486
19155
25382
793
28977
25350
10075
25161
22891
32050
13190
13314
28370
21899
14357
30665
16482
22121
28689
20049
13975
9896
1526
6904
16095
30543
15041
24213
19279
21617
842
12145
31381
32081
4052
29331
31790
1993
29155
14913
1241
21229
21582
28099
26443
3307
31124
7786
9508
20534
29811
11729
3106
7139
20151
10595
13204
11091
4689
32541
28178
28946
26792
28565
876
14591
17460
24892
18144
13741
18504
30944
23952
32010
25391
7029
18739
14398
20091
15636
2826
2774
27034
8516
29461
29986
8874
28793
28552
13787
24974
18138
28793
28425
10562
8263
13275
4644
25451
17819
3503
22394
2611
7982
121
17616
9299
4255
14833
1868
18289
16848
18428
9363
5293
31025
6618
18222
25463
27458
8609
10802
3747
9043
10730
26656
6079
27022
13258
12554
5284
19000
28932
11255
6987
8756
11900
1929
8162
21705
17135
32221
31007
3749
21986
20403
32469
14881
4824
31439
30405
2246
7368
12191
17334
13840
21966
18973
2760
26483
20257
20983
17157
19868
30021
17901
25401
27385
19586
13947
8707
9083
20884
29625
31789
31131
21156
21119
30009
7323
21623
19660
17980
11278
22502
361
28400
21658
5006
22217
23812
10749
30152
17716
7606
25166
732
3109
19876
22149
25457
22256
15071
27710
14152
5287
27970
19642
42
1855
2306
3367
14623
19951
16261
11297
28129
28377
17016
2168
26256
9196
27932
13620
15271
28425
6112
20182
26159
14692
18997
13793
8243
558
16030
21145
10611
24689
27910
17931
17500
23611
3927
11341
32568
25342
21576
21511
7587
23351
13431
3890
13886
6990
7607
288
22695
18365
26795
3517
20392
23669
19604
19988
21422
25981
17767
11797
16765
10973
8227
6037
10531
21434
8545
20118
18730
17602
31276
25289
18962
15819
32532
23121
19967
31414
21886
31178
10414
23450
2878
19850
21421
22559
19560
22566
29388
16935
11106
2616
31951
7092
12094
26464
23653
1030
7239
31881
7518
3
10970
2926
31256
8668
8312
3932
23866
21486
32536
32569
11173
19174
16066
28869
27304
25385
17753
288
5747
28019
4281
9869
15567
11965
18178
20341
12300
5989
8498
29359
26170
30089
25594
29950
22684
9907
23242
2011
30553
3260
2351
25973
1397
18922
1630
3575
28928
2140
14097
27145
31629
20648
22929
30361
18150
13250
6164
24027
6654
19488
5450
8590
29223
23067
10035
14978
13445
32665
13363
20823
5059
24297
26216
29831
32260
8430
10555
28583
10013
9856
9525
10217
769
26895
11797
8678
17532
20105
22303
5274
13349
29822
8630
11696
29582
13955
31277
27392
189
29652
30427
11607
3552
22589
3437
26742
316
11322
12928
5213
12647
28765
6000
17353
12727
18416
31338
1019
17146
30428
15561
27067
15463
30409
13215
28573
213
26503
26257
2435
21547
24236
12521
4451
9496
23167
30950
29002
7940
23573
29014
11937
6214
27834
6503
15024
12439
4755
28347
11360
13254
30849
1466
18245
5294
19783
31788
29659
5222
7664
31239
3344
27063
12139
13445
9987
31955
7033
10106
13068
2883
13513
30949
9468
18466
30304
15045
32166
19593
575
32558
24222
27722
29504
29339
2880
17121
1602
28806
31476
3239
24197
17974
24753
8265
26967
6105
19392
7289
9457
7122
17859
7651
20124
8276
4597
4451
15384
3888
29107
30325
25661
25579
4668
9709
23267
18452
1973
28904
17408
18900
31088
11266
528
24775
25453
31433
9146
13578
4385
28530
21680
23702
13687
21195
21975
716
17429
10353
16552
11856
28640
17219
6614
6427
29378
32278
30512
20172
683
27819
15562
1343
6101
6366
13655
25441
26701
8223
2522
10819
15535
17702
23678
29805
560
18915
2753
32628
15842
9652
23256
13263
17716
27611
6223
24294
24504
30255
25585
21356
13866
10257
15079
25583
12973
23970
31012
27565
13911
23348
23296
22954
18416
20734
16930
29183
8183
18195
16804
14709
13798
1429
13682
16210
12984
19749
26867
14707
27815
29599
4332
9883
20538
14596
7329
27403
23167
26808
8765
6995
2197
6894
27251
26983
24686
10848
24422
26613
30419
12867
25286
6134
5801
10362
20284
29828
28018
26634
10505
28907
24855
16334
16874
7426
29412
22892
21566
25532
21460
3207
22890
6138
3599
29238
8061
17315
26545
19637
25104
27895
25293
5979
27249
17952
32434
21196
31488
31498
7788
24944
2520
4469
14478
2084
3762
3913
13359
26415
26631
23337
5939
32631
7029
2890
27084
6133
30052
5766
29503
5990
19433
7084
13292
9795
26859
13083
16521
11508
24452
32399
25262
577
20649
27450
8854
24073
25358
23063
7716
25654
29252
8827
20772
23536
14628
8941
13012
26385
31601
21559
19618
19929
29369
4797
11832
13028
636
4622
25270
17240
30609
11961
19262
14179
22212
4706
694
14053
32452
24084
11977
30313
8509
20185
25135
8282
22337
4232
29743
24180
21740
13023
29026
6008
72
29905
2489
13604
28526
23073
8129
1634
4590
16176
23846
4544
2417
24340
28791
27680
30109
32745
22568
26544
14137
14700
24285
12061
28306
2502
11494
8452
14621
11429
4869
32682
29277
26769
29304
18668
31751
18046
26163
19065
20837
26525
4462
17982
27128
28024
14175
15138
12129
10302
73
9716
2690
32603
4021
20129
19424
18508
20479
30123
29515
32690
5909
30166
6850
6309
2172
11813
2193
22090
22676
18436
11452
25512
21788
11719
3488
7607
22264
17747
26584
17338
306
17179
1374
463
28992
10575
4082
2501
17541
18255
25280
11821
5914
19814
7997
13236
24525
18613
2386
19632
19818
7021
28348
29432
2362
17730
7603
5113
714
4124
11977
17158
10477
29967
9750
26096
13316
19853
12178
4055
25981
9434
31426
32319
24730
15809
31127
27750
116
8326
1683
12502
20287
17691
13869
22838
719
11670
22391
14437
8795
1251
26622
6858
14722
5558
32497
5349
15499
11716
29574
8234
497
16691
17050
31248
29983
25167
30616
31077
26232
24958
7323
19940
7322
10614
30167
24073
2788
11181
3125
14116
20790
28945
19261
17325
26871
8954
13881
15319
9053
8285
30871
1127
23784
29506
21904
28615
2608
14968
15111
5462
481
23431
31668
13059
10244
4326
29825
19738
24192
10350
8500
93
24288
1551
25679
14935
24918
16066
1588
19437
13568
24510
12173
2614
11627
13807
25323
29069
2390
10660
14765
32484
14008
648
26660
13147
6148
10195
19701
30225
11947
12481
4030
18489
20194
22852
4860
32625
16551
12021
15660
31312
29182
2641
23856
830
7809
10274
11765
21897
4119
30523
15699
30901
23812
28264
14900
26131
18210
32421
28153
11413
8301
30094
25881
1760
22725
25623
2827
6051
6384
23933
15719
16423
3807
8829
6728
17704
20274
3267
3572
13796
28670
20133
25535
18801
16589
23313
24108
9811
17382
2500
6742
18510
19663
19389
17038
30841
26641
1010
21574
2964
28731
22593
32046
23195
29737
3753
21404
10651
21126
19130
28209
28869
11920
16202
7866
15297
8731
10346
21588
4933
20697
8601
26836
9445
16600
11319
23909
7469
7244
31292
19059
26605
16527
20777
1736
19156
15974
6463
18933
3648
12166
27887
19956
10325
1367
15507
13323
7757
13559
23131
12531
4110
25730
650
17466
8706
32145
13282
32486
14627
18688
27740
7515
15701
30709
7709
30847
22009
15901
28838
4635
21695
24889
8779
16517
17083
25050
7654
15740
17340
8552
6348
7251
17369
10601
19712
27474
9036
30720
9127
1113
21636
30132
25532
20678
8309
30835
14597
1177
1331
30679
10054
5334
25279
22184
15796
27947
27168
26017
7852
10451
694
887
12197
21178
6604
32279
1380
28898
4204
6447
24687
24325
15223
24049
19907
15484
10741
6164
16329
29023
9641
9243
13191
3822
8680
29401
13843
3887
3244
26165
24142
14297
13797
27435
3790
9329
16655
29971
5148
15283
21769
15910
29472
5171
32293
28990
31705
3140
30332
8413
29778
6425
18564
12145
28625
4394
32740
3286
9809
30169
23686
27933
24626
86
15342
23692
18992
30144
11467
21733
17810
1677
24780
14316
2211
15659
28853
21283
9062
16359
9906
20696
15494
27151
17131
14945
6796
83
28248
28583
19796
1137
20439
14305
3010
27666
30588
20386
6577
16110
5160
6166
18988
24631
10077
19336
29153
1845
11088
23336
24018
11054
24384
23052
8782
26248
11783
6516
22048
5425
25327
23122
3590
12863
8390
14346
11365
14548
20277
12406
22842
3141
29261
27949
13908
11131
8291
12805
9153
13209
2590
5334
10374
30174
18638
25217
21395
9422
26367
21809
10485
23692
22351
32737
28494
2699
19836
4895
29058
30821
11713
24335
2228
32267
1635
14002
625
7967
18311
6248
14122
6046
11590
16308
25832
7106
4099
1088
8763
20263
3836
10785
32115
14124
18720
1883
7187
11420
6177
8872
28291
4238
457
12149
19461
18569
21393
2862
2794
17900
7280
8123
26886
7309
30961
20299
22625
27809
25992
19792
1071
9180
2854
2250
8707
23001
14859
3017
25407
19387
1756
29741
6863
15125
15861
27057
27415
13319
8448
13608
4137
32426
8902
23814
6716
16302
5446
27425
11354
3138
32260
16313
4952
30004
1188
5558
18699
19802
12215
7218
14265
12080
25557
18743
20942
1474
22764
18890
20944
7373
31191
13096
13973
31777
25139
22863
20404
4681
28270
28352
28217
29294
4640
20868
3485
10617
26783
10605
2293
28280
13262
15262
12393
12867
15669
5965
21224
21087
19799
32712
4122
29474
11583
14262
1686
17688
26205
4512
12886
14758
13456
27056
3943
27373
24196
27832
21733
15089
26686
20597
23591
28155
21493
24854
2103
17468
25892
2040
16773
22194
6621
12212
23004
15184
20064
10587
27796
13401
16108
30464
3850
28429
23509
8055
25933
5511
9175
28509
28442
14310
30890
19288
8459
20651
8662
30624
7691
26722
29129
30911
9485
7301
16679
29077
1790
3485
13409
8862
14583
30890
32649
28280
22200
32709
7269
1951
10578
26116
9922
11132
1571
17054
21258
3742
6663
28495
13081
24135
29901
13822
15693
31530
26856
414
18908
20851
4967
5714
31339
29192
8232
5332
16348
20750
7752
19735
29287
19888
30941
9259
12268
26395
26600
4450
29831
17101
28037
30385
8550
26640
13157
22616
26071
21697
23678
14277
16037
20310
7937
5558
32677
6688
14989
24479
7052
27596
7842
19531
7683
20784
21848
27589
3070
23621
1617
28281
7753
17519
9708
26519
2659
23557
9403
3768
19856
32525
13112
17604
11818
24391
28083
24595
26424
20846
1167
978
12866
32698
13486
1705
9059
9641
9258
11418
2975
14591
30534
14381
21879
9227
12708
5834
4027
29997
14264
11366
6816
10133
1148
610
11026
26957
26469
23983
6219
634
24214
55
10149
16863
24917
6520
19116
4770
11963
10866
888
8019
29871
24772
25402
9770
25365
11538
22292
25232
32578
6313
14126
12257
19379
7782
19462
18801
6143
2772
15879
19405
3339
10132
9054
23363
18813
13826
8201
5028
8819
32021
19504
9544
23668
28295
21689
17235
28839
10038
2583
18231
12866
20171
20834
11642
26694
6809
11181
20410
12138
30664
18324
32750
14420
8370
20756
26862
13839
8589
29600
22582
4282
4171
17008
21734
12413
31678
31517
10254
29890
22016
22123
14889
11169
24082
23397
27111
7579
19651
26800
16432
396
18643
26649
9573
27867
26201
24688
31721
5108
13666
22937
17376
28408
9179
18144
11318
5810
14001
27533
13539
28110
24118
28088
18030
27205
27079
2911
25264
4892
24236
9654
21211
1614
13887
5822
30395
6919
18256
1305
6459
29714
24265
10781
28202
5781
19342
15911
7487
22780
24999
32562
32347
15923
14497
1448
27407
4376
10545
23415
18782
21552
19995
2408
13252
22936
3154
3757
25207
5951
26209
30392
14828
2899
7945
340
8861
17657
28460
4334
3594
25921
21226
21299
19709
11353
12809
22497
6931
26369
26522
2518
888
20542
27865
15982
754
15187
11094
20235
2849
6637
14930
28917
19205
12958
2924
16229
24768
7052
19069
11228
22685
19819
29888
18617
7506
25256
27446
8715
15746
22247
1096
6308
10886
23216
24751
29551
21613
3941
1937
6915
18241
16248
3564
13175
11660
26330
19768
2168
23579
8119
27976
32666
19202
18272
17778
1260
8161
28553
22767
9679
11621
28596
29316
19976
3089
10989
9058
23315
12350
23992
10572
31162
8544
2120
32759
487
13964
18673
8630
17591
31799
15072
15191
207
10049
11530
22343
28915
14642
17762
17405
10453
14787
25679
14742
13354
10656
23645
701
11267
4716
21043
11470
13915
22533
22725
827
9196
12042
7626
23086
8264
23707
14961
27760
10276
9056
31823
20617
14839
461
15004
18729
29892
9636
2976
29894
6451
14523
28264
8327
8423
27391
15549
16993
24588
23993
31063
24192
25903
21520
20045
23528
2899
19663
20432
3164
29249
26985
22297
27518
20767
17979
2464
22841
22340
10256
24719
21340
3915
8938
17526
29319
30822
7680
4416
11851
18933
22787
5734
11405
5464
22181
26466
8235
14849
20572
4199
31459
24525
5987
847
30320
27540
1795
20693
14581
8703
27664
516
6303
27801
1462
9711
17030
29993
886
26531
18645
2880
9323
16474
23595
2062
23506
6641
13377
9337
7881
30108
27596
30065
16215
27353
21413
637
30893
4770
295
10906
4267
13031
7128
19270
12966
15931
11852
24024
26473
31694
32327
32530
20089
27547
12322
5369
31902
15074
14704
1764
9118
23769
26337
15316
26444
7071
31078
21251
961
13681
7829
19136
10474
23072
18512
2425
12099
7362
10145
32026
2529
11688
20201
17558
6582
28817
16186
6082
17937
17181
25857
24938
32356
1925
18408
16287
2378
18312
29178
24142
17608
937
21000
24599
15315
663
7500
18779
13587
13549
29773
8599
7911
283
20226
16113
31913
2980
29754
28689
14643
20363
60
30770
674
6919
16042
4473
4954
17534
23467
27013
3146
11185
12360
19527
17521
23349
11799
28948
12704
24098
11799
7672
20098
7695
9948
5454
8667
23869
3564
397
19213
8466
26728
21349
14304
8393
20207
17931
26498
3177
26815
32209
24269
16371
8733
29945
12745
14048
8696
10955
18034
21450
17097
18661
13499
20586
4797
13011
26578
27074
7958
13279
25766
7323
3790
16170
22951
1586
20606
30204
23500
15663
24447
26713
29915
14038
25679
17365
26341
3201
13366
25769
18703
13646
29737
32005
24985
2069
25326
18088
24856
6557
3713
29359
25350
19215
30903
19370
22397
7338
28449
15861
14912
6329
6707
14918
15099
27330
1957
9858
15052
30465
13338
20693
17153
1556
22528
6401
22820
22776
31671
17398
21557
14644
5877
11684
5942
22868
16233
19725
21741
6553
10910
16030
16613
1263
1827
18623
20918
6687
28905
3753
30854
13638
1260
25975
29136
11654
22549
32640
4964
31483
21855
25061
15279
30961
18234
22630
17981
6228
4141
23418
10620
5735
22206
7326
8643
3001
10390
11501
3474
26454
22753
29169
24348
10810
7668
23737
18178
30475
12850
5931
31842
18951
31792
7068
17936
27963
535
27294
10531
31989
11338
21273
24756
4221
6985
158
738
23296
5334
17399
30489
22733
19542
18947
8597
23748
2681
13505
26657
4618
30749
19114
29733
17922
4208
12356
21983
3705
32341
24564
27889
8225
26890
21523
14876
26945
29703
5957
32331
17578
30249
12038
19155
22765
11279
5254
26361
30667
27077
12215
11957
4589
3999
2212
20149
4822
18024
8964
421
14613
18108
14351
12974
16063
12211
17040
10556
26140
12480
4412
8709
16033
2776
21314
31047
13854
11478
21283
19024
19001
28446
21444
10308
28187
12928
17346
21531
30825
26208
15109
5097
11638
14868
30360
3938
14775
32142
18103
21917
12407
30011
9002
28696
25291
9514
22994
9981
8905
22385
2946
23203
18165
25037
27408
5720
508
28296
29355
16478
25253
19616
878
2867
4100
2853
9014
3093
5617
25571
19633
6854
21944
14657
1464
24205
28434
11113
12255
11389
13652
2217
18250
6905
1255
7449
962
28280
3320
9599
4103
17286
24944
26991
19304
6668
26919
16567
18834
9680
31828
2042
1190
2111
18249
18586
30094
22379
17757
6107
1680
5712
26665
28998
5155
603
16119
4172
28674
23085
12919
3372
6784
412
10420
16663
9755
9978
9543
13713
31059
19866
14794
8986
25277
24977
23184
17166
13139
14522
27539
30922
21262
9469
6574
5648
951
31696
21517
16045
17914
14077
31201
12120
5308
4774
4184
27614
27310
19591
5324
6268
