60000
32270
30543
26877
5264
1332
14752
10244
7630
3514
19849
5399
18541
29596
14566
4402
22979
28135
355
19174
18287
22476
8507
28681
29246
4083
14662
10156
2128
25106
9266
26701
21110
11965
20240
32334
28895
17792
31507
22182
19188
9515
19605
25047
13952
5741
19291
8992
6676
21668
14362
16371
3754
14580
23354
9129
17544
7062
12505
2933
12135
24435
5651
3734
15829
23538
23425
30417
8152
6414
24831
32031
24788
4523
7859
16035
22702
28714
16203
32222
14386
31035
12165
1062
13490
6386
18165
14164
5872
17950
28163
14270
12607
12246
25907
6757
228
26964
4521
4975
32450
2055
29420
9431
25399
26595
9706
9571
24897
2556
6460
13270
7397
16723
22188
27239
24785
8687
1524
26227
22336
26160
3273
30831
18974
15969
28696
4128
11884
16012
23184
14606
32487
24210
27744
15158
10724
16506
14402
13311
5759
12554
4536
15215
1268
5780
4245
27039
20045
16915
28096
20588
18238
22135
7477
15728
19021
14908
18764
22577
11573
18241
4926
28823
9613
11480
15589
4516
24741
14361
8131
11359
21169
30333
5446
28433
297
26280
13386
7348
19567
11141
2016
30889
31923
30104
9038
6825
5652
5776
14167
16126
14343
29468
3260
26355
3069
18176
2050
23945
1856
28520
6774
29803
1054
12156
17519
3364
30282
9012
3283
17040
15999
21614
4572
18064
24934
9790
5916
18434
9658
2693
13503
29937
23978
13765
3089
27912
24447
17715
9536
14413
29054
2830
23138
5644
11536
30000
29625
14352
7456
16867
22838
15897
7109
30453
32061
1419
13089
20239
25768
8548
1417
4418
28686
3696
229
1763
19013
30656
24922
921
8229
8024
18215
13236
1423
16168
25549
9408
11182
30270
627
15450
19581
5689
28552
4419
28554
25857
938
23219
27641
9909
21959
27120
19403
997
22658
25118
29793
8194
26328
8793
14395
29714
1027
5633
13830
16808
21150
24405
10454
12820
1803
4164
3504
30167
22802
25983
16971
30810
14538
14291
279
31711
19133
6070
24191
12727
28487
18208
11115
8885
22847
1436
24842
31716
30681
25246
31182
4981
14283
2583
23480
14843
24495
16199
14293
11227
2985
31186
777
14077
3145
22807
27659
26824
11443
25021
29361
22606
9213
14734
1134
24771
13784
21897
16921
24628
18035
20018
21231
20085
26012
20013
26844
16476
5417
20235
23030
11052
20118
6244
29514
31828
3055
13606
26844
22874
22512
21292
1769
7186
10604
16659
2159
24339
3563
32329
14064
11883
26519
4454
14194
12434
16985
6336
10442
23453
1087
18745
30490
2740
32033
20316
2201
1990
6532
18089
10130
23931
15550
15148
19888
1387
1627
26965
13432
18061
1728
12291
20247
22514
9998
26850
4446
7091
18505
6903
10251
1576
23994
15225
1610
1370
1681
28899
27771
31931
27343
3143
19510
10517
24419
11493
11660
193
5523
16892
31120
25625
22942
24288
19991
12847
9376
5453
16059
5568
1461
18939
10022
7779
9825
14194
29325
31238
28208
4896
31866
25243
2457
2217
28367
5135
22568
32638
16648
24188
1501
24241
15552
10399
21455
17160
11126
30348
21524
23376
4498
18592
7397
24307
6819
26296
14078
21197
6891
27552
19268
4156
18973
9423
21418
17014
7013
6737
21333
20000
22185
21252
23039
22300
22287
10503
22169
22690
4799
17008
32052
914
20458
573
17441
22280
11019
1422
15447
10033
21100
273
18710
1630
6892
4797
31434
17495
20993
23491
4402
30706
28921
30401
26817
18148
5509
7737
22341
24534
25463
5955
15302
23228
13259
13438
17841
29538
13540
1356
14134
21063
24601
1343
9966
22447
26736
24526
1217
7412
1705
7245
26119
8221
18047
17948
23789
19889
14634
25886
24346
23758
12584
23148
32659
12661
27453
30027
32732
14632
18617
21596
31841
30135
32505
26387
14356
10839
24624
9066
19286
24308
8552
17367
14875
11720
16835
8571
13641
3885
30471
32412
2914
6063
17241
21845
3171
23654
6217
32396
25836
29059
11023
17701
13472
14120
24084
14709
25551
26749
25525
22778
31827
8448
32323
24137
2487
19484
334
19783
17567
13054
30755
3996
3427
7332
5523
13669
31230
13366
20726
11817
31527
10650
21616
3599
23741
16451
8307
13134
9576
16457
2181
24548
6526
32191
27972
7051
25891
27201
22439
29161
12725
25804
22918
24839
10855
15314
22365
3076
13355
5518
8013
1547
23766
12950
29027
18818
17790
16047
23837
12164
3111
9188
6186
31634
30879
5082
12914
20357
28839
15198
19286
7111
30547
21568
11321
24515
15284
2404
27711
20122
31412
24854
340
11288
14400
8606
25201
30182
5037
25620
7962
11521
15188
18806
4140
21354
17280
1528
1493
29216
25739
13979
5860
15179
25667
13569
30019
7354
11922
23936
27585
22159
24927
31605
26901
27193
20399
20443
15392
30115
16400
26140
25971
20139
27191
11046
8721
29398
30696
31426
4982
8002
3350
5921
10456
9436
6988
16056
11692
19666
1099
21583
8556
24908
20469
19796
15512
11863
31081
23156
18171
3873
6000
32365
9007
23404
25624
1821
13155
18749
26526
7391
31580
5844
19089
23576
9146
4321
4917
11533
17021
18677
21030
19960
3271
4151
573
17242
21987
2648
8119
8850
32647
27849
14996
27311
16214
15915
2110
24451
23977
10759
14443
6904
20879
15551
4420
18600
24083
7108
5831
16295
5309
3594
16746
28323
24923
26809
2049
20016
768
13350
16609
19805
5710
7425
7750
27787
5361
1488
18930
31359
28268
19611
25623
10165
7704
6377
26999
25591
25193
17900
17610
14895
31092
15609
3936
7802
1710
21563
17671
25213
1527
1447
28463
17404
28631
4658
2892
18856
29447
25922
12412
25145
26419
19555
14442
31165
23806
22332
28530
31024
28487
29633
4102
25676
14762
6826
3408
2466
6218
8227
28952
30954
5326
31941
20713
13208
9386
8901
7791
19376
7328
13163
22308
25818
32134
10438
22316
19385
32329
18335
21372
6009
30514
28075
16194
2471
4712
4100
8321
8262
26039
32218
6140
3615
22927
15206
8278
3416
336
2336
18551
16456
18628
27442
27954
5258
6893
17708
13860
23632
26114
24057
23007
4602
8372
24594
27976
31208
13493
10737
16957
5772
29307
713
6523
8899
29250
1908
11199
1637
1616
25517
20012
31002
8828
11135
13805
18288
23793
26877
7963
28203
27696
12852
23265
32733
18004
23390
2270
2230
17818
6489
32714
25756
30240
10327
10589
15230
28909
19158
21868
6118
26674
13523
18518
19406
18639
14138
2206
6069
5401
16290
12249
18418
23771
55
17099
15431
30363
21495
21709
3513
24094
13090
31345
18079
23598
19435
20329
24826
23450
4980
5029
32516
3967
25337
9148
4620
20166
30028
20621
25472
18670
22657
23078
13388
30731
10218
4581
26210
29711
8774
26588
25754
2889
28725
26490
15549
17451
12015
26472
8156
11344
4918
28850
15591
6334
14473
8487
10619
15208
28827
3330
19706
12791
9987
25546
481
29129
11573
23670
24918
13626
689
11477
27905
20003
28026
4141
2845
417
30410
8483
2255
20760
8196
2778
5814
21623
25578
21855
29635
2493
22544
20805
14923
15804
656
26252
858
29212
14336
19144
21579
25764
5537
25214
2709
7093
27609
20946
14824
7191
11492
95
12409
11257
13254
5223
5530
18226
30596
10540
22157
10445
32403
17565
21914
3525
9873
20533
3935
5389
5171
6433
10856
24787
24447
7073
9471
23814
20539
7600
5445
20246
16037
23783
12162
4859
27748
21407
1722
10616
27071
22870
15233
31649
23309
8788
3343
30619
12908
25229
151
27299
12726
6090
4821
15441
18609
16132
10215
28446
9094
30992
11613
2597
32117
25218
8851
20518
3014
8907
31551
26576
5379
30372
4166
22848
2148
14768
4820
1221
10635
13148
13739
30438
9329
11019
187
15782
7585
1904
755
8966
4772
32058
22104
28876
7868
4343
10836
8579
30677
28722
18512
8899
14264
26079
18053
3250
17794
28154
23822
29387
29524
11370
4418
12766
9293
19243
11074
24408
3765
940
10702
15813
28283
22390
10333
23187
15330
15375
27500
14617
14967
15902
1814
11992
29766
24527
21477
21760
30029
13945
9704
13110
23345
2943
31237
1940
3376
1140
3473
20465
12375
5762
5150
30819
11253
18700
32660
21251
21071
2962
3716
15600
405
8917
5304
5271
20757
28988
12815
25905
7855
7799
27528
27532
4233
25186
23196
22543
24324
30508
26321
29177
31470
30392
15756
32745
25593
10051
31782
6563
17259
31560
16451
18193
7960
18592
4703
4232
14477
31470
24234
25677
27791
17722
28694
30040
9924
5852
8622
30551
15791
22428
14889
23542
19170
12055
9663
30046
21358
23397
571
8699
21663
23288
12626
25987
2278
28103
25907
4916
30999
12716
23391
27997
11732
24075
14779
24095
5449
25269
16867
11637
28955
28172
20162
22642
24730
7783
20576
28106
23358
25272
14842
5012
12113
20076
5720
6734
22761
25746
13915
16674
17689
7744
11734
3943
21864
12338
4766
26475
14210
21429
12773
13936
25902
5827
12227
26100
24704
30576
17686
29238
80
20101
3980
18933
24811
19818
10238
23419
19719
4937
29440
29402
13053
7536
24502
19830
31282
5879
2281
1731
19670
19363
27737
16976
10706
16907
11349
14085
21243
16633
3978
32681
27532
17427
13081
21670
23251
9147
8940
4881
18218
29747
19529
13541
15657
24581
32423
7823
22298
418
28353
26032
30893
73
28650
29982
29422
29738
22432
12844
9331
21964
16227
1835
27098
31916
6344
30512
29299
28967
18377
7960
19769
5529
14175
18378
16903
27335
7251
28092
19208
29562
23120
25017
17008
31597
16190
26337
6249
17769
2251
29169
9552
25775
26698
28100
27682
17814
30913
10522
24881
10613
23357
20889
2332
6595
28009
8209
1021
5757
20063
6660
22756
968
9662
3174
5509
6872
24829
9121
5677
25104
23295
17628
2555
28779
8679
3197
1868
26
20269
5612
17527
5231
9714
28826
18619
14073
27536
26179
10613
4081
11894
30320
10134
24020
28467
11071
16725
4178
24528
11110
3105
2663
11619
11638
27354
20424
2017
12381
29760
8576
23604
7471
7596
19931
29837
13862
32254
14211
29436
30439
15574
22505
23102
18950
519
16614
6358
14285
31048
24995
19039
29241
15917
4790
8992
25158
17494
11661
14817
6764
4071
13072
9213
21098
21047
17794
6073
20546
16077
31144
2260
25221
11400
17198
29535
20432
22301
70
18639
24471
21703
26770
13137
24609
5177
25412
9053
19924
30424
2180
23438
32691
23335
21010
28337
32037
11138
16172
25628
24824
17680
28594
30273
28069
19187
31368
8066
14038
14785
828
26951
1061
20280
21224
12622
20775
6701
30810
22851
3753
18118
13171
5265
2361
31465
12237
18551
6377
22260
21152
12894
32335
28335
8167
18538
4304
20095
31422
2127
8735
24796
17679
10342
15104
18436
8813
24320
5458
32753
25152
13306
30540
23689
21795
4241
21511
14358
4490
376
21820
26101
27560
24360
12880
15762
9360
20600
30861
20884
5274
23405
10419
10068
21768
30803
19887
660
11497
23308
28842
6510
17726
26281
3653
17546
26716
32567
28963
32660
20625
11739
5545
19949
18954
19234
31489
22433
11252
9106
1381
21146
27874
19077
21914
3091
22127
3895
14778
9807
7204
18461
6967
24202
22940
26744
3613
28464
15333
5163
26007
25165
23082
9673
29109
26692
399
23283
19052
1733
30813
6881
19423
13305
31839
2878
10204
12799
140
26425
12458
16028
28133
19673
16642
27438
27553
29840
25947
12514
29320
1812
10859
5415
12189
1386
13546
29283
31231
30531
1689
14564
24593
21388
5251
15385
4057
22337
4738
24578
7846
16002
6150
15077
29686
5096
530
32579
23446
2585
13959
16906
779
5018
11429
28940
26161
11493
24271
3504
28450
3260
2446
32743
19801
11964
23513
5474
18456
27701
31892
259
4102
5945
2390
28305
21533
19443
29295
32431
7619
27706
22570
16143
14391
31078
19791
29411
10031
16483
8940
16276
28864
3076
8533
4535
15997
20889
21098
20029
6627
3011
16664
9193
18421
14215
21027
4360
2083
10146
6690
29020
14960
8732
21707
10329
12500
31776
24944
15252
12255
10251
26826
29048
25248
27075
4086
18490
17861
9546
23741
22800
19971
31635
12056
31646
19897
10644
29683
15793
24016
23964
30002
816
19941
30439
27378
25168
24490
25456
12817
4102
20873
4102
19440
28866
31883
7842
2935
8538
2425
22264
4954
3140
321
1356
2459
24329
15514
15239
9297
29686
30443
10378
29607
1045
2153
31170
3367
13660
2944
31484
31801
22819
29045
26747
7142
28380
19017
10056
15842
16126
17376
22474
17098
8770
9315
30358
1962
18706
17378
32648
19650
5950
18750
18195
31114
26610
11846
32213
25075
19941
20256
4719
28912
9170
2283
26003
23605
300
11170
1119
17726
26382
17219
23785
27540
14705
31793
8475
21580
22689
9943
19393
2768
28402
7823
31712
24290
18094
6082
6729
17373
15443
6480
32111
13630
8443
9522
32630
17508
8476
21598
14988
13204
881
27114
24444
16960
21560
8565
23168
3721
20638
15555
14935
12290
9848
5287
3480
28599
23603
12582
10822
16750
29966
11481
5028
25132
9606
26515
29259
16379
11282
19524
21113
3819
8721
11805
7340
12119
22785
245
31856
18793
6129
28908
10613
16864
19769
7502
18148
27665
2152
31418
19699
7468
20606
8323
12472
1217
10844
1366
15930
28291
25464
28445
22734
20811
29909
6692
5537
20320
4659
23418
25745
3061
14723
17051
15169
31219
22173
32331
30316
2041
20277
2245
25977
19873
2827
24341
13392
7686
19555
18371
10093
9091
27829
27825
24114
26813
20901
19526
3970
29411
11829
17868
29835
20788
25658
17687
21987
17858
6669
20840
28375
27510
22658
913
6912
32085
17694
10073
535
8961
19588
3105
13833
26243
20785
18632
30542
14151
12905
30413
4983
7784
16241
10419
4615
2095
27391
8106
9092
18134
21231
1131
1742
12945
28727
10084
22703
2767
797
3093
434
31932
4008
17338
13881
29451
32340
23338
15562
4852
13577
24575
28330
2680
15438
16631
9901
5100
17595
3482
4684
21173
8364
22813
6392
27985
1597
17543
19886
2199
11634
29714
7884
2111
7861
29652
14371
14500
17798
20382
19277
17865
7022
25125
12864
9114
32564
8031
8228
19317
3156
24112
21602
29417
1709
25926
1022
8126
11898
16194
27942
15669
4227
6680
18699
5776
9877
13752
4079
23253
23599
9710
17279
3536
19326
27526
13156
2647
18059
10421
28693
31186
180
29876
24559
25850
27737
4782
10887
16864
8407
4060
28223
9009
23738
3311
29719
27833
30766
13998
21958
12583
23479
12768
18954
7440
20258
32364
2876
4918
13500
5567
3111
24073
1217
18542
28442
6766
7447
7964
29500
16320
14652
17055
19488
26900
9854
12126
6041
17346
2154
14333
26064
18209
16774
6973
1939
6545
21571
12573
5872
18111
20525
29510
28163
11044
8037
25765
12
14543
18513
7258
18628
31077
30610
30673
17906
29030
26166
14382
12089
18609
28719
3823
24628
23627
28420
24012
10437
7516
11463
11746
30633
24954
839
8721
4944
2090
31622
26787
21740
6564
366
28718
6601
17111
32703
25531
24284
21165
30796
12839
15006
7312
27751
9418
10523
25645
10650
18775
24133
13944
20120
13059
4751
21488
7282
22250
32183
4132
26638
1966
29667
19062
16342
21601
22768
25631
6573
20133
24071
22387
7463
31761
15729
21606
24057
30423
26796
1616
6830
420
23742
26349
21404
4808
4297
17064
19991
6807
13024
21017
22500
2319
10009
3276
24304
22203
31971
6468
12610
5334
20122
32319
31023
18612
16217
31036
18893
5726
2832
7739
20394
32381
23766
9412
31165
13177
24448
1578
11932
18913
15474
20753
25072
18446
31925
22062
7718
22787
74
4686
22120
9880
32702
31130
5324
7896
19455
2073
22731
10407
16494
15222
14836
2984
6965
23044
8929
3933
12251
11007
14443
5520
10262
1045
16666
13298
18144
20516
8415
4355
25036
29510
15622
2097
1179
12299
23654
22852
29450
29189
22491
26361
31983
8586
12022
18669
22660
25781
21746
13501
30467
29102
18922
620
1907
22059
21578
20485
7105
22583
28292
2177
9234
21555
15620
20970
13400
15386
8293
9921
18467
7177
14309
7838
30907
18430
26646
10774
22891
5855
14807
17889
28191
20159
9603
26940
28722
9822
7784
13197
21889
32750
29307
7494
19908
16669
21065
12299
10782
27727
5425
2583
25330
24363
3537
12508
12281
23130
702
30441
26257
13963
8056
30993
4696
27323
29085
30410
31738
18355
18012
2515
4679
3282
31789
282
27017
14860
7359
25308
17684
17203
21298
23054
24350
2165
4743
4860
25297
14375
85
19248
19615
32193
30653
6293
9430
8745
14495
11228
18548
308
5902
4639
13372
30826
16130
14788
1545
13065
24653
16037
10339
30541
22225
16749
23632
22767
8943
20037
5484
29931
17987
5809
23612
6791
22670
692
10944
1425
26867
23867
30535
3560
32615
8121
24967
28734
21091
8462
13805
5147
1243
11181
15154
29477
116
16126
32303
1440
16370
1
4082
22577
7663
7477
27153
12007
31699
10680
27966
22907
21760
13231
11804
7383
4685
6632
1106
21974
12726
25790
4061
14667
5714
9789
10410
21828
5253
9607
27748
14224
3702
22902
24203
23934
13507
30339
20166
20712
16244
5095
31098
5744
13102
11264
5787
20746
1705
31733
19138
16059
15460
1693
11904
29344
17560
16029
24563
28721
15210
7121
21142
3015
22372
8174
20829
13404
7206
3685
26370
2706
9561
23434
8345
26871
7653
5877
24171
16776
14180
21800
9985
29812
13782
23667
12415
1058
25494
6421
5172
19060
397
7332
24686
4942
1957
11439
31891
16466
18816
9377
4973
23022
21355
12008
30662
12697
5005
6487
14133
31065
9060
18633
20279
29833
17779
4104
14465
9689
27444
28141
15509
7830
22356
30408
18836
21292
12319
27905
14419
6377
5690
19712
14512
12547
5008
20555
22567
1245
30350
11246
22176
30598
28051
3616
15755
28802
30370
7971
27951
974
30555
2412
5183
23326
4393
19716
17839
17513
1468
25134
8389
2471
16314
28490
16243
30170
21425
5625
24292
11083
3409
7042
30293
12054
23768
28789
12326
19944
14541
23438
31025
15880
18417
19419
6746
8852
26483
5665
4199
21518
24931
8573
5651
4631
26473
18247
5213
633
9655
27195
27942
8555
572
2267
21499
1809
23578
20239
10544
9795
24411
27407
2862
26767
16607
10626
4621
19329
30361
7400
26982
25377
16380
21557
15458
26046
4783
25790
10263
9450
16264
19289
10261
6086
25528
26816
12603
23168
31299
7479
28368
18201
8628
18287
21967
2924
27150
10921
641
24684
16133
30
5201
18093
17006
14239
31709
27686
10997
11129
28489
7989
31502
19355
30936
29411
9262
1019
21437
30826
27194
25141
2862
12788
6976
15989
4027
8870
28517
27544
14046
8157
9502
12942
22739
18359
11683
7427
169
16598
32161
21310
25242
10080
22063
4425
3224
19274
6660
30546
1320
9175
743
14673
19571
7259
19302
29163
29594
7749
8395
7318
15947
31836
29004
31487
658
9033
27266
27049
15089
13142
15389
26582
32434
26485
29397
22186
21628
28036
32676
13198
4901
5071
16178
20947
17607
28631
5521
22423
16406
25170
29226
493
27632
7282
20471
29752
24886
2666
1523
5848
24283
18223
31695
18697
17466
32123
5863
27143
1453
23064
29556
32119
20315
29531
15875
28418
19025
18927
16678
14659
14293
18131
31593
29667
22262
23206
20871
3330
18536
8739
12510
12761
25743
13288
13857
10910
14298
31611
11341
11688
6482
17806
30686
28116
3955
24962
16962
26663
30522
31787
31118
13493
8575
6099
30832
24257
23173
17793
27236
2085
4048
891
16427
23541
2102
25865
18554
5215
25145
26492
16623
6101
19604
6255
29512
29039
11540
29005
13015
10378
10665
3091
20017
15286
18365
5463
18727
17103
5572
8074
29431
31849
4885
15226
11459
19057
18936
31258
29761
25106
20480
15238
1717
13014
8347
28482
12316
18702
1511
10690
6826
12147
967
13104
12919
5133
31031
29545
29046
13396
27612
24393
10150
21654
12767
19240
5004
18072
28156
18084
24288
17280
4566
26017
21383
7410
23182
6799
23745
2426
31635
1516
10404
4138
27580
24329
32201
22404
2196
23056
6469
23450
1013
12102
10458
20339
20440
10126
13679
11697
31851
21039
4542
15473
15460
18390
8525
2163
917
7903
2975
7035
29633
29904
12203
29174
2991
12582
27533
29665
19580
25941
3196
29927
18741
28170
31484
32713
21670
14771
30548
28931
16748
22593
31299
9389
26706
14380
3567
15263
26842
13496
13086
15320
22553
22904
9896
4129
20936
32528
6957
10989
8089
9534
15107
20612
27335
11804
1650
19552
11249
24223
25124
5591
19752
18532
27095
10235
12871
172
23381
4287
7042
18597
11686
31579
5698
2795
10372
14833
28721
21070
4111
4720
24720
7638
14530
21177
23505
13828
6054
28672
17762
26459
8901
13685
29639
17951
5602
17956
15083
24413
28519
30234
28856
31531
14751
16074
8165
21553
29733
21167
23823
26728
12701
5170
29196
18210
15777
29645
21372
75
24318
31089
5280
6382
2593
32037
19824
10490
6092
21233
9959
1607
21518
28154
418
8404
31089
16110
27305
29779
27765
20898
21133
13031
19261
28154
15027
3372
9609
16394
19695
15224
28900
19322
4436
11360
3359
11823
13899
31870
27901
30247
7907
7026
14128
3749
11112
16935
29572
2191
28727
7768
6235
16916
20176
22354
3161
12689
9517
20475
28768
22454
1875
18963
17855
7397
14118
20154
17574
7642
20097
50
30430
11153
20358
14567
27318
612
3891
7084
4673
31861
11830
31048
8894
17227
5123
12081
2136
17600
8227
25495
16912
28442
1487
17060
14839
30840
1469
8451
28064
13680
31290
10143
31445
17142
27001
27821
25737
1919
4651
7660
9230
20327
9807
8235
23176
2192
10316
18445
13986
24909
7741
4105
25215
20094
3980
28596
3572
15612
194
14403
26868
29239
24989
6731
8779
24605
8548
14540
16015
28734
23927
28014
23380
2606
24106
8714
12960
22827
21971
25452
29343
5376
5666
4440
15767
21033
12209
20426
26141
7480
12252
7554
15242
25976
28883
13248
31401
31439
12269
4941
14002
8937
24128
25274
20092
2450
24430
492
16878
4196
10945
30425
31671
16803
635
6028
25406
27237
13671
5487
19164
8182
7860
19913
3658
13434
22531
902
30037
24276
20927
26167
11993
6599
17837
2649
30700
32347
14276
14042
17242
7555
31038
11225
30034
7420
25071
18094
1886
7032
13270
10026
10392
8188
23794
14879
11804
6279
2902
19747
26553
11252
18304
3986
11500
25377
2279
9426
13838
27985
30931
11227
5580
975
22385
24566
26328
12501
14119
14020
478
32171
549
8067
20410
19475
32317
18317
3048
24293
17140
2081
2875
22007
21977
24934
23250
8511
24853
9901
19273
12092
14404
16375
15404
23185
8067
9399
15281
23284
2250
29657
20134
15686
15229
19714
29864
9987
6717
20250
15510
26845
31492
24584
32069
9380
17777
8636
1653
2665
19296
14451
24068
28899
4030
17974
23906
19730
28572
16292
17221
19745
24961
32242
3486
6801
16133
12848
12235
1940
19611
7630
30990
11191
29615
13406
16190
13252
25329
2715
8636
26855
2288
13995
30889
13071
7402
1441
17494
6807
10722
10822
12540
3366
20468
18713
686
27092
12262
1428
32139
6286
13567
29873
7736
12475
12572
6317
13966
29471
32512
18956
17039
6912
7916
12765
2463
19080
367
14655
24561
5739
29824
4644
7231
29898
26314
15701
5566
4950
30023
12727
15953
22712
30480
2252
11516
5425
31604
21628
11420
9853
28231
534
8918
4862
22140
28306
25422
24598
25335
4121
17177
10197
14748
22727
116
12756
15532
13999
21174
4960
14929
21791
13955
6875
14967
806
19011
2656
24286
25428
20178
26022
2413
18625
8313
22311
15562
25936
15390
28801
27431
11573
9399
18972
10079
5045
15621
17933
27713
1325
27006
31290
28203
16982
3723
1471
10972
199
16115
21905
11139
29884
11927
7265
11547
10261
15713
452
8955
17058
11895
19600
18345
10141
24500
3209
12272
3192
5464
1853
5170
27866
11774
27692
17407
32740
21199
5164
30693
4792
30710
20492
30090
27708
16723
2680
14841
7707
8052
16668
7738
26381
14529
6413
10789
2649
29430
4708
2423
16536
12503
7980
22310
9659
6175
8574
13042
18511
29625
5354
21821
15872
1586
26393
5404
24924
24687
17329
5294
7386
4251
22393
1965
26395
15716
20158
18498
21615
359
4853
11806
24987
6888
2977
23494
23514
17351
26231
30254
2593
17839
10944
31370
31655
7825
7168
9825
8101
18769
12245
9699
2650
32447
6945
31868
2899
712
14955
23465
30953
20974
22915
23563
21771
17141
7781
19642
12094
28895
7008
3291
26593
283
19576
9077
14518
6650
1032
2432
9886
7522
2732
23103
16548
31686
30301
24016
20541
13141
31966
8706
24270
20338
17752
5478
13423
31845
32065
22697
13295
848
13441
14880
14360
16996
17624
4005
22068
30036
18554
25250
10704
25098
25597
8811
3519
15770
26485
20689
26210
23924
2782
23796
24871
2269
18874
8280
19792
32416
8698
12859
29174
768
14882
1318
1357
2546
12969
707
10537
20873
9886
6638
4289
178
8082
29454
13235
7713
177
16038
12873
29579
11570
21031
20219
12566
28146
1801
8501
25870
23131
4121
25946
7129
18571
14613
3592
15405
2226
17526
31390
29568
28604
23437
30459
18112
30001
17617
26761
6981
26713
21624
19579
19460
163
19268
27474
7941
19783
6048
26022
12055
18475
11499
32291
7618
4100
25876
17618
8573
3517
8295
1945
17441
2332
6054
11270
26014
28835
5212
22088
22252
22708
878
382
8517
30201
5619
27957
19858
5891
25669
1067
16419
24881
18264
8281
31906
21716
23627
20529
26186
23696
26173
293
20564
27654
610
13160
29362
29103
25174
6904
5888
8203
177
20956
4536
20988
987
32682
23461
3692
17186
6733
24474
28470
8713
9221
20579
28484
13795
2735
6908
25589
27041
3143
18689
9665
5097
17579
26470
11295
13160
18594
17768
8358
17768
29212
8131
11635
27301
16828
3110
2764
20060
31123
14564
4098
934
21807
21740
19356
19716
724
13307
26289
571
16905
784
22422
2146
19286
8481
10170
4153
25933
28684
20685
3772
19143
12752
29992
9208
18032
17917
30569
25630
10118
23401
13661
14038
29661
27173
27172
16597
31527
2479
31631
2994
12146
30569
14029
24565
26354
24906
16455
1394
27393
18644
15048
24021
30820
4678
27105
3453
5328
5138
21388
9870
23980
14993
9487
2625
13337
5110
24355
29823
27184
22657
3414
26031
21898
17141
3246
24268
27398
19787
9615
9146
18374
9640
31966
30682
19323
28557
8295
2268
10211
9549
12924
31700
2448
11717
30943
20624
15850
31303
21219
3881
31351
16599
23245
29657
10586
9882
13952
3340
24346
28299
23386
32698
23973
112
18777
26099
18581
23565
386
31676
28337
19607
15235
3609
19639
28779
7831
24683
11609
26880
426
31740
2693
18202
30398
7641
5097
1857
9613
14048
32439
12914
14703
12825
677
30484
26239
30026
10297
20013
18937
20421
19523
214
10727
19333
31915
8685
22525
5241
4716
20489
15297
27168
11489
21427
18415
20310
29248
28115
24347
27758
14692
27240
27544
22400
207
19324
11929
14084
22255
8280
2710
29344
6048
23796
19697
26175
8947
17841
15066
19299
28973
17226
25968
19644
10259
13064
2344
30713
5477
1846
31859
478
12969
19413
29083
4247
5673
25489
4078
76
30015
4339
10271
22005
7120
8151
2025
21616
32023
17185
12533
26576
16804
31404
30462
23289
30372
5507
18739
2922
16994
9300
10973
3929
16910
28705
8001
517
29886
18745
3272
27208
22450
16999
23389
28523
6108
11369
21015
20543
31903
26019
30744
20585
28632
21013
31925
4094
18203
3979
27351
336
12863
14867
11168
28935
29468
21684
7250
21619
17043
10845
15213
21024
1743
15132
12568
14507
16075
2448
14018
22485
18196
23713
8713
28630
23505
18798
5851
10996
31744
6535
9435
21843
4610
24925
21510
18191
1370
23287
25750
13448
6578
22758
17958
22781
16158
25978
2584
12125
14245
25142
21812
11609
13822
15234
5265
13502
22935
1184
31161
12034
11228
4065
520
1820
693
22297
3413
30105
27728
18512
18389
21229
2082
19130
27451
25607
28968
4074
6948
21800
7539
1346
24755
22260
22243
31150
2424
4554
12595
19346
28055
25425
8501
13056
24870
6739
6495
31791
21718
9423
20359
17960
27094
25673
4075
6595
31988
7269
16756
27858
27910
12212
32572
26012
8328
7886
27469
29325
3718
32161
7852
2603
20157
21256
23190
10060
29949
5792
24329
21894
15313
16599
2694
25064
16994
8517
10006
999
24985
28480
2187
4763
23684
18602
24584
6700
28667
4878
26819
25991
1411
29419
21002
20565
3442
19792
2692
29997
17492
1961
20666
3080
26510
31193
11477
3318
7489
18057
14249
27408
4977
3519
21235
31662
6759
11698
14047
24026
15955
1501
30926
30212
9270
28754
28501
20983
11775
25937
6025
2315
10740
32025
24442
27804
4436
17406
31229
7356
6715
5308
8111
21797
8389
27915
24886
1649
11126
28787
28362
3982
3802
3426
30965
11116
29800
30844
3734
26360
18604
29234
7212
13134
21670
2710
28753
26666
1645
22381
27013
19104
11543
20614
12589
27662
11229
17995
10203
30030
26747
9878
26320
12848
30934
966
31424
28967
21473
4625
15317
2882
2497
3868
26358
10334
18224
18376
23624
5019
10271
12367
9973
13324
7583
17041
12845
32179
27393
5800
20331
28332
32316
27074
29178
27816
10128
1840
17335
5789
29801
18362
30488
24252
12678
6966
31341
164
22618
20569
28774
10197
27571
3788
4566
23143
1945
14210
23734
31740
10361
8010
13421
31987
28035
22432
22351
2526
23120
31177
19811
20278
23496
10271
13417
9550
5187
14761
3355
14470
13038
17390
28084
449
23153
30475
15791
8985
23246
4
24273
31953
17036
25944
26473
3722
2838
4568
20951
30906
25694
440
17739
12891
25541
17895
23503
18144
6719
20892
2440
12397
21938
17970
2360
8775
4512
12597
29192
22410
23302
28861
23173
14874
11140
12794
11496
30171
32701
15889
4250
19493
11521
2342
3319
15218
14890
14266
18771
20314
16323
3640
3642
11458
4976
32458
27644
11856
17033
18801
10857
9506
8201
25173
26074
4543
27047
4698
32113
26957
18498
1523
13985
15109
12162
15931
14832
18917
24765
6210
19707
28324
5399
24228
28091
21995
4846
6497
13064
28354
12917
4072
5723
7497
5534
12661
2776
1448
5950
22429
1420
840
13676
5928
23283
8260
31529
4894
5565
8474
11591
1572
10961
30887
16003
30217
11923
14418
20213
17821
28514
20615
15018
6338
6501
13671
31631
16069
18312
15293
25232
5870
9665
16948
27650
9045
2200
31432
13118
15864
7654
26747
18831
9227
6877
25929
29775
19343
2888
17501
5708
14118
9748
25733
18545
15398
19216
18148
26018
28396
3569
32231
3559
10611
29337
2170
25805
24613
16025
28027
3849
14576
1012
11118
13151
6301
18726
20595
706
6749
29284
20086
3005
9637
20518
24486
23825
5692
30435
3880
15264
10899
17435
14860
28553
11348
13467
7296
27797
1853
28669
16195
22994
16943
11630
22877
15485
3714
21940
31246
18981
24988
1647
3844
9742
19650
23198
6864
3540
1837
7270
12187
14672
24161
17423
533
29119
186
26704
10415
9249
22088
972
23306
29408
23517
13276
17839
2738
13411
21647
17920
16064
25715
7663
8815
12296
27684
9862
4845
1024
13089
28449
11685
28284
31487
23508
3051
4817
19405
15934
15215
59
3820
21774
20407
19836
19489
25798
10188
6086
15592
19904
15411
26843
10763
17262
2334
18547
18292
2277
26852
31966
575
22173
29359
16106
29972
19826
12660
25863
30388
6895
18217
18857
30417
13004
20530
28910
7459
16821
6940
12673
24248
15694
2189
25790
32140
13683
10107
25111
9817
19140
24989
18870
8368
28257
19487
25187
17737
20210
28826
3753
11928
5867
8771
7476
22432
24590
13155
30846
7436
49
7943
31147
21628
4929
31480
25265
28189
26247
17901
17339
21628
10538
26112
20432
32412
1525
27487
25775
26694
2651
27460
18942
25760
32440
1831
27556
32513
5082
29746
4980
24068
2496
5877
26123
23771
13217
1883
9979
20198
32049
4316
2089
8580
21791
757
2163
20522
8418
26069
9622
24242
7605
26458
25935
19957
21216
5179
31169
16027
31034
12679
1303
13874
31724
19022
16490
14974
30327
17821
2533
14096
21497
6320
7719
24858
29612
26980
232
3458
30383
13547
22752
11573
6921
20163
17124
25534
18411
19433
24659
27671
12085
11850
9392
16319
10300
25722
9872
13324
10186
29096
30647
451
31079
20946
18558
27366
7639
28213
23160
29389
29412
13832
1620
23672
2142
12137
22789
25380
18015
5272
3105
24860
18643
20835
23943
22738
5176
29921
2629
5166
1955
27491
28857
20006
12292
5288
7670
6799
24746
2640
19048
51
13578
10899
2492
31011
24508
15155
12794
19791
27334
14511
15860
31571
19741
9658
12004
9108
31081
28395
12625
10636
18953
14006
2354
32610
28247
7579
2390
20414
15661
23197
6659
31195
4264
14326
4830
5086
3883
18441
27658
26470
1447
26264
2708
7268
14106
23095
11279
1581
17750
10753
13691
18125
5892
31625
26988
15518
24296
3348
18792
28186
10343
8197
9872
26606
3398
26520
9602
16719
30900
20435
14719
14993
7051
12474
23241
10742
30163
16835
31823
10948
6536
24969
1164
17050
2716
1476
19885
28931
24640
26489
28914
23884
2912
16238
24918
5779
26220
9953
6514
6689
29278
28793
24735
5114
25849
3453
27483
3505
27726
21316
23278
32641
19333
13549
24653
30618
13530
17744
1598
19385
1254
5427
26301
2299
17184
16834
20382
5619
2979
18233
6773
15098
17970
27620
15283
1222
20089
22345
19729
13631
29077
10660
5938
13965
25815
10131
24195
17526
6597
19987
30567
16359
4962
25259
26001
24784
8368
21479
2736
14901
8306
32264
10322
17539
12854
10234
14594
25120
30867
19590
25780
4677
20656
969
5220
17936
8965
8421
26873
3029
12646
22518
6511
1206
1597
72
31797
22643
26903
18119
16340
7043
31842
25782
5842
23395
26740
11940
23254
17710
14288
3996
27404
6766
18597
17565
18891
26673
30616
27721
15734
13408
26563
16097
30880
5453
3070
625
3443
26507
21853
3912
12370
5634
11002
30891
3517
10306
3828
11723
14197
2840
5303
9972
27873
18271
3198
29446
17073
6937
2071
14633
28097
10431
7398
701
13632
12501
1837
24976
20497
2496
4747
18004
12657
18908
27586
6992
2267
22474
16317
30549
31016
21767
19409
31988
19195
5827
17219
14830
7772
8432
11786
6892
24483
22425
9431
18288
920
23157
3667
31244
20184
16060
16807
10450
11387
6969
12866
4619
22515
6817
2262
300
24119
2083
19876
24581
14882
2624
2042
26684
4117
32733
30458
2298
19684
13206
18332
21732
11248
22870
27639
3149
26768
2596
30652
6057
7862
12864
9731
1605
7887
9583
27722
25910
14570
19859
16058
656
17181
10110
27053
28888
24356
520
9326
24251
17228
13151
16703
5887
2704
14495
7841
15547
20481
29603
15823
6083
6507
31514
8844
1383
21813
12509
24606
24925
28553
4736
30619
31483
17077
30758
27491
27305
26321
13722
11246
23447
9378
20892
16840
7595
4031
18297
22745
5054
3058
1759
4330
20999
16865
9710
14181
215
18158
31122
20060
22407
31835
2065
1229
17327
27058
2528
1061
4249
5732
27835
14082
8950
9904
3316
27965
7375
16326
6412
296
32190
30509
21376
25108
4957
20834
9957
10263
19967
5058
16439
5388
19870
28073
9071
9946
15125
15580
28243
7930
16783
28964
15762
9011
15424
21308
26640
23464
27731
13037
1151
12821
19235
16504
27951
5718
19629
5428
13863
27689
9798
12152
18804
1588
28041
26043
7617
21066
9108
5370
15144
6890
116
3675
584
520
4829
2063
27032
6416
2078
5500
9466
14889
12373
27292
27540
1719
4831
28320
20443
12067
10003
25050
24048
26590
1328
6873
29744
12195
9107
7894
2567
19197
29742
6479
22788
6410
30261
30449
7219
9598
4122
10171
22951
7146
17852
19553
27222
63
7900
21230
13354
20622
20944
18094
19028
29713
1659
22347
26596
7023
17788
23350
30870
30268
26534
20808
9199
25023
6576
9642
3721
29945
18478
15858
17836
3554
1984
4238
2333
17398
19850
19302
26427
25584
3044
19901
24391
22742
1874
31064
32260
9781
30646
7907
10368
22446
18884
2448
2353
2481
5303
28161
21315
28553
6210
16488
20529
31385
22218
13805
27539
1765
8146
30032
12599
12500
7863
15055
29042
14388
16797
29514
32696
5246
3241
4773
16235
7771
11633
10606
29425
29288
25264
32191
265
28982
3135
11110
9311
150
30528
3908
14686
29203
15004
499
7749
12991
14257
9644
22909
10291
4932
19303
31274
24273
15037
13123
26368
27980
18835
11305
3927
12651
25349
22188
12930
18953
21515
3892
12637
29281
4492
17244
7718
8840
26321
13976
32398
6459
26682
31259
29711
13019
32303
7160
15999
12726
7258
20871
19686
23432
30995
8458
20621
4162
22812
20112
1623
15881
17295
4122
10836
22146
12820
19709
18836
10573
4439
27783
26169
18383
9658
30693
8656
22069
10311
4932
25058
28085
12264
4663
8901
29719
15066
11097
27832
3189
27743
3891
7984
1343
21171
26208
1644
26497
18754
31470
28495
2921
19224
4360
11631
22020
18841
13010
18282
1096
23410
29589
15737
10071
22479
28188
7751
13826
12751
606
24067
22412
10292
5725
9139
19377
7520
24141
204
5095
11133
28665
18176
16868
18683
9571
28760
3936
4415
4778
19842
8988
1433
4913
28268
10019
23159
12798
30994
5200
9433
29024
25236
22288
31749
13781
16011
12649
25468
22570
6301
32316
4396
8932
3151
14791
25575
16095
3867
29549
7700
21301
8387
3258
14501
23649
21988
27042
25161
32421
28878
30217
32482
22441
31891
9353
15161
4964
7774
19055
2288
18495
4358
32006
5817
24184
32483
21529
6342
1733
11745
13747
30081
1083
12754
3881
10876
19821
6409
8026
32171
18648
18212
13878
20177
10367
29225
3453
7480
10450
30165
7881
5541
14036
28976
6863
15499
16765
25189
26082
2175
14941
13521
15801
236
2435
30042
27761
13576
30877
8450
11477
7942
22881
16827
9182
18318
27435
19838
4982
15722
17383
31639
10881
13698
16433
1091
5662
26378
16059
32380
14378
30714
10991
20500
9991
3518
6870
25601
23195
22063
1081
6904
10907
7363
19718
10813
521
16384
15092
23737
27643
6967
1642
27213
23967
14446
5278
22886
24956
24222
7418
7889
2042
20511
15811
28625
16677
19808
17404
31343
942
12251
10888
30738
25906
12616
5264
20047
1983
13073
18212
12802
149
6663
26149
158
7209
4691
30818
17345
9072
20399
30465
4876
1625
7638
27681
18481
3996
21816
25789
14669
1458
2035
14803
28025
23844
31487
29894
32667
24585
16296
21250
9091
28362
322
11486
307
15913
23320
17350
23165
13954
19109
15257
11988
22608
4615
17232
20828
18930
7856
12513
9539
29360
18527
5218
29780
18169
31822
1650
5065
10734
10413
13781
19297
2085
31824
30814
12979
4006
20133
25362
30914
10554
17384
11658
18897
5862
410
25753
18297
23474
1839
12335
18168
20654
32519
12413
18892
2871
7071
13914
25729
30839
21769
23270
1991
21035
6809
14957
24519
20649
19682
22158
15799
15905
5088
25500
16300
20259
25975
1348
10928
25697
20508
15984
11029
6583
24019
6252
28425
18024
9049
17735
20330
21163
20386
16765
31451
1638
20358
14546
22295
13625
22967
12929
3205
27582
30454
18582
28685
527
23174
28313
16171
14217
7905
2924
25153
15312
15019
27254
10546
18707
16868
18434
13868
13202
18273
31969
2757
4701
29309
3415
27466
25950
7436
7989
3155
23705
3472
6978
16027
9395
8624
32223
3343
23729
31973
6891
293
6403
3959
22757
367
6081
2472
10064
32368
2612
3886
13404
25006
6040
16103
9666
29448
32032
25289
22768
10314
28475
23576
28262
4863
8214
8155
9312
24711
3938
22416
17589
8297
1879
31263
10751
17642
27385
28941
8188
4574
14746
7666
9012
28094
27552
21549
17372
18683
3208
6870
12283
3986
13867
19188
10443
22753
20800
24048
26466
18872
16163
74
13457
23732
20693
15499
14349
1224
12099
21115
17100
24093
6347
3731
6322
24860
6140
13749
32109
19401
6045
22811
2206
13650
30705
9870
1337
32743
2362
2264
24622
7373
3964
11387
27209
22190
13187
15523
29014
5684
1319
27738
29834
21718
29391
8187
30750
12785
23092
19177
15421
24090
5736
21888
23328
20659
12054
8012
4728
31676
3339
29049
15372
29164
22517
30091
14755
13056
24939
1104
22564
4692
16686
24850
28156
27568
1711
13584
14528
6756
9169
24368
15891
26263
29935
27630
13259
23772
2593
18840
13135
17414
5563
3261
15427
9534
9239
22755
19048
6738
149
16760
701
22096
27615
14091
15339
7252
1906
21692
26079
6302
6746
8689
5305
20455
4924
7243
13029
6389
27546
7641
7815
21614
20563
29579
13853
22250
13161
14313
6240
14667
11015
17924
7018
849
16835
22701
16158
25705
7200
10726
7877
28358
5975
9878
9717
2227
17751
2689
3255
2088
27146
30838
24296
11419
24026
25290
4832
27416
31092
22534
29522
16532
28363
2013
24691
32383
13152
5217
11359
17816
24514
886
5816
8965
10320
25734
11152
931
21318
32374
2441
29083
20472
6617
21306
20534
21336
15204
20437
2546
7614
25250
32519
25813
19945
8425
9248
28929
25921
7309
3188
17801
24926
21587
5377
32643
3790
14121
13138
14174
30995
25620
1443
24694
7148
9833
11845
18150
14806
576
32324
8093
31697
25894
13128
24245
15975
20242
19641
18432
12267
1947
15398
28131
9215
13159
29928
4711
16472
24039
7938
7821
26310
19265
29004
9186
110
9870
30417
7252
3674
24646
17269
23620
9013
20728
23515
27356
10831
29759
21637
13475
8168
20465
27709
19534
7850
23449
9652
11738
26231
31784
9322
14295
16485
26599
20685
20231
25607
1712
1957
24615
16879
8798
22703
13325
22384
31618
6280
18931
28585
5720
18893
11283
30142
21497
8577
29300
15465
11217
10927
26627
24242
6484
19792
1509
7674
4589
15470
14604
24894
5943
3978
9736
14746
14704
2876
24352
4108
7723
23833
16546
24699
24388
20185
26487
9720
22041
13498
30202
23619
9975
6943
6923
14993
8403
30589
3934
2956
17723
24695
32025
18076
3212
4424
1439
20069
14948
15458
22950
30865
22106
29012
6032
17103
7405
6641
25592
22811
31931
21167
28811
20801
29684
8781
25881
16284
25101
21689
24299
2340
8633
32048
31320
5800
32533
25511
6803
19799
24098
24938
25543
28805
9593
28931
7014
20652
16698
30045
25278
27569
21062
31785
32717
25193
23982
32641
10326
26460
4203
27339
820
2761
27471
26337
21487
2026
27451
12655
1165
30584
403
924
426
2930
28911
19436
7371
14363
25107
16228
26864
28226
17698
1520
17768
19141
21262
1539
2793
24408
17235
4989
3808
30851
2533
1489
28934
1258
12646
31079
26420
465
9629
16447
31608
4319
548
17880
28776
6946
14688
27216
16310
9556
10166
6348
26373
14685
26364
7450
30459
2328
30254
31893
6296
11866
2403
22089
31942
11313
5631
3672
27185
5481
28457
18589
23896
31829
1664
30350
28389
4044
9481
31847
29753
2417
12396
12677
3660
20791
20577
16399
6836
31269
2149
10204
15107
31831
6577
26769
26198
20550
16748
5898
14635
20297
10016
25084
30579
32091
3947
18904
29929
8222
9975
4082
22433
18208
31147
8418
26852
10589
27171
32298
26683
31750
15710
27418
5322
9857
3767
24817
24799
30641
16407
3653
971
16503
14952
26021
24049
30585
4685
32636
25372
18978
25872
21304
32534
16106
476
2988
10358
19671
13100
31411
5561
3139
15491
28695
18580
25825
24670
30641
25481
23803
614
17105
32185
28157
14827
16608
26873
567
26766
11075
7719
32735
10557
2179
17343
1365
11109
27307
681
15019
20066
27890
7509
23653
4411
13466
32010
25469
10892
31000
10619
28331
23747
22389
24220
20707
23183
29940
13491
26910
20374
13557
3762
10077
24935
1561
17092
25323
15535
2727
12582
26083
687
8239
15672
20979
10989
2669
23764
16991
11562
17775
12766
20297
1941
17146
25116
22063
30014
5931
8520
11189
26829
22618
8548
6821
8052
13891
23886
21556
24610
3176
29076
13703
15098
29617
30601
1653
23811
5974
5785
5519
19489
20734
16345
21853
8004
20521
18402
24299
1759
20683
21216
32132
14748
9529
18150
10174
6478
5961
14469
2487
9254
25781
1436
1181
1579
23233
4721
18292
24292
21790
23809
25875
3927
9229
23189
2928
9272
7624
21398
16414
12378
24349
12706
17940
11113
32604
29663
4272
10459
15219
15760
26620
31524
23640
13030
8751
5929
23719
6168
5751
19448
4493
26294
11509
8886
23268
19770
12297
31448
7839
19680
17105
13975
4969
27063
8428
2973
7817
8440
2948
19461
18697
6551
1931
15234
4119
17177
20804
17630
5291
22181
10502
9127
28266
28253
23869
22053
9675
9967
13745
27534
6520
32614
9227
637
21239
27463
23957
2977
3721
19161
16961
9394
31314
15812
13549
8106
28859
989
18661
2609
12821
24641
26793
18777
24959
12961
23025
7563
18697
15068
17135
8898
10521
15059
5332
8438
5902
27257
32661
16604
12068
29225
21231
30924
7575
24381
28841
17922
17164
18140
13337
1546
30764
2835
29417
1142
13458
30247
31515
4306
7399
8234
12875
12506
15435
21197
14900
17130
27895
24437
15990
9397
13345
7057
20375
12858
5408
30506
28487
12532
8145
25019
12776
31569
15929
28996
6477
102
1388
32666
3266
27617
3501
12801
4685
2623
5590
7932
11572
15679
30203
1636
1471
5270
9546
20408
15935
24292
22325
17076
6479
18151
29652
11813
21850
20718
28548
28923
24926
19601
17877
6560
20207
3744
7075
3976
9598
1881
19586
31498
31451
2270
26464
24430
29945
20966
24165
6983
6386
12466
28190
17155
2890
21059
32731
2496
9592
4554
2901
11361
1186
23648
15252
4833
30121
31991
23312
7144
25189
25744
19223
18076
9266
17071
2670
11962
24491
524
3899
3813
19893
32140
30754
15678
5568
367
22703
22068
7497
27851
9460
2462
28835
1849
115
15879
10488
24270
29758
32328
29579
16973
20572
25949
7743
11162
15471
31857
19805
11890
15252
16187
16018
16218
10123
14989
15671
26325
26392
31018
11221
13530
25512
13017
18153
2181
568
29111
1252
13
9075
8657
14198
9462
28442
16114
21004
10376
28329
5306
31128
17535
15160
17648
16784
5124
17055
2073
14905
30940
26589
23626
13349
24800
699
5690
23802
32685
684
2203
6518
20636
14584
13739
16560
29941
3609
16134
7329
16991
9829
1982
21474
5531
14830
15533
8375
15730
9127
14090
31053
4588
27592
27963
3392
3011
20851
26090
15456
28695
6039
24923
27317
25699
6421
11517
21953
32432
26657
21823
20228
9737
31979
10660
32710
22318
14207
18202
6672
8589
14570
7304
6908
28781
22431
7590
558
29805
13081
6161
8867
16685
10945
24223
28842
29515
15377
16111
28975
29329
3066
30021
11839
9324
8067
4757
21705
8864
1972
2270
24482
19003
1202
20922
29644
14023
25643
25394
20984
32196
7924
26326
329
15958
31217
26382
5979
22842
11830
26283
16772
25854
23659
5825
29530
12914
20341
7865
24181
30042
21075
10914
6006
25957
7493
13256
3143
27491
7732
14216
12197
11954
8270
20578
32220
5881
5873
25936
16082
5657
4042
25430
10567
20065
4158
13659
19291
26882
25096
28215
23633
12482
4900
22797
23442
17652
11500
25563
8437
30887
26242
6223
16957
12830
22125
5853
29156
24192
26503
18446
15127
19921
5398
14363
16129
2849
12857
20666
22348
1283
16518
25912
16869
6721
6641
17608
14848
24270
29167
18203
8797
11516
29148
1840
9417
22255
29850
16494
27367
3154
9596
496
21552
18504
1634
11296
19769
23462
8485
27783
11316
26463
26677
11235
14010
23360
2688
8826
13512
19677
16022
1711
13575
15051
18699
2515
26192
4111
16925
5949
10863
31703
24215
2461
17959
29032
16374
19085
21111
25688
4041
4201
21276
5373
27230
11873
5719
293
23706
10956
16880
19719
31017
4031
12667
14458
18648
10719
2522
29797
6718
10611
9731
27767
29858
22974
16644
22808
12825
25227
324
11679
1263
18441
18699
14021
27720
7385
28740
32089
23559
6758
19330
16694
7151
4981
9282
8307
8712
29949
1648
16089
27717
18744
1836
410
7523
28922
26829
13119
24852
1858
16422
9187
23389
8974
32521
6559
10045
27508
2058
9541
10383
12783
12165
12113
13617
1783
19939
20764
22886
31956
18200
20051
15225
3251
11120
17064
25252
20986
21900
22471
25903
4057
10663
6028
16860
13601
23071
11891
26755
21082
21808
12880
13818
13840
16386
16704
26423
9069
8934
3295
18361
22285
10972
9659
7972
19981
9306
6921
8747
869
4936
17047
27314
6008
3151
15618
15156
5610
13139
2601
4451
19890
830
16865
19471
28528
17152
17643
26697
26112
19412
31267
6600
7503
1220
27641
17036
11117
14191
23077
3520
4068
8714
5015
12773
32073
27301
11437
7725
24848
22447
26025
5925
7588
29117
21858
1687
10936
29319
11322
687
4055
9523
9039
20572
27971
7127
27638
25849
1788
24121
13157
11053
1567
30169
3759
3856
25713
31537
25334
5519
13884
2107
7643
785
18010
13364
21050
21851
14479
31904
3349
5296
9756
16270
30413
16445
26768
11037
5272
22965
1762
17983
15919
21561
30909
30397
7111
27258
13339
10363
16451
8225
14613
31230
13224
29295
4089
4651
465
31776
28062
849
8548
4246
29172
24426
18180
4659
13535
24990
30920
2055
5446
20745
30188
13995
32359
190
18119
16492
5997
4364
2301
4268
4420
22016
19446
5766
1708
1834
4495
4785
8844
7332
18191
31911
137
32081
19036
17158
31704
25187
20335
27446
24656
5152
14853
21580
12740
25573
16279
8494
32143
1899
25997
3576
27248
14665
12207
13471
31385
17082
4828
1237
13314
21153
32766
29484
8963
17866
6973
9085
27426
17523
29555
4747
23082
22795
19936
740
12669
25657
23072
12552
6570
4640
25177
4813
29762
13538
19385
9730
32744
10338
31520
4691
680
9039
29209
8812
28298
6494
14351
22626
13414
4822
25534
8526
14585
7506
22759
27707
8249
14786
3656
10306
25318
27572
28619
28147
25186
19922
12542
22519
28354
20395
9155
20212
29477
182
26441
19633
15428
3219
826
23163
3403
19605
17206
20167
30440
4734
26241
3608
9377
4233
30712
21283
5226
686
25162
16945
27767
32033
5220
19398
25423
1052
18989
8832
28194
20702
19828
18497
10588
26612
17190
30353
12154
25783
22725
26173
21020
7702
26133
14916
26972
2197
22297
4596
11615
31126
29245
1617
20009
12247
20181
5814
15798
17725
4038
18623
24646
28112
13955
32613
5880
10246
8764
19819
22682
16964
3922
18170
19648
22946
11021
5768
7443
13807
3985
22782
28908
9973
15374
1305
18210
18173
23864
25104
8736
18070
31223
20856
14906
9619
22623
28773
10817
32083
12002
21459
19028
16453
30148
25668
11514
4778
27856
7338
29294
8349
10570
12422
26170
5457
16420
23890
6919
6043
24692
27421
30900
28592
29222
8309
28837
14895
3310
11657
19550
19554
23425
21135
19024
11713
16133
17764
31986
19127
18118
6770
8212
17577
20522
13527
22641
821
25319
452
4483
27319
7539
802
28059
23570
17853
28028
31792
25005
21018
23833
10871
11707
32386
26216
8757
19904
16892
1442
2770
14160
14423
12714
24750
4634
21531
5688
22200
25382
27839
14646
30268
32091
32028
3946
28924
23364
9762
17494
22915
17940
18890
14684
13750
28135
21067
38
8108
22346
31121
21573
26815
16894
9451
22552
29411
27897
10500
6384
13367
23470
2580
7793
6362
142
3159
2364
14080
28879
10431
1227
2373
1388
14822
4251
9025
3437
30022
25745
5212
30056
1196
29847
27875
2120
21482
22406
6492
11597
26316
5448
2071
18260
19278
8254
19718
6489
31756
32223
14286
21562
18170
25250
4126
12733
3157
17694
27712
16597
27098
11376
21998
18209
9781
15838
12646
23478
28860
19898
6849
7966
18781
30600
11648
13472
9429
355
27240
24770
8483
3740
12176
28941
24125
26021
30392
20752
20225
19757
19932
28840
5742
17549
15881
24446
17684
7011
5232
16848
2761
11388
16825
629
12446
16376
17305
26139
28434
22696
19623
25556
29829
28859
7787
26321
12271
27034
18872
23916
13265
13072
18748
14700
17772
28078
10838
17797
27698
3182
14375
29727
5498
14742
23788
2905
8311
735
11659
21068
26219
4311
21355
9108
4888
28036
18569
2317
24951
7754
6601
17626
4269
5390
9098
27564
9531
15516
31868
29760
19061
9286
694
24618
26677
3790
16131
25042
16592
26759
4733
9148
11081
26806
25182
5388
15813
25150
13842
24393
31807
1917
31633
26977
24445
9585
26091
3053
18499
6687
6692
23223
12998
2613
7747
10105
15971
6638
16038
8680
23953
11574
23960
14577
16917
29455
24870
8515
22901
16435
13102
9485
28078
31994
1976
8457
15913
10879
23945
21177
9452
17150
27894
23537
7182
31105
30967
8085
14189
7356
13948
23460
26275
8501
15876
9333
4917
5800
15211
9537
28430
3241
20483
18914
1836
10891
23271
13786
28314
32385
7052
11415
5534
18435
25241
20214
8499
16755
17657
20997
22201
11521
1326
4877
28652
10444
9960
11472
27411
3657
24790
29199
11129
24809
24764
29007
32289
4086
5574
26077
22198
4030
29980
14864
22721
3572
27830
32462
287
17747
30834
31825
945
13444
3427
16427
12629
15426
20332
19592
31253
26812
17678
19636
24479
27195
32127
29405
27637
260
23804
25369
102
24704
863
20395
4285
19866
244
10882
7864
31849
19849
4098
2492
28943
13764
20231
1734
26593
12986
12839
21669
2248
24508
28216
103
27110
628
23058
19985
9597
22834
21398
6547
1805
9088
30192
17402
5053
6396
1304
232
29180
16999
12959
6209
29800
26873
8104
28712
19439
4087
16437
29482
9524
11400
932
9912
13620
4037
26233
1499
31017
14095
20829
29731
11695
30373
26983
23777
16677
12917
13723
21141
17750
6451
15792
17066
9304
5545
1559
4449
7349
27214
3384
12812
18633
11033
11775
3964
13675
2455
2967
22716
19408
10044
27253
1536
4779
25079
6809
10712
2713
20232
22288
25257
10685
22550
16062
94
15015
11900
19034
12891
8827
2277
25530
20914
21071
24344
593
7066
26580
6165
28918
28701
16697
24160
8422
26896
2124
3741
11789
23880
30947
29789
30849
9227
26234
18744
30544
11461
17693
10780
10363
16124
14729
30436
16962
30342
29838
20524
2466
20474
23991
10084
29213
22884
20781
5412
27321
23357
29913
27071
31819
3482
26825
11291
7413
11683
22229
31424
23790
1863
9602
814
20609
18222
21030
884
23385
10479
13901
2558
16635
21892
15452
26543
7828
1531
18292
2096
12789
15981
21145
9351
4572
13620
2836
1003
15221
14937
27157
16086
6432
13132
4509
14429
26229
32472
28827
16829
5509
21845
29270
7222
6499
31008
15626
19740
14820
19272
17366
30763
21666
6282
12245
13339
12103
12928
25740
3444
16136
10517
9092
11172
2415
14396
4919
19534
606
15842
11569
2278
2897
19488
22383
6779
30691
11190
11531
4051
15252
25269
14875
10685
9417
4987
11990
20899
18708
18404
19960
24159
1718
31935
6760
6991
16226
383
2072
17836
12356
51
13357
29719
2882
16825
26721
7285
13698
558
28069
11261
20268
27048
29194
25999
26737
32040
1505
31304
1996
7114
29729
4179
25991
23615
31242
11266
130
24189
8712
12061
28720
26037
17882
25210
6114
20102
31731
15821
8008
13680
29729
25026
21556
24971
1900
30793
22946
18297
32577
28465
18422
14489
22480
16633
8836
4733
434
16355
18005
671
26319
5961
13864
12879
13951
30516
26552
28400
15599
7723
30269
8804
18887
13641
24117
12229
27145
12947
9828
2134
31036
13704
6682
3257
19915
4601
30900
3682
1192
32026
15973
1355
12340
4314
27191
19945
28259
6512
25932
864
10779
24886
28522
18931
3038
28347
13495
7614
23977
26899
28864
31143
26140
5746
17088
27282
32474
10490
5920
25300
27187
19920
19002
25066
11265
12917
26722
17516
27087
29780
12071
20540
5697
11927
13270
20739
27568
6719
21312
22750
31252
29812
20157
31060
19495
7961
14961
2188
26567
12196
8398
18108
11676
24621
32602
30693
23548
5828
179
17854
14603
30472
6096
32237
10279
12790
24713
125
11907
2046
26970
29325
11025
12636
19044
2373
17830
8357
11700
271
22873
21408
11464
5379
24108
9816
10063
2722
5614
23663
30513
9672
95
21685
9679
6364
23190
6905
1676
17738
11680
19488
23180
24627
12394
116
25020
20323
224
12350
32018
21123
30807
18070
17942
19599
7976
22138
16289
16779
926
9758
996
23666
30739
1155
5037
4464
31829
7499
10982
12368
22095
16076
15966
31544
7653
18019
1741
5524
16415
9994
15634
24400
15754
15917
27582
4170
10203
27322
31190
10247
8918
6776
21205
1445
27758
16793
20465
15376
12334
28818
18079
30329
10711
31786
24665
260
23371
27601
8095
18881
22953
8756
13884
28126
30138
29710
4298
10011
17292
8513
15224
11645
17756
25637
1035
24903
15801
2848
32035
20774
27879
20599
18112
28844
15746
25699
16388
4863
9315
23912
1595
32211
14280
738
25880
10389
16814
9697
7233
31721
20866
31798
7695
9559
4345
12750
11150
21313
24637
9279
29132
27929
32073
31905
3152
7121
14998
7071
4328
13970
2295
3021
2216
26544
22721
28221
31279
7646
5680
5453
26924
7582
17670
16834
28449
18172
32629
13851
20839
25468
23615
5151
14451
4177
28
14521
27735
6351
24156
2565
14987
21795
27853
27563
26862
24898
20191
19820
23048
16415
15366
2042
18066
16161
9568
31757
12344
11732
24216
10163
29085
15839
19978
9703
4000
7990
26664
19558
12254
11408
31260
23486
22647
15388
1967
30120
23830
26735
16489
19863
7467
26049
20473
18321
30587
14170
3544
31038
5851
22855
20522
16703
31800
12881
26085
26816
27099
25136
31796
849
5099
16379
29470
241
14900
7395
25955
9836
3878
7969
26534
24552
4129
18733
17105
8634
13040
305
11702
19326
3219
11453
18930
16742
21825
13500
26647
12242
28077
1447
22282
11553
18825
24568
17065
11719
25416
3298
26033
32416
7465
19263
4831
14725
13169
2250
22870
26652
9207
15246
18497
18676
12006
28574
5561
27345
21695
23815
11497
4676
30109
6659
26480
7551
30141
15727
30214
23144
2877
1407
15459
748
6436
22193
9309
21398
15267
9983
11344
28768
27035
10585
13506
3017
20318
19794
20807
1063
18106
26394
8355
27455
4148
5036
28719
11283
12689
11592
11902
17147
7579
25636
28991
15351
2337
20319
4709
27460
4416
2614
10374
5165
5857
12666
24193
29220
29571
21825
28260
22545
27451
13021
17293
23018
32760
19210
2063
13444
2572
10347
8535
26537
14824
27192
24591
13930
26407
26417
26434
438
20687
31958
3777
12588
13011
24281
17606
7726
21724
31444
13016
13623
30280
17464
10734
16750
15219
31877
6615
5755
54
19393
6105
3225
13230
15651
14489
748
8511
29711
16698
23574
19160
11591
29641
10501
14456
24671
31449
30222
24817
5489
14442
28224
4076
17171
31760
18674
27949
18566
25681
13727
2328
22576
28494
14836
4724
26188
32422
13862
6512
28641
21143
905
995
11760
16486
24927
5848
2290
10241
9197
14666
24706
27876
22997
21548
31574
30265
23455
29613
13171
31299
31129
3513
12961
6396
15329
4547
21277
2557
26816
9666
30863
24991
17721
13433
30011
12640
17378
12540
20347
1928
5619
13168
31597
4620
21149
21266
23785
26802
10397
24955
9654
17014
19984
27426
25597
6700
8841
8482
21757
1640
14177
4157
20481
18587
12878
18721
23951
22398
15927
24043
20195
26804
32327
22762
27036
15787
14145
4261
31668
14275
8979
32031
27573
30642
8877
29273
6442
3111
16915
25625
8532
29613
17073
5866
23583
30162
8176
25188
9556
6025
16902
26797
17936
11982
21266
26432
4725
22920
27240
1261
3999
23475
553
16673
13786
10430
27416
26728
8978
7218
12968
12848
20875
9621
12122
27600
9938
27534
10053
21705
28403
10826
17654
4171
6124
20765
20091
20475
16738
9069
21179
7155
29843
24780
16649
23562
6284
14436
7928
1622
30363
2968
20592
5872
25352
17384
9729
13559
24064
16405
9592
10456
16594
7302
16560
1996
19294
23275
28331
14498
9673
11552
23265
13758
10870
26452
7896
12386
3122
23914
14837
31020
11439
12191
15250
20960
14132
19054
21329
3176
21394
7601
15279
6937
1370
20232
13020
30264
2893
27518
30154
31421
21268
23658
29059
9814
21810
9108
7873
21679
27958
8857
15288
25073
565
29073
22583
22153
4983
2286
26607
42
32113
17063
20242
7189
2803
30359
7457
30360
9891
13856
27135
9172
16554
27411
2377
13764
15533
24020
2026
4987
31743
26297
10217
21933
22549
20148
20102
19569
8506
9010
6278
4677
30083
322
2251
20563
1030
7162
1319
6131
4167
534
5490
30064
18931
26339
6362
8207
19665
29276
25979
27469
23797
23698
1584
23913
13111
22609
2728
3874
28131
4352
7612
14530
31154
16329
22015
4187
1785
7162
29847
23889
24353
10923
1612
25880
11863
12706
6879
5439
5508
20851
1693
3758
6272
2795
25139
30252
15491
13231
15556
11812
27356
7713
13369
23976
27621
30851
26585
26806
3638
10079
31001
15802
19993
7974
3765
7253
4414
279
3583
14685
19120
32610
32375
25637
6920
19598
19357
4350
16609
6680
22787
27901
28043
27229
7334
24319
20996
14777
13182
6635
30755
17137
9300
9271
15383
25294
17620
30894
31248
24331
29923
9328
17468
5234
9267
1594
13557
20545
22036
4839
12601
22738
6029
17207
12122
27003
7083
3792
22006
9652
29209
6274
1834
18295
3057
28623
11267
3309
722
2987
21557
10566
22067
25216
32272
15592
4854
17269
6831
6349
6464
21744
8819
20774
29833
23641
19888
25413
31215
13090
17829
29369
8400
3332
25010
25019
18839
29579
17605
18633
26326
6868
28438
4496
15510
29590
6164
14607
10731
7775
25758
31994
12491
9248
19831
30812
12319
6124
18932
29569
1051
1533
4856
27411
203
21496
4642
4739
31471
30321
20805
21930
21257
8114
32281
7601
14004
19384
22064
23854
3127
19839
3883
10127
15450
16768
3885
22460
20089
2423
2448
2552
2774
13673
21463
27912
5939
32230
1764
11928
16801
13196
16492
1754
28051
18380
6311
10096
22326
21233
8268
4492
8453
15197
31420
5974
24472
25110
26749
3214
6076
30850
21995
27250
25289
25455
16938
27362
11568
20310
4703
24258
17236
23009
9504
17312
8347
29866
14889
23702
13508
25926
592
21106
4987
1666
27579
7957
16938
12012
32336
18457
6163
24726
23661
11447
25756
9750
15321
27367
20457
16593
27387
8136
10672
3194
13898
1859
6729
15317
16901
16107
27141
21185
11300
12328
21185
373
2702
26005
4027
17674
6540
20390
8100
28986
11902
15502
27894
1895
17101
1888
20615
32478
11040
17012
8799
25182
20179
24844
19654
26324
29605
9271
5538
24425
29104
20214
4608
12990
25503
26014
30705
13686
10011
31869
17047
3574
16774
22976
23679
1384
31980
28308
17457
27142
20790
27532
24326
26261
28065
29763
28218
29487
30319
13890
23106
17222
19165
26404
18528
21734
26452
28152
11892
1338
14307
15334
22805
20050
28397
6166
6112
4643
13343
25293
1040
5840
16293
5081
5456
6184
13726
30768
30925
4719
21965
29396
24206
10849
21393
17657
12552
22132
27159
8554
27373
11614
206
3881
32582
32215
29723
24405
1985
5024
22095
14929
11596
19908
15574
2083
32482
27166
28080
14362
10917
10779
294
11188
19758
13505
19381
18622
19233
23024
9295
30397
26884
6888
23235
2957
5457
7180
29305
27464
6345
25574
30050
24426
8460
2922
29487
26930
22887
17279
193
4939
1517
21435
19425
1707
21705
30318
5938
26300
22994
13795
12899
14521
26720
12002
17065
23131
16222
23673
28525
19382
15265
20733
18242
20573
1144
75
28953
11213
26245
32595
32184
32009
20683
23768
28008
32129
10247
30577
15854
10040
25668
29908
5309
1574
11434
15955
22890
14556
26007
9895
21600
25702
25841
7405
9685
8053
16570
4334
10493
6334
27620
27811
6013
31901
5479
18169
290
24062
32146
13265
27603
9853
13726
21835
12228
20940
32137
4676
25581
30805
13346
5661
28347
27937
3424
32190
3845
29433
759
21979
28993
19659
13101
20086
9464
11599
8682
18342
1655
18921
4111
7062
28872
5330
23817
18896
19424
25203
9894
26556
19226
32273
6951
31331
28644
29103
12694
7545
9400
1328
15450
7067
1103
14525
2568
23509
8465
15974
2172
18535
24783
14092
7721
4809
16564
13950
11693
30956
5497
21218
30632
28611
7129
17239
20175
22274
27973
20952
21052
6694
11480
9315
8712
25269
141
8539
16924
16327
10928
29484
8004
26309
22418
28461
27270
29041
29569
25546
16049
15654
7415
4578
17464
20321
1810
21870
18241
25473
24644
16740
29690
1483
4428
13019
11564
24497
26725
8047
12562
6484
1213
8935
107
29767
5672
4117
15310
918
17686
2302
27454
9479
22211
25147
25598
8095
25005
21919
16550
2920
9803
18458
8055
26226
24572
9949
6892
31512
8766
8127
12433
31620
5664
14560
2584
30326
11258
2956
23722
2368
5467
9826
21115
29462
6979
23221
12961
28036
9362
31026
15142
28224
193
16835
24924
13858
19152
2740
27760
20849
30847
25365
7746
28000
27073
13407
24180
9944
3182
10074
7106
13944
26680
20541
22417
7643
9952
26135
4042
14873
27818
2415
31464
24464
5390
24103
19024
25316
10160
31911
26337
13124
6546
32311
23501
27119
11912
10411
25511
29431
3821
32070
19389
13125
26005
11993
8615
20446
6658
17195
24352
31333
31451
25501
2069
26336
27801
8462
28412
20159
28804
12029
4967
9498
6110
23021
20185
24634
14174
15630
17368
31835
28384
31513
17219
7088
22874
32380
7142
26536
30994
1207
2124
6000
13326
30982
11988
16313
29900
25152
26631
20411
17204
26623
16169
24441
27083
13057
24846
13127
31529
11470
27952
6282
19373
25243
23806
32704
13167
3951
30070
30656
11382
4484
30453
28226
8492
20208
32590
22945
32526
19844
21018
12256
25000
501
31568
20204
27073
6713
22
14880
5331
18228
4566
20750
10430
18836
30611
25469
1980
17914
8574
18094
152
9306
6852
20452
28443
32420
19883
22562
16584
25252
19933
11575
12745
27431
7427
5112
22056
29791
7574
16333
17218
28552
10226
25455
28025
6604
30125
16111
3626
6756
22310
20219
9695
19457
26465
349
28357
13674
12818
4804
21344
30054
32759
31175
15741
9692
15723
807
20840
31289
12089
852
26976
7442
27054
16691
25928
4363
15858
32287
8863
6391
4504
16174
12466
27456
21619
15285
5392
13449
2219
5390
13375
11667
4369
15256
12973
18525
14768
9472
25065
14480
11940
14271
3603
23321
21808
4068
16274
16664
15114
276
17668
25081
4089
31183
6523
14560
23970
11252
31462
20811
29087
7816
17613
1779
11730
3251
25410
31987
13049
13835
29204
4139
6530
1046
23621
18663
11424
10505
4030
4028
23454
7126
6466
10675
21876
5478
15521
16298
664
29475
23854
29942
20758
8890
19058
20813
1763
31519
17698
484
3694
9937
20559
13780
29049
863
8925
6594
30247
6699
19766
14015
4694
5742
26431
14445
10542
23676
23180
24163
18170
9802
7376
7379
20279
18733
28311
12394
20715
2276
29239
10616
30009
7129
12035
12881
15409
17572
21699
5363
31725
9425
21345
17385
21977
11491
6885
27247
5714
19864
6051
18390
12915
20079
16051
23082
22571
28008
16034
7187
17555
11275
10343
23033
21631
28075
9369
25195
852
19180
2271
5570
19481
16003
24999
6401
8400
3901
17435
12288
27654
6979
31824
714
20649
26780
27585
21059
7194
7923
11261
24590
7811
20123
18844
3501
23915
10448
11127
30442
21639
3392
31257
2934
14547
4298
7024
27601
29154
24965
5832
3433
15730
11268
29947
27142
12612
26072
28897
15973
3883
8535
3086
7203
8034
20124
23485
21214
1314
3535
8711
29846
16756
30375
1881
31065
22597
31020
2084
17951
19384
15298
27350
6899
25024
6755
21002
11347
26605
11052
16123
27610
27014
27675
6207
17436
3033
32279
2226
19410
1231
4400
19120
13367
24515
26153
13191
30385
1172
2355
4907
1460
13561
10748
15404
1251
29717
13544
18406
19577
3148
4510
27384
15336
10068
10951
28151
8128
11407
8978
7779
11985
22936
23420
19417
25236
18716
11982
9611
11975
23531
1639
3054
23640
14414
11323
10930
2948
21404
32284
28407
8512
14856
26169
11710
9176
2237
15588
3741
19158
20013
30616
3768
17957
17573
18746
12268
118
6949
6047
10317
24803
16496
27215
9683
20434
25695
13960
31312
797
9082
11398
17317
21872
4297
27138
25654
11506
4584
13817
24475
13607
16730
10670
28569
28693
19231
27378
25936
25253
30601
23459
10933
24653
22603
25203
30787
14828
19411
12522
4846
21493
19162
10927
9817
26576
13369
20995
3912
29821
2814
23950
10840
8827
23231
23390
31470
7912
13870
1325
15981
12777
1006
10722
16300
5196
3493
20571
32423
18540
1363
30570
116
31317
29922
5917
23417
11049
19454
18243
21469
11203
38
12075
7228
10905
29443
8879
3743
22759
4857
4209
29099
27402
27133
9573
7704
30761
3750
18832
6245
32027
11142
23055
29386
1669
4282
17498
2927
17987
960
26314
31451
6154
16777
23129
18095
14667
26319
2474
11412
14426
12969
14665
6514
24271
22365
25907
8419
6957
19829
6041
2279
11713
23829
7393
15833
7373
20875
14574
17057
13286
2856
16801
28972
4763
25422
17055
7961
3671
5835
3669
31413
27529
10853
24634
13354
12801
32182
29780
18163
8349
59
14334
30611
1062
15527
30696
22919
30069
11901
12127
29049
17114
5597
23759
18358
2238
15774
32646
32482
15750
26526
8890
17131
13499
21334
6606
9275
23912
4786
20945
13106
16324
8479
23624
28627
32273
28901
5933
25021
23748
25271
5687
27741
5606
23432
12636
13155
31674
27809
23701
9074
11936
16881
11489
29468
27193
19108
11916
12301
11724
20471
28849
11398
17385
28234
27134
24846
27980
9334
6839
5732
13059
28002
4093
27575
9172
6097
11345
3353
217
20606
22868
11826
7533
4715
1744
7473
30284
29046
6908
520
17397
29485
14332
7641
3155
27107
31400
7851
30621
1540
5774
23394
27771
4517
29498
3054
14186
2655
11957
20930
16737
3422
10571
9352
6581
18869
32401
30483
22330
27892
4007
10389
5291
15869
699
5650
3147
23059
23502
24596
5837
18484
4795
14497
4465
22185
19061
19818
28529
30427
3472
8773
31387
2920
13315
28637
1855
23670
22060
23208
8011
9800
28948
5658
26805
30223
8181
18457
19225
18690
3833
16560
6308
8624
2885
23047
15920
1941
21558
5267
16048
9452
4586
17290
32207
30405
5379
23962
7636
17239
17319
17882
29897
19095
22475
8449
23772
25866
21170
2774
25605
1239
18864
16359
7913
19744
28724
3966
8959
13202
774
10705
27633
24635
30924
7801
12357
16284
7123
7973
26940
31488
28940
23184
4602
19212
4181
944
25064
22678
20986
22833
1623
8123
30076
16673
8038
2347
9617
19693
1061
11720
32107
14732
4602
30832
29501
16378
2884
6678
19452
18920
18751
1048
31843
24242
17704
23756
6969
23697
15521
8796
18646
21010
30038
28629
12260
3014
25569
6266
867
10811
14827
3422
7663
21548
8084
16690
9798
22773
7189
32347
23813
22345
29092
25416
30642
15399
28825
30978
11519
11786
1486
6148
22093
14433
2123
3918
19056
19262
2595
16821
21938
25426
12441
11645
29466
28185
22407
4649
10990
15954
1025
10386
14966
9394
27189
8503
26883
217
2709
23764
11824
24197
10809
4918
3432
29446
10878
23629
19112
3826
1012
20355
23686
22553
26743
11596
16243
24507
20635
18174
3645
26873
30798
6372
984
29578
3768
19085
19037
24239
7526
2410
15187
14441
27304
29081
29998
3305
23351
30971
27157
19016
5915
4236
19432
3192
30156
28660
31106
25979
30104
16217
20795
30162
16964
4984
3249
26937
3830
28660
2505
11153
18259
17389
9456
27166
23524
5333
2215
13554
11710
19327
5694
21673
23906
22393
19423
10327
226
7324
19407
8127
1349
24289
26865
9670
16173
8311
23692
3879
28343
9746
2381
24935
15011
5509
28560
1548
26293
25235
14043
15882
18778
32258
28843
27006
17551
31474
30836
30622
17919
7789
5347
4848
4715
3391
15974
23995
24655
3080
12014
21180
1475
1423
7924
7705
15775
19289
21434
667
18402
17531
25299
7959
26965
32428
20197
10285
3691
21918
25006
27189
5484
9359
26437
10103
978
13851
11938
9882
10996
26196
29537
1376
32737
11028
5315
9104
10895
30354
15862
14899
4149
10292
25494
29442
23797
32676
14963
5152
20670
17958
2965
5125
21361
8745
2429
10682
5186
18715
2734
11596
14434
898
19820
23675
23771
14153
10436
22450
28603
27735
20172
27452
9332
32615
1068
30900
1923
30483
28893
5309
30032
12081
28209
11508
30805
20067
30228
18979
21123
14826
6033
17080
13793
31675
5272
29045
28791
20181
3326
17512
3946
17873
23237
14366
15720
16315
926
4884
24646
7968
25516
30062
14824
30568
30091
4331
4194
9318
23441
7449
8540
46
3667
23493
25787
11047
21611
16822
25214
6753
26489
6043
8165
24616
27240
10049
26585
25305
5363
18697
29320
30196
14439
26010
12368
2419
426
16339
15326
25434
7292
6915
14231
6032
7165
4445
6710
12781
19567
11942
11959
18068
21054
9009
19317
23683
14909
8973
1167
26216
24371
17789
23951
15798
18582
30888
15950
21497
26262
23954
12050
3687
20318
8267
8186
32695
24982
8295
16284
29750
28716
32173
9452
1047
23380
23828
20576
8202
15053
31211
18513
19473
32102
22359
21669
31887
8642
9730
7595
18850
27736
12818
12870
27827
16061
27992
14670
15436
29734
27082
21043
6697
26409
22580
26851
1937
1219
24362
238
21479
4255
24129
15336
6524
32405
29055
7952
31911
1394
18703
23598
24856
20215
10553
8642
2409
26916
9874
13914
21750
23734
29296
25412
4079
3310
19361
29285
2475
17556
26461
17257
25919
5180
26232
15389
22608
26056
10972
6168
19493
26926
8503
23457
5376
15995
21233
28109
13231
280
21601
7656
21854
6220
25408
6166
1455
28931
18782
3386
18189
1230
22419
4631
1341
21034
3321
31158
5685
10757
15960
12039
15666
30334
20962
20938
25605
24301
25377
6832
32429
27939
25389
19134
19755
6131
2338
10739
28562
22257
9937
22826
94
9081
13750
31554
10502
2803
12331
31099
25813
13910
2778
26403
26101
2795
25208
18547
20685
18516
12721
16564
16781
18380
9054
27557
20486
16560
21758
26145
1472
13887
7524
18941
31302
29342
11181
8496
2501
13086
4725
5174
22997
27074
4939
22454
8343
14332
15969
7522
25088
1720
14984
3102
6004
24475
18780
869
30103
27533
23484
11753
17504
14965
19070
10106
32111
14403
1888
14889
9376
29492
23105
30381
3808
5969
32401
11270
2879
17210
13574
608
8775
6689
7568
15673
24460
14105
28048
26822
22917
26001
22085
30355
27546
17179
12166
3435
22142
11891
15031
4215
15039
10172
4598
8617
8604
1548
6037
9052
2070
9771
31181
32052
8266
30360
7856
10316
15613
1229
3168
18064
7033
28612
8575
18791
32664
25530
12774
27542
22046
819
23450
609
20811
24894
10235
27122
13233
28922
19775
4351
15684
3673
9247
26536
28336
1060
9680
13726
5871
13120
1589
7050
24346
16175
15955
17325
18559
25561
6917
1475
20725
22669
9201
558
12652
25667
28346
30800
27336
1828
12920
23609
5360
23884
12133
28546
9249
7886
16088
24952
6281
24824
8056
14974
19473
31961
20905
5804
21114
16129
6219
29628
8107
17544
29092
5671
26697
10578
7322
18827
28809
27536
32294
80
15682
10378
31493
5771
23367
5789
6577
15394
12531
24703
143
18994
3589
17867
9322
1965
28078
9401
15136
8520
7913
20780
18075
22676
18187
23795
19459
11882
29339
13640
2866
3213
10339
14749
19049
12939
12999
12185
2625
27108
4950
14429
13796
17774
21663
11019
9084
28664
11846
30857
30956
20014
12119
31874
18623
30653
25305
24494
31581
19383
8871
28500
22661
9272
3195
3597
17655
27978
19788
8650
2161
8966
14042
8984
12253
31484
21383
12707
24521
15573
27752
20985
11031
3639
13724
14481
16886
13801
5340
17932
3345
6712
13908
6330
2310
32409
25521
22368
30233
17551
20860
6457
12330
13263
22182
3898
17124
3491
16996
21146
3640
28556
17469
31890
3849
18731
6752
27490
8233
26977
31292
22676
18309
26294
26443
9348
25500
26359
27694
31520
19766
2595
27135
13805
16722
31881
29155
8011
10080
29738
23774
31481
1968
7524
5612
30683
17963
15058
19021
28411
30017
31854
29728
5071
21794
20984
29491
31162
21297
15516
10266
4820
7605
25551
17790
3054
8146
29050
19384
10705
31161
31066
25246
3015
18715
28582
1437
30557
21987
29427
13833
4454
30500
27990
10160
10307
17488
20680
7093
29538
26284
29390
23964
27653
7936
19289
5793
9029
21395
6890
27470
14678
14934
15355
5964
23052
29536
9115
31610
25246
10138
21848
21052
5291
32700
20065
32278
31354
1912
11244
9849
24710
20724
4310
5852
2106
27774
3721
5135
30713
2172
5411
7116
3169
19873
11989
17040
11985
19303
2696
9128
21800
2233
6599
6031
11984
3311
17881
9335
8956
29952
45
23846
1069
26867
12796
8707
7419
1431
20265
30833
31250
3700
4204
27739
5499
31745
6319
12304
18205
14872
2488
28242
7811
10918
19465
681
2527
16551
3588
3070
28239
18258
15955
3428
5472
10640
1415
4409
5073
19891
767
622
3481
22885
20748
12323
31530
29150
5202
12151
21496
19547
6770
3998
16949
8907
19430
5172
17375
24779
29996
27088
23805
7380
11046
2269
16166
12723
20161
15013
2626
3130
29653
29871
2709
310
12108
32331
6137
16289
4231
5227
31338
13080
18941
32692
30664
27279
19749
20693
28377
22339
23959
14104
9102
30704
24430
9526
8327
17476
25840
14448
20952
27796
16241
5595
15630
16847
6004
12796
31341
22960
20500
13972
21372
17207
14754
31421
10948
24409
22416
16694
4308
12791
15757
12540
10888
16141
18418
15386
19595
18476
13149
26817
28699
32298
22427
12443
25868
31512
2508
27229
25872
6260
27073
29084
27701
30112
7849
225
31407
17043
18157
29183
9176
8911
8024
22692
3701
15506
9595
11055
19003
18513
14672
28097
7826
13410
541
5015
13976
12537
6811
2711
20073
14421
18520
9512
17822
26427
16986
22087
15123
14756
19205
29656
5614
32691
8511
29497
8156
7913
3281
21533
5278
29596
2576
11672
19141
26277
22718
4470
22969
2906
29227
14801
24832
22972
10911
13539
21693
22769
508
792
29559
19956
26528
23399
18716
17035
30089
2531
25414
30841
26300
7309
6844
7413
19687
21101
5692
20572
18757
225
27256
22051
19650
25396
31582
271
9056
2162
668
12200
20185
21371
24420
27883
29830
16727
4972
2367
25215
27081
4410
16298
28676
28199
16286
15173
15643
19048
22144
4333
5499
15487
30939
316
31401
13800
12298
5815
6497
2944
11331
29769
11831
22425
28257
26609
7550
16974
16102
5559
17001
9236
5696
20196
14704
13970
23115
26994
10741
18355
5400
11202
21288
8953
2285
8333
24616
9492
17804
26397
18283
11699
8888
21437
14687
25498
17398
29806
25169
32500
2449
19931
911
3563
4832
25743
10185
26487
13771
26214
30397
16499
3980
2113
27668
5878
4787
27646
30086
26592
13933
8872
15429
25267
11013
7914
7577
4005
14251
11210
5831
7155
9589
15252
10296
16503
23459
8979
29655
30333
4391
5383
6843
28371
14181
29140
7686
32543
567
16248
18189
31093
12596
23999
23225
8745
32306
19130
7213
14306
21769
2925
25256
16880
14490
3272
18093
6368
30992
4313
10850
23885
8038
31807
8503
20729
12842
6114
31431
17948
14208
6881
29955
6395
6249
4300
22925
26557
18757
28692
2658
31866
23447
29887
16828
7574
23817
4960
2359
14413
10160
6215
11314
6542
1936
18165
10616
10509
22883
3539
26656
23188
1686
8739
13233
18841
661
6198
17290
13078
11592
19423
20865
16789
16093
11561
971
24458
8393
17733
11804
998
22537
1990
11790
11497
25774
17425
26311
32056
15000
19214
8150
12079
14210
7460
19295
21112
14911
13413
30584
2013
16194
16133
28370
12122
9828
24081
19612
15479
1506
15453
1956
9429
11941
4543
14528
7430
17863
26234
8300
6049
5970
11005
12212
14998
1611
30670
6229
16064
15855
2497
10271
28089
2108
20077
29597
12786
28083
5344
5112
27907
605
13970
31769
2111
1036
19608
10510
29580
11747
17690
12719
1650
25880
27911
31105
30577
8953
16903
2778
23960
16429
8370
23622
28755
1341
8959
1322
31109
9299
17151
9639
11734
65
5579
1473
24399
25796
12987
12225
15908
5130
6872
2519
7120
19827
13460
13060
25703
12693
12217
10039
16936
10114
26016
28343
8018
10061
2467
23744
31290
3530
15828
8561
16281
23958
24560
13030
7978
4439
8846
20897
3701
25413
18076
11310
28133
11754
2316
26118
1057
18981
6347
1461
17305
3701
10483
3640
3679
21364
29505
18345
27705
8610
16073
31518
26356
27748
16104
9678
251
32333
24187
26485
31272
31387
19278
12282
22233
6149
21976
28751
23879
30900
31013
21146
32019
17295
7955
15762
21794
25275
29889
10027
19371
2914
25413
31349
27790
29364
157
5313
488
21548
3304
7687
6884
11541
20439
16516
29908
20812
27230
935
31360
15687
28847
20014
19901
18774
24680
21389
3906
8745
18187
28815
22712
10899
11440
15167
7440
10893
5878
18953
25369
28542
14399
30237
3666
16826
7965
7444
10749
21320
31239
9686
27252
3048
17233
19643
22720
22100
26971
31472
23656
21191
18184
11549
6023
4796
113
11588
18721
16888
6107
9197
10679
24778
20199
17536
30233
29586
10249
6386
7292
19328
7227
12451
16332
19614
22771
13959
1348
21777
6738
12933
24635
10652
30110
31260
20545
2917
10226
5196
17770
23292
15668
5300
7914
27801
9032
12792
30690
29093
32131
7013
13946
7036
19555
20952
4400
23410
15741
2011
32368
25620
14262
19730
16996
20400
30646
2262
3853
4119
20634
2079
27283
2977
25833
8871
20441
2930
27594
15180
15701
24316
22132
8118
9759
22725
27109
2875
31047
2154
8407
20735
13164
21989
27120
29024
11914
25099
5689
7825
9236
20568
3025
29828
5443
24047
4323
26638
3501
27101
17109
12614
29721
21150
3522
13614
23954
19682
14379
12949
5818
6033
22249
13883
22369
12556
15718
6711
21590
29110
15885
5270
9085
12211
20223
6469
9762
20463
26376
4913
28045
26722
9937
14508
19927
22419
8791
32531
4860
30043
24219
29101
3120
16620
22428
28631
24951
12305
8834
5726
26480
952
28
22573
25969
17837
29580
2600
473
21416
12609
26199
18594
7050
31270
19015
54
27876
14105
13485
16516
953
26783
17997
82
12421
16086
18970
3285
16765
28075
2207
8063
4377
4428
27293
1560
24016
14049
12022
4368
20258
23927
14281
15380
19420
828
13023
17631
1432
4850
8518
9299
23939
17822
571
7624
1635
19584
9550
22692
2008
22344
26560
14379
1761
19079
24880
26009
30627
14948
17270
16494
7270
32144
29136
10506
30177
27772
4924
22905
2231
8393
9252
16528
7233
18688
19264
4921
22158
25731
30137
2059
22952
31683
32394
28958
17945
10420
25900
10269
18094
894
22386
156
2427
18294
4786
13484
18975
17484
24613
32685
20810
28549
12432
23396
3452
10796
6948
4942
10511
3781
17315
8755
16759
23427
27589
3581
9161
19643
13274
13771
12922
31639
20144
17986
22633
5391
11447
18467
11552
32021
25187
32035
11863
12816
19922
32503
12986
1164
16303
21678
31213
30512
11094
29251
32204
23280
8761
22131
26871
31620
7810
15052
22158
28696
24826
2567
16185
25669
26153
4247
14188
27968
14015
7042
25321
16209
5938
31088
16774
22407
23209
4609
14640
28075
23833
1892
304
17010
26797
5670
21165
7670
2668
10055
626
4711
6678
18579
26610
22270
31054
32559
13705
20275
19966
10355
9733
4656
15352
23799
9061
1669
25049
2545
19169
26141
7475
13502
29226
15985
23019
7358
4594
16635
28895
12133
14767
30702
22988
655
28828
13092
13424
18708
10241
16728
27883
30109
8885
18837
32619
32694
30177
22766
7944
32548
1798
30832
17389
4472
11074
24405
25785
15844
19407
5498
24357
19278
13260
6676
21478
15523
27456
25246
31189
26478
17244
17942
11341
22697
30720
10344
14548
31698
2689
31275
12286
14402
14762
24715
15759
30907
15104
6534
19424
20800
6474
28764
30340
14121
23633
22080
4138
32630
24037
29524
16325
5988
28704
17364
30955
11070
14575
5521
21371
12150
26317
31138
1667
32756
8914
32342
2657
2478
25581
17773
9768
12921
1902
19079
27717
29470
21191
28124
27234
22449
17043
5934
4234
23070
19159
1276
5006
19205
27784
7161
20136
15560
17486
19132
26719
9442
30344
21945
16042
10106
7312
8048
24152
16695
5952
16612
2479
17239
27317
1615
4692
22011
1874
9236
2667
29893
9224
14325
4350
6565
3541
27270
15779
2544
4235
17633
28505
31155
23763
3740
692
31046
3953
18424
13114
24868
15818
5211
11276
12281
11171
10497
3017
3837
3627
5102
24495
28801
60
28455
23043
31943
3038
21537
18355
16663
27917
9082
2363
21775
29116
29927
4805
27195
6937
17262
14228
31206
25619
10709
17570
1327
20761
17242
11912
7007
11557
1188
22175
6777
6138
8442
11109
24083
18858
20403
10274
20581
12122
1517
30667
4512
17737
30850
16166
10625
21007
31288
21039
30501
26403
2616
22715
21279
19104
9922
9819
6088
11849
14366
18819
982
22474
10198
5611
11056
7745
30754
11830
27137
24828
28580
20690
3595
23428
11605
27679
10815
31451
14528
15827
18570
6147
25198
413
28145
15295
2209
29448
9440
20382
5189
9891
447
24628
16931
32351
21959
21675
3160
15672
1044
16251
18437
32279
11515
11381
19273
4599
9117
4102
12140
2375
25020
15290
861
27792
28110
31743
607
26712
26448
17196
8959
28742
11613
1473
4681
7559
21375
11248
28475
19567
22725
15453
23162
15716
21782
9251
11844
15608
4292
16407
29350
5973
14948
2896
25071
23262
11998
5863
4452
11795
1984
12027
4661
15541
25560
20728
7856
43
7681
22297
10165
26405
26173
32044
22122
8319
28932
8854
22063
3432
12508
28054
31445
7875
20010
13262
5898
8653
20808
19455
5912
16385
13015
11540
13264
13881
18007
32354
20928
1813
13045
32046
24749
11424
28323
23407
20285
3377
28526
31702
26355
14224
1804
12044
9312
10842
7349
22075
24472
10919
14645
3791
22756
28137
6462
19326
32182
6936
14850
32389
31202
26380
5121
14645
26890
20522
30752
25775
15450
15682
17148
30700
10358
952
23165
20224
12209
6370
10670
1951
7296
29362
3788
1760
46
23445
28573
3137
2513
15770
26626
30187
18812
10455
18128
6712
13238
6409
19676
23155
31019
15994
25173
21215
1698
20008
13911
19450
16687
7459
31932
20738
21162
2871
15926
4025
6751
203
28315
25958
5639
1033
15743
15644
22264
10559
21768
9022
22424
25221
31486
12867
17687
29345
18466
15543
4446
1831
27073
22658
24898
15845
8584
12141
11006
6525
30618
14562
6368
10580
21216
16627
1090
26795
27552
24735
7356
6412
19538
19280
3992
7144
21679
5543
17286
3966
29450
22908
31889
13054
2019
23329
31826
21999
10170
5095
29284
22222
12065
17892
20760
29944
23829
31987
23145
31178
26510
8443
31026
32006
15957
32117
15006
18552
28694
25128
31712
7898
26038
16695
8229
27126
26598
28254
25287
5130
8953
25465
6596
4208
7410
11846
31854
22398
20962
27499
16996
22956
27249
29371
11968
11764
16570
6325
23442
32639
10076
10573
22926
32381
9933
32752
30721
22613
9458
24770
18698
31486
10989
30506
13830
10156
15671
7568
14412
6320
31214
21093
2587
16025
29040
32356
25552
22688
27944
28696
6492
27715
6312
12447
11254
24623
16632
5549
9229
15971
7726
13524
18305
24979
23359
7170
18
4554
20501
29515
1561
21588
8674
27624
9078
29403
15795
8320
8905
32208
24904
19111
16101
19981
9763
29093
9857
18872
17119
30328
26673
28778
30403
8476
23189
29328
21399
4873
21712
22546
22966
17150
19260
31283
6757
26109
9309
21689
21603
27030
23059
29261
16066
25449
15123
30756
30196
6631
24727
5343
16169
2648
11349
22192
5593
4130
25262
11455
14236
4424
13609
6092
8770
21553
20767
19989
14368
25259
18104
22138
32424
7727
23574
24287
11069
26983
8399
20946
29253
2797
21921
28525
19583
11606
31841
28030
9878
8303
9269
25318
12023
16326
17923
575
13792
8812
17705
26562
21434
30714
26735
32359
18857
14034
24377
16461
20577
32679
9986
22109
18747
23104
25861
23339
1416
12152
2109
17692
6181
9354
18320
15310
25936
15243
20552
23732
25785
23864
14530
13057
18908
12274
2922
26312
1679
24583
32231
26465
23511
15667
10386
5390
27904
20839
21037
11742
2285
21704
9170
466
7596
8955
22825
12863
2637
5536
16606
115
17141
26652
8530
28571
31534
2204
21905
15845
19073
31319
13957
30945
32583
11539
9321
12589
5052
28138
17535
4433
31061
21838
18182
23528
11860
22091
18791
5377
20889
21260
10415
23236
10427
23201
22593
12633
19543
29695
4301
17925
28328
6728
27516
28054
28760
20045
15725
25090
14230
24914
18277
843
32105
23825
3522
8101
1348
11521
27825
1755
29402
27863
15521
27887
12851
77
6904
24577
9728
22563
11012
21873
4140
2148
25396
4680
26803
5099
14984
29396
5815
4389
19014
21907
16337
3097
14319
11603
8613
18853
31601
32406
10681
20490
21918
19515
16263
22699
2781
14171
29904
3857
13855
22130
4148
16691
18453
1983
9728
25844
1697
17133
13127
5870
8330
11762
28468
30318
10611
31032
18078
703
4622
18170
13789
23980
28813
8690
29916
5952
11609
18225
10608
26320
26631
18254
5096
30012
10376
17090
27110
7281
12447
17811
21357
16434
408
1584
15930
9241
27192
2972
31576
25304
12528
32463
23279
27333
11861
11098
14941
9110
27605
29513
14471
8552
6818
14925
1137
2311
30451
3099
31245
2409
27500
527
337
3707
2266
11285
25484
4385
9764
201
2810
10359
15487
6365
24726
16478
21472
14779
15407
6452
5047
29548
6846
29922
19418
21945
3831
5404
2495
144
8222
28388
3567
5033
2844
14160
13751
16744
6610
11662
11553
2310
1197
17957
32035
23532
4731
7037
18965
12895
27261
18338
22120
21346
19645
2885
7574
21464
9377
26116
6997
4330
10689
1003
4880
10664
758
9274
27543
15347
8115
23912
29462
26778
15257
25193
8004
25283
16453
11565
7644
3725
31085
12905
18769
29427
20267
665
21950
756
31384
31814
18971
496
26781
29572
6583
1878
16134
29376
29154
25980
14296
30904
4074
30670
18149
22475
13130
7211
15773
6771
29
23436
24871
4368
26073
1511
9905
27879
24121
17747
2564
3178
6267
27756
12891
23738
25804
1017
22901
29802
29697
23500
10473
19334
16263
8938
442
13523
11677
19180
25131
31833
17856
15013
24020
20255
2407
5125
23542
20534
17649
4413
4108
32504
27868
15652
24738
21138
23351
2778
12394
11968
346
4267
15757
5592
25044
27190
2879
15370
26277
1486
2454
24550
26542
24864
28572
3102
30053
30998
31651
9870
15309
28924
3544
28793
4518
13538
20763
23574
2016
6977
26126
23371
3414
18913
17516
3000
31417
25081
18077
25591
6858
14233
4999
17954
717
6213
23206
7062
20282
25826
5727
24055
6325
727
18577
12661
13632
26732
25966
29773
6576
18549
24713
26514
28509
8501
4143
21805
12830
12925
23291
22307
27253
7956
25509
9238
22534
15707
10011
1295
8270
23345
16595
22650
21905
30997
18783
18034
27156
16522
834
2623
25485
14784
18946
29981
25304
1136
30590
3647
21483
6152
13186
29716
23052
20232
24985
25289
19522
16812
8482
1039
22025
13259
5030
27678
4169
6655
23913
26618
9865
31238
5183
245
23648
10856
4257
22901
1837
13658
21760
18167
20488
25315
32601
19796
20985
11837
30986
24387
26727
10878
22756
2080
16851
6776
11137
25324
2758
16349
5592
660
17671
9639
1550
12150
7954
27062
26256
7713
24518
18875
1886
860
14942
30550
12714
10603
7842
30587
6561
27277
22878
4378
8841
13513
6420
3839
10508
31466
10990
22775
18387
14025
1014
10292
19031
24778
27273
23282
16884
169
21513
11099
28992
15223
19155
19880
410
735
28785
14730
14086
18862
28688
8904
5688
24979
30004
25897
12526
26146
31402
26516
3203
22815
1471
14966
22209
21498
8623
30052
23800
29334
12128
6146
31052
23374
23888
29219
27219
2106
23500
22321
18656
13742
8548
8400
4121
6660
21403
17598
27600
19100
10211
509
16656
29216
20680
26933
9461
15373
19307
17492
13761
6511
8498
8567
2605
17132
29118
1293
11005
7171
22813
1849
19159
23446
1601
24697
12373
7590
5553
10630
1625
16991
1151
21115
1697
15956
20346
5432
12955
16395
4772
26377
3706
20156
15591
11651
4745
18006
11267
15023
18111
21699
17611
21611
15508
23661
23441
19212
23316
24577
223
25416
12594
23411
1640
5972
16990
11842
20541
29513
346
31485
17988
4300
27977
8198
31207
30190
1289
11670
21513
23377
1218
32001
24382
7565
8639
19771
571
24017
14461
2203
16011
5582
8450
6112
18308
8912
7536
26226
1402
3118
5850
31722
22834
2277
7254
20179
13209
2176
22612
13490
21942
17211
28718
4933
19678
5479
512
14089
32551
10768
13497
29438
23583
14558
3698
28078
1469
23353
1279
16236
1431
15536
31940
17882
25174
10908
10698
20654
10599
18176
1811
2997
16628
25268
22570
18968
5651
17091
26877
5854
31549
21777
32751
11954
19201
6209
13866
18150
8953
15061
10802
17849
19198
13719
16576
20437
7320
25912
26573
20252
32440
26424
4077
22180
18858
15877
20446
2048
10053
103
26209
24002
17253
6171
3656
32573
24731
21439
22737
400
9506
20462
562
14816
13333
31659
29813
1252
26336
15363
27782
10151
15093
29422
30091
11657
18368
28023
11891
26503
20700
32028
3538
28861
18567
16504
6124
23593
22099
24351
15119
28594
13855
15562
17959
4201
838
26548
11660
17422
17430
17987
4638
27606
18820
18411
16020
7275
14109
7504
3857
14133
18240
15274
30456
10456
8075
12142
6402
28926
18835
555
9614
22358
9176
14257
29496
29149
24312
9849
1452
24668
23330
12097
30397
24881
31182
6135
30129
9043
14251
3544
20703
31121
8921
4825
15741
21274
345
23110
20915
7490
15298
22697
25843
29315
24629
2797
19085
15042
20882
14531
6782
8404
30444
13893
31881
321
32571
26841
10634
13896
3409
4953
5894
25891
24592
11633
262
12428
19161
19016
17958
29823
4679
21090
18921
28482
286
5317
20815
31651
18814
29530
3498
16513
1629
11927
18861
31117
28980
5211
27846
15698
8183
5657
18606
25715
24395
2617
25918
30260
31988
7355
16004
15932
5772
13086
10518
28570
16507
18304
20646
30981
6435
32518
1239
28264
7259
32638
18511
11166
19231
18499
22029
5241
31621
4705
4349
5642
25843
31738
4554
19740
15504
745
18164
30210
30200
4772
23330
2451
31796
10599
21945
11122
30441
22671
10669
19859
28623
9284
9880
11514
27749
1626
9
3014
20452
6265
24350
19567
6513
10620
12885
21068
21142
16920
12191
19288
16883
23742
15542
18229
13873
21698
12721
16241
32056
20668
10710
29961
23458
11311
22191
18219
6255
9320
2400
26432
28922
19625
26167
3626
2347
3463
30341
5834
11247
13201
3244
8646
28645
20786
11898
9865
5211
30681
31157
5515
10872
3158
14071
28626
24250
14984
3772
30649
30372
19509
5306
24304
22192
26425
7537
5572
9355
30435
4610
8096
22913
17564
13892
4308
22838
969
5397
6550
24728
21747
1774
16966
24849
1061
1723
15607
7169
1686
18665
28714
4715
31624
18624
7900
7407
13424
16371
20932
16376
2135
15477
26070
4150
30336
18575
25611
15183
23627
22832
1636
2257
16985
30340
3629
26476
1265
21191
20351
23134
23459
17244
5640
23342
1067
20505
18190
925
5272
19686
25778
5082
14509
12678
22130
10485
24199
9140
6898
14230
5760
26482
18172
7919
10836
10654
30149
26607
12162
22726
3698
1208
6389
61
730
9300
3044
22894
27534
28323
31735
1905
9495
15512
21163
12508
21118
8357
9719
27612
26898
21364
16944
12420
10597
22744
2858
17764
10648
28931
30880
23134
21720
10745
12757
17845
1065
9541
3196
5991
5218
26090
29397
30397
7545
15004
29978
32288
12033
6192
2585
2350
13809
30802
17186
10509
28583
4214
30499
13055
3629
29969
10514
7479
29114
32008
11659
7660
7036
31080
21435
16555
15764
5465
5500
26097
3171
29261
4801
24825
13572
21629
23605
10195
7449
29590
20767
18870
20427
17327
5257
8087
15372
19071
23969
27386
10271
21709
10079
22281
32347
8231
872
4067
22316
19671
5171
25654
25690
11283
29290
9488
8590
15988
403
14322
28178
30378
30703
3879
29656
5229
7586
31827
32702
11190
1813
4431
12048
11312
20121
820
5710
31977
4429
17334
17712
78
13121
17588
19432
5206
11995
6668
9639
25341
29562
28084
11362
5876
5978
31239
31190
18583
24760
32348
22986
14111
27190
25053
12692
8729
26240
30871
222
22295
18224
7885
24490
18341
19183
7826
7572
15230
14045
5015
26199
29440
16180
16705
3987
19934
25384
3838
29646
18965
16401
7898
32440
28449
8139
12877
20147
31088
18013
20823
3986
23063
17114
26575
29345
24260
18309
19705
26598
5619
19768
26966
31911
17253
1543
28352
813
30926
25376
22198
26567
9935
12789
6900
22289
14883
5278
23622
6517
6429
22904
27551
18419
5458
30227
26981
15902
9619
10571
28432
28007
31774
2228
30451
30110
19732
32060
30297
9910
22830
29451
24020
20425
4268
16558
29650
32603
25231
2421
15729
6371
3080
7961
27029
25480
31792
9890
29239
30248
8185
1160
26624
9374
10853
21529
7190
21061
11510
28186
7222
19896
5221
17073
13571
6620
23959
2691
28317
18465
5836
4889
14198
18436
282
10888
12641
20441
26138
28241
21740
17095
30177
390
24304
14356
16689
28206
15462
1954
9201
13803
26748
32698
13275
21978
28905
10249
1909
16827
5245
13800
26946
6738
12284
5601
19257
8972
27948
11886
3702
15078
26669
16387
29488
23691
16137
1615
17643
27068
16268
32448
5870
17909
10070
30789
9464
1102
10798
20567
11311
11423
12953
314
20569
23527
4267
25984
24910
17391
2846
21712
5293
20010
1697
32229
1999
26080
14194
8665
7673
11659
4399
5284
3798
9090
26858
9952
14628
31188
32123
23759
3501
9591
23066
5790
9849
26786
18221
3563
24130
23671
15710
19590
31784
15845
3825
116
18342
461
15188
20794
6341
29795
8440
6744
14479
26584
352
12051
9671
13878
2936
2935
4567
6795
24615
5789
10762
9545
17703
23082
251
20461
31253
21272
11342
29663
25540
16313
27293
10393
471
3832
26037
19724
25231
21731
25859
16447
2273
26726
1097
3386
30924
3673
17045
3618
24041
21950
32116
19109
68
2371
11363
5529
31594
23055
28806
11743
27587
10170
19613
26254
1570
2461
6451
6733
19867
32077
2328
28161
23445
24162
21010
9897
28191
2941
19920
5765
12424
23689
10015
25982
29225
20032
26465
14530
16262
1777
30778
32175
4502
6273
28044
23538
1886
9137
11174
4848
24005
16542
15800
18021
6563
20622
28810
32330
6171
7401
1390
24061
31019
26502
4468
22172
6273
20520
23772
22705
2192
13129
22225
18709
17380
26134
29012
15630
2226
29626
31094
16827
4788
16351
16330
12978
10035
12914
9498
25575
10086
20647
24409
8912
7418
26430
2777
21190
29938
10756
23486
10415
23729
27804
947
18906
30037
22655
8155
21034
20807
17474
17162
1399
28688
4120
28726
12337
11375
11159
6440
31558
20648
10431
30071
14150
17694
56
17847
25286
3364
27355
22254
28674
1553
29812
23111
3526
7314
11206
25867
30606
27717
5072
11468
4332
32131
14927
21476
20522
5501
6020
23070
15408
19594
6967
1458
425
24255
2812
22647
25442
27329
5557
25940
2546
4823
16472
6647
30368
13379
4083
20682
7553
10451
5357
16163
27361
18099
15246
5052
14308
4741
1473
22882
29293
22451
4633
29169
31807
6916
5139
15743
1379
7022
8603
16856
26057
21804
31185
26155
14898
15120
10508
5890
18508
6681
11807
26231
28191
23368
1244
31909
8361
6064
14807
27742
15813
13005
27501
16412
13650
28438
23556
21305
19856
12501
31123
19298
1741
25399
32358
17993
25154
13215
3867
3994
4152
5952
31217
29489
18799
20203
31554
32650
22463
23845
11085
19576
4608
8829
31033
6682
20264
5149
22359
23563
5299
16542
31912
1242
1096
5921
24479
9658
19609
9371
20007
13946
8587
15216
18152
6583
32663
14660
30662
12624
15983
24333
1451
5914
14053
28525
391
19925
9
1856
11925
32351
1938
25713
32223
5416
2432
3857
25348
21478
11007
6314
26169
11146
15501
26064
6030
29298
26463
13818
18291
19168
18945
23952
10362
19883
18494
26181
15966
19764
4671
2471
15941
17564
9975
14836
17474
18228
21950
11568
542
1077
827
7796
19288
12978
13704
14729
8810
31178
11153
25782
11086
10530
957
23765
10049
21907
13777
22444
24007
11807
25617
8315
5871
7466
18344
25298
2776
2534
15433
6053
27252
19984
12055
18594
25996
13274
29890
7618
20996
4136
19187
26911
22625
19710
2283
9477
18824
30777
17255
6219
456
10878
26566
5348
32027
23153
4717
1201
169
28711
9323
14489
32142
11485
23641
11740
4317
15082
30340
15780
17637
31218
6223
27358
30643
23389
2770
16967
2776
25351
2247
202
16492
8249
9127
29705
26962
13017
1040
18746
18622
12509
2410
15924
20725
5
3274
26825
7508
30666
19222
2135
19860
24466
14955
5530
9804
7461
20155
1220
6839
10084
29115
28112
9144
4409
12796
3859
2075
16586
27991
24084
31262
9970
31375
6813
11824
2801
5682
6162
20216
15970
5824
12546
29337
19822
11279
6396
30005
32576
11758
164
23728
15032
15881
16389
10678
9060
16653
31529
14847
684
29452
29927
8145
20812
6946
1021
4807
29960
8793
24159
24018
1690
4554
11982
28285
13296
15365
10411
26997
4756
5555
3598
26696
30316
378
23571
17517
8355
4897
4468
4997
23271
3573
17245
14560
21205
8811
29819
12355
18865
12038
25175
30184
27739
2171
15586
12231
26494
3348
31824
31764
3083
1874
18730
2313
6118
9174
10911
23013
30431
32385
28444
23861
4067
2779
796
14418
29299
23473
10816
27691
30806
3587
20130
14148
12171
23325
23143
22783
8322
5635
20371
6683
17548
6162
4641
15994
16527
24805
6228
17447
14334
28022
30024
5015
19464
2693
29132
1327
6928
9790
10100
24583
21598
25878
20969
13806
13332
32246
19076
16558
31587
8603
25115
9361
14590
28989
3355
15395
30159
18542
5591
20794
6634
24134
18720
26420
7615
445
20758
31360
23443
30040
12861
22880
5425
11784
7892
31212
476
31055
5218
29019
30857
20132
30609
28798
2635
20505
8767
27021
8463
15931
6099
17190
30345
25401
21453
15507
30574
14665
26274
26444
26340
20552
21702
22972
22071
13984
27658
32584
17613
26991
808
10638
31836
4070
22428
18154
32090
1519
32182
25151
4021
31250
5870
20468
19397
8857
17015
11324
12159
19954
31767
3739
5099
21078
23861
5798
5848
8360
29748
13834
19662
32416
9727
23503
20292
11304
19941
25822
31507
30726
4008
30145
29483
1980
4048
8619
15236
22188
1605
696
88
12416
24349
10101
23952
10953
23987
31139
14972
25062
30201
568
3526
32040
20495
11943
7593
15924
10772
31585
4190
8104
3132
10140
24791
18177
802
22099
2992
19900
21600
16526
2147
9659
24926
23779
25275
7403
11367
8253
2187
17444
13314
15324
8095
15696
6271
31901
30707
13520
16336
12156
28195
2587
27546
12119
21027
27560
30092
32757
9776
27151
9712
6726
18950
18027
22655
19948
26196
2
25466
23547
11373
25896
29942
12029
15936
11104
23160
21562
21130
21189
26305
6710
26954
22696
27115
30842
9334
32123
28597
9367
6380
8685
14364
30825
11179
32599
7723
3481
20291
16215
24851
12901
13706
14010
894
7076
18833
18336
13601
30724
1494
11994
31376
18583
31419
16535
1879
8846
6455
22592
32326
15940
5580
32672
3084
30590
30649
4424
4104
8945
10352
23090
18267
23812
5962
32420
11842
13784
17786
9815
2979
24197
20032
13273
23269
15271
16223
2864
2053
282
21968
11200
12774
15105
29368
8559
26345
26637
23704
4358
4030
2300
8387
25562
31866
18783
10518
22189
18409
9633
23011
28623
1317
12869
19502
8328
27495
26735
30748
5563
29726
7078
25512
31683
7998
31960
10648
14753
20955
20126
27823
26457
758
11970
2853
921
10903
6399
9812
11420
10012
1799
21172
24654
3280
20939
1033
1969
5055
14326
2523
20863
6089
11706
12327
8209
24310
22992
22612
3711
6665
25530
7784
20745
21336
30540
24188
29877
16346
8554
11886
16954
9858
27155
8149
18461
20939
20383
24122
20506
16277
1860
32133
17349
815
9951
3253
17521
3509
7153
16596
31313
20636
5096
19498
24285
28299
14753
13746
1655
28268
27690
17610
11599
9412
21196
21806
2948
18239
29257
10023
13452
24208
10082
0
1493
2679
10908
11962
26796
19491
324
18689
27487
19131
32689
13406
30110
17976
16585
20397
7207
11381
14023
20690
22435
1161
14651
10920
8906
9300
13393
3898
17358
25688
23895
25142
17655
17866
4218
12190
24714
16105
15312
31425
25584
8591
31644
31082
19988
20486
19405
3927
11533
13340
29383
7660
32509
11386
2406
31785
6713
25649
17472
10970
24746
18582
25131
6413
17011
4432
25600
3273
21459
3759
29086
1021
31309
12864
4145
8631
29959
1438
3508
31638
17521
906
17844
23426
13606
1854
9047
18842
4631
17919
1182
29294
16870
1778
25319
15727
21392
3376
25782
10148
15951
26652
15540
13982
22719
7669
31224
6061
19263
25767
11654
16212
410
23783
2325
7419
24551
894
23318
14052
16045
19685
3057
16992
29259
7955
146
3139
24983
7571
1572
17813
28614
31705
11036
2186
15756
18902
10618
10676
1411
28362
17995
10616
6097
18010
19059
22975
14598
5090
30889
3053
26691
16396
9411
23319
20641
5282
20532
26225
27088
27296
28627
4101
3071
32398
16094
5035
31484
24332
17214
2613
11421
10671
26380
11498
20062
2571
19285
27958
20043
12049
14362
13471
27425
10908
19867
24827
4016
28486
23254
20704
32131
24704
32074
5213
2755
10466
28160
5607
30553
19135
8140
20374
7507
7933
4817
24722
137
13859
323
5832
384
20404
18801
16609
14222
23484
14594
23668
13887
15016
7550
29818
16888
12122
15889
17411
14298
14205
8844
28968
11497
15894
19373
29761
2158
23644
16544
32600
7578
7370
5573
31197
2155
29810
20660
25754
20948
26260
19839
14826
7960
1647
2359
7718
28791
19287
30129
29793
13068
27400
14985
11093
10742
11834
1896
22172
29366
29558
23427
26660
10456
21543
26212
7645
27862
8180
26093
30644
21049
8781
9626
18885
30977
26180
774
16076
22087
27807
7089
24285
28705
2091
2048
28246
4294
21587
18309
14609
13554
31216
17025
7646
14732
13923
1191
28208
3207
22754
5411
30230
25862
10767
4059
16493
18115
29135
25589
27477
21681
3929
23449
8417
14048
22413
20728
2067
6049
11656
13453
16903
31724
2421
18594
18286
31486
24997
13847
14910
6470
10723
24159
32680
19074
23809
3787
13899
24358
17591
30987
23719
24829
29614
5362
15316
8978
9687
20345
27251
2257
31489
11015
31718
18538
16299
13551
12220
11382
14358
29754
13679
6365
8607
13736
22610
22263
24140
22769
10181
27889
32421
848
28587
1139
7621
23362
5406
9343
17328
12684
11105
17053
16871
15227
21781
28469
15930
17007
17840
8508
24542
27803
30508
25874
21183
774
26620
29355
5399
22741
30020
28398
17216
14285
9545
23642
21959
30228
30247
32495
1473
6455
1218
14156
19298
10865
8190
6421
10955
8235
7219
16535
17188
191
31451
11183
21483
8833
14990
6631
11403
11520
25393
14307
14897
16265
8810
6652
10203
24813
3158
18986
17586
7300
21631
27943
9369
28786
4872
17105
12038
28969
27179
1489
4112
17968
8166
28282
16330
25634
32752
23795
5072
10233
6642
28313
3871
14220
12276
671
25642
19287
26901
29175
23850
17787
7296
32374
7861
14853
18587
15667
30866
19571
2690
48
14540
1653
10675
828
13573
3056
3083
24599
32269
20552
9713
3544
29107
12511
15057
28556
7899
6361
460
13856
12241
4643
685
6529
20189
26547
16159
11521
14616
15633
31774
21245
29565
16150
16300
5052
22083
20979
22213
23451
25195
24694
30612
25703
5525
12425
21479
19979
12311
24828
12257
10859
8528
29828
20718
143
3642
3587
22780
2820
9791
16905
25065
13695
14926
8603
27959
7620
18989
25140
31751
7110
31761
18186
25413
5392
12908
12178
12320
8035
13318
28486
12477
13985
6735
21158
29996
2537
31220
30077
23707
9220
31152
20069
713
29440
19301
5005
8638
29466
15211
23738
15290
226
18983
9868
8555
5785
992
6915
10338
30942
2767
17217
9672
5770
1909
1682
333
8152
29490
6825
29794
6345
28946
18733
18856
27334
10474
11892
12456
14727
22692
21902
31172
32565
4055
21893
20077
13259
18843
21475
14743
962
22683
4213
5226
23021
22891
24143
11067
16546
7964
11792
11962
24090
19982
3431
17773
4122
6406
16342
20829
27347
21632
21686
15887
7944
21575
24188
27317
2926
18242
12090
1190
32088
1425
15977
26124
25747
1241
7141
19676
32399
26331
5177
32268
15552
22092
27165
10496
27204
9696
18749
8005
21702
26025
22076
13441
31906
25247
32761
23210
4170
17536
30225
20087
14056
15834
26789
26644
28229
613
30045
25626
32745
30615
26028
14526
20868
21363
8790
19273
5260
7586
48
6600
6440
18116
18983
11524
18509
18952
11396
26292
2342
3322
25967
32754
5562
29085
24241
19436
713
20154
5310
4828
32502
17015
28402
6458
3372
4907
27931
10031
15930
4721
20024
9294
11712
13948
5248
7039
17999
23978
2726
15163
4300
28763
11868
9727
4885
21763
9238
9978
487
27262
6160
7945
18944
31908
12434
15846
13440
26398
30067
23453
10901
23160
20700
1599
23639
30582
3406
6105
20209
13484
29926
26791
5634
16969
30176
29062
15427
24628
28763
29352
8041
23130
4443
29323
17229
8006
24340
10540
24650
9458
23142
11128
12518
4060
22948
27395
17077
20573
153
24060
20091
10806
31181
25441
23441
23148
21764
14191
12938
20311
12040
3165
25365
9973
1704
6985
24869
26500
25345
16755
32080
9807
12028
32169
15477
4296
28184
25090
21154
3031
11882
19919
17717
23922
23522
975
30785
5230
22735
28834
11059
8852
32677
13696
10421
23800
29182
19243
11730
22150
22752
20770
19547
18654
31294
23832
19594
32610
18369
24228
20966
30860
19144
27450
18278
12678
4525
1626
22233
20468
586
14855
28549
7700
13755
4987
8207
3338
16742
22553
18331
12661
4409
1699
25139
28230
14131
30893
29805
16850
21542
14418
23112
26918
32187
24101
32088
19866
17846
2922
13859
28841
18043
21639
23754
18943
22737
12213
19692
19412
22247
15355
24775
377
4245
29789
10144
31792
21731
9041
23397
577
13519
10866
22930
13386
25419
29304
9041
7383
22150
5992
10469
24114
3692
9480
25672
29309
9328
30614
1811
12797
2185
5305
16287
5049
3962
4280
22890
23620
13911
21482
15548
11991
16197
21614
4490
13474
2945
6171
2458
20068
22180
4794
5608
1082
14117
13427
2889
10164
2079
15494
31310
23598
8276
9276
15979
31070
31347
13852
2136
31785
12950
9569
26552
31163
32015
14764
6137
18646
31332
25335
5243
21866
3224
18890
14324
21095
4524
12209
27411
15823
10086
13293
9827
27407
23633
20586
19315
1935
29189
8945
6452
19848
5288
22175
16290
22806
11189
16790
22182
21390
10236
2802
15419
26897
29419
27903
7633
15457
25355
26537
12526
19700
22989
30515
24347
839
28295
9004
26878
22389
19130
31135
17604
17928
7062
19083
15298
1807
15552
14226
2907
15217
82
27637
3364
1152
14372
4288
10822
14801
25674
20802
7716
12620
10973
960
19518
19839
31999
19051
11605
17975
3353
16526
6097
24402
31335
2060
26463
463
21943
19210
18398
27431
25453
1513
10108
26336
16075
11639
5148
18015
17007
1382
2044
2814
23069
15101
27028
30302
8639
6157
17089
29951
30122
25127
29474
5901
22563
14860
25026
2941
20514
3941
29176
20825
9558
31924
16268
4952
7528
8075
26139
25010
7812
16636
22461
15922
23318
25168
1764
11917
27345
507
26504
18674
29942
11472
2945
28386
20435
12146
24116
10818
14730
31755
17265
24751
3603
6208
7580
20753
7812
10084
32523
3955
3472
25835
2736
29458
21838
8994
18424
10931
23100
8734
28146
27450
12164
21234
27060
27769
28798
23334
9211
10310
21365
27748
18961
4048
22958
17523
7668
11059
16550
26986
4532
22345
6300
30237
12829
5571
9295
2780
9366
9081
26121
13917
15433
18687
32220
27382
27268
6521
15660
21519
3679
5040
4974
8152
26528
22885
14382
4407
12507
28901
13911
28165
9438
17629
15535
7545
29516
22128
22433
2788
26759
21895
30783
8351
19667
4968
27783
28482
16057
907
11493
21783
3242
16040
8954
14799
20965
15381
19868
12915
23195
13647
26142
8605
4944
26583
27345
10215
1924
10559
13002
30884
13203
388
28390
26318
11738
16286
15372
15936
27419
15446
10930
15653
8738
16216
24483
16817
4777
14985
12799
15
13178
20378
27267
21658
3027
21470
2058
1615
15374
18008
11604
3458
31105
27673
7175
13009
420
1737
24819
6743
18545
22915
5530
3874
26129
28646
23280
8934
1972
23400
29023
30194
26561
23278
4622
15204
4399
8346
28003
19865
29234
10724
29383
26344
539
24045
17833
21136
32377
26127
965
10734
901
29881
16550
29172
957
28282
23145
11478
25294
10587
3013
13318
14263
13938
24392
28259
31276
27060
26595
13998
7992
5131
25257
1597
26919
9129
9684
14323
28323
7835
265
30575
7453
11169
29405
12420
14959
7485
22423
4841
10687
13066
30007
32306
30630
1359
2232
27135
29073
20180
14483
7796
19560
2292
4228
20713
7790
3572
27280
30946
12393
13715
26951
28993
27138
8162
26439
14778
23918
8790
1
27784
13902
2844
5568
15454
4052
11948
30951
3745
30248
29601
5241
1492
5898
20680
17375
4180
26040
29047
13798
20293
13842
29728
264
27084
4860
30501
19692
8318
21508
26606
13616
13593
13893
18490
18789
31346
31882
23986
20059
8367
23223
32708
9375
4534
12389
30638
30787
29158
22221
9945
7645
6404
1511
26473
16594
6008
5331
23314
18133
7097
6519
7213
3242
19462
11114
1291
24624
26711
19984
393
23454
18579
17927
7908
1549
2819
24002
19919
23863
1799
23924
2755
11390
22535
14896
24727
21808
5293
16462
31056
27657
1617
15632
12602
20473
29877
27526
24632
7720
23027
10414
19800
10040
4787
13024
170
18890
24225
30825
26451
22083
17695
14711
32221
24528
12854
309
29905
7847
24531
14902
904
18320
24368
25111
23870
31908
22160
8288
31848
15189
18223
17580
14407
27567
28537
28682
22718
29918
7546
28066
7265
31471
1430
32412
25806
10715
29050
7485
32064
12737
23378
31571
12129
22643
18748
16340
6752
17460
31997
18370
68
25536
19444
28241
32128
6029
13132
8268
24263
81
31861
16053
2337
5828
1492
5292
10303
28839
953
25745
5899
22277
19858
20589
13956
4537
2911
8590
9929
3120
22374
13170
5747
14192
10280
1511
7208
19801
5779
14959
20078
22827
21625
233
3516
10569
26433
14190
13527
3645
31453
16762
9052
2811
24828
23116
22168
23146
4224
26255
1184
28192
14642
2361
28062
19053
16308
32692
22378
25500
13752
2364
26458
24693
8816
23944
20058
26119
12101
30380
31551
20644
3276
12862
18264
32300
9206
3511
20806
3471
26503
541
31246
14221
22985
17119
14445
9408
6785
25601
13932
25821
4386
11128
27955
27447
1857
4568
13090
13444
18249
13868
28702
31204
4976
18725
27689
5407
2281
13176
27702
31278
17243
31617
4411
27134
21651
11820
11655
17008
25718
20245
1110
4004
3385
5102
10147
17015
18388
28450
26685
12362
31923
11703
3101
16390
3247
11385
16119
26716
26174
26709
28943
25426
31462
28163
6222
15099
10488
27880
1941
4997
28026
28986
20561
22138
29285
2405
25168
9023
19729
23213
24019
10465
237
26901
19428
19728
6771
5760
12521
17516
30299
7447
11642
0
2319
2282
8560
5132
14944
29914
1342
31752
10615
3766
28037
24549
27918
9892
27874
16022
9184
19907
18443
8655
26973
18446
12314
16141
675
21892
30504
10710
22442
5766
29470
31554
3262
3968
712
4794
20531
4043
26923
21504
12372
32722
29465
1647
3484
23156
6914
14725
32041
21930
7949
21150
12141
32362
15719
10242
12071
19403
2779
19746
3217
28009
6052
29727
18651
22795
22143
2188
5593
23427
31236
26485
15865
12502
15413
22688
18551
26525
17496
11538
11732
5035
7938
9941
12420
5104
31861
3577
11751
28573
10539
5849
31610
3721
29875
32160
9295
20692
31420
31499
6842
18890
624
30320
12878
8714
26627
6399
30215
25831
17547
9800
11977
15630
18450
15869
11785
25705
31209
27385
12490
19268
21312
9090
28364
15023
26612
7883
10752
30243
4520
9149
21054
8296
20759
13559
4410
26549
22952
15892
21173
15642
31556
9772
7408
6939
24164
27549
19814
8094
18030
11531
3514
32007
20033
17317
5359
1697
21262
21162
2263
23616
363
28716
5070
31012
14498
19221
680
10785
14415
29287
32487
12029
19498
8648
14641
2842
27169
14141
6146
18772
30378
13878
16031
14125
9047
31691
75
23336
7082
2117
5052
10866
29740
480
6864
16839
4025
21711
21117
9620
28446
5249
32518
19801
7910
547
26741
32338
14192
23654
31557
14678
9029
23682
24927
16383
8105
1147
10056
29963
11120
8866
16792
7170
22547
11872
1710
15385
12547
25135
28834
10839
11581
14057
15227
32502
24351
9285
13218
31244
22138
19102
18583
7019
26856
27127
14307
29125
21600
19005
25678
25876
28679
30923
11601
56
24393
32564
23246
32226
31529
30524
28927
7346
26069
8231
173
32412
31870
22839
18338
6032
7014
9584
13664
28506
26683
7326
10259
15047
5795
28057
30149
4105
23320
21960
5585
14940
32758
12772
32410
28906
20690
3070
2940
29932
20494
19140
32515
23315
27306
26112
30043
1062
7773
17505
23304
2284
17893
9854
15319
7500
32667
17176
32277
11955
25162
30879
24062
16822
29761
14328
15736
21241
6311
3198
7170
16207
26383
25927
19175
30498
8524
936
12727
278
15239
13051
14071
4073
10895
11679
8472
12190
27759
21313
934
19930
32582
5210
3266
8590
14931
14073
18130
13782
15696
22723
8823
7201
27137
21048
23744
2451
7180
24376
5533
25511
4875
12485
10902
25
17120
19466
10684
7171
32328
23196
28896
20038
12212
20481
19716
31019
5204
2159
11791
32586
11636
17621
17093
16299
23563
10272
4341
7468
23185
6583
24052
5410
2322
12615
31563
10563
16257
4038
19373
8388
6734
18866
5164
25790
30010
18074
28076
31702
2155
14816
27287
26909
23483
6333
17618
29237
1110
12677
10224
4278
24708
18477
27558
4815
17859
23562
21119
12081
21785
31451
8401
4136
27048
17674
8176
6667
21891
1839
24993
28887
24768
3286
22482
279
16079
4226
5256
4103
28170
27890
17944
5880
13708
29602
17306
28150
13639
3221
15771
2473
15441
850
26386
20601
22911
9517
10901
19189
23093
5319
16333
13174
11132
30424
13608
10495
20821
23596
16845
2408
26702
3308
29653
14012
25938
6431
3768
19423
1989
21104
11781
1140
12753
4914
87
23549
6906
30369
11908
10308
4345
26219
17175
13051
15047
8559
9729
5791
4600
8132
139
25250
1610
30717
7567
19144
32638
10667
6632
26066
12646
28964
31015
16218
30272
2179
29319
16638
9026
31216
2596
14016
2934
26402
19047
29357
9416
27169
12741
21437
862
29521
10409
13307
7975
18604
5038
485
6071
2639
22034
2326
27218
24632
22632
11810
20038
13646
26508
8642
11134
9121
32732
20273
24405
30196
22693
2517
17320
25209
17372
15906
11311
25307
13839
10684
19981
19841
2714
24283
17829
5138
22558
5876
11952
19252
26927
6294
652
24474
11597
13458
12503
7229
13846
7774
9789
26089
5305
9147
13710
20476
11182
1942
5908
28267
18597
1068
29219
2309
6844
14450
9457
5116
22772
1204
16040
4513
11494
6780
24506
16751
13746
17333
29813
16459
14137
9488
32215
32266
18828
32679
23715
11316
7331
13793
21172
2567
9299
6037
11922
12735
16506
14706
21827
19221
13693
23454
7780
18182
2292
9117
13944
2261
5795
11637
31615
8275
29101
14351
1995
31070
26116
28897
24335
9384
11812
8906
29113
7610
12545
19517
27265
12856
23613
24738
31298
28262
28319
14585
5641
13035
18113
30657
23404
22485
2568
25624
3870
222
14297
35
27072
1773
32010
24240
9977
6880
23447
31770
2760
1417
31383
7789
20761
10486
12910
203
15255
9974
10563
19983
12738
20696
5045
11951
10049
17526
28105
28135
15481
23155
16423
31252
19806
18880
17799
17502
25225
9317
1126
17305
14476
4478
12541
7789
20866
26755
27507
16565
17642
4557
11858
24614
16821
20566
312
13361
30365
22721
17359
25898
21689
22938
9470
30377
24654
22750
6753
12593
1001
2750
27639
20239
6570
1440
10267
28805
7907
30567
5046
6952
17890
16372
27314
18567
23050
5356
1202
18445
10793
4796
12800
30761
27909
24283
25798
6827
21560
16207
31362
18546
16702
19315
14772
18500
20685
6647
22489
19709
12388
4136
7069
24300
29223
13938
28493
29818
21226
13859
30603
32268
9868
25713
581
26923
24198
32447
25064
24291
24259
31772
2256
16744
5299
6157
30980
11520
1179
31372
23584
28
16687
8528
22418
11976
354
28239
28937
25926
18557
32642
5931
15862
21614
13288
8839
3706
18019
461
25290
4118
14744
588
3125
26461
15469
22035
6478
20234
24508
18278
29910
27180
20585
19815
32764
390
12091
21652
18640
12341
6890
28817
1274
17299
8313
23336
9388
21084
1477
25742
4565
20239
8799
14567
28568
6551
14999
7949
28156
21547
4313
5261
1509
32627
8509
27379
12611
8684
15193
19016
29577
32397
28250
15576
18017
7851
31571
10297
16029
13082
16852
22408
32113
4245
23231
31478
16864
19295
21847
16515
11893
13867
19098
27146
5939
18490
15057
1150
27598
11971
26981
9331
4636
3479
10996
19424
17606
13061
22948
23843
19011
17147
25527
16197
6151
7535
10336
6016
13815
1021
5845
15358
30241
17106
17318
17380
21674
24776
26701
22671
5127
6866
262
11293
26992
11931
31969
14640
19858
14442
13333
12270
17797
10313
6295
13389
14333
4710
21739
20877
8900
24249
19771
18182
17512
7143
13990
4643
3633
31079
14554
22959
29269
11491
19941
7759
25199
18145
21576
21584
4654
15010
1869
19107
21066
7498
20891
806
6077
24642
11784
24614
815
2779
2734
19233
31922
14132
25153
14544
14255
22109
32672
11876
13088
32700
8105
11281
2560
20400
25938
8393
10240
6517
21493
19274
13948
28744
17388
11354
21933
19403
1374
28241
30240
19370
9560
26073
26215
24191
2336
4082
26894
20467
21446
12601
26321
550
18939
31337
4363
22098
10278
22050
2162
2219
7861
17385
23554
905
26801
25713
29751
28104
12438
6936
15999
30831
14177
26805
11503
12177
29162
25489
24117
21105
4212
28851
462
30441
9347
8801
19577
31757
22766
24547
4331
4107
28724
14986
20676
19798
32019
5105
22978
13059
2391
31107
17204
31859
7921
22845
24498
7218
26440
29621
30476
24095
21716
12124
23680
29901
2792
12544
13616
30250
30671
23957
723
2910
21787
10548
18090
22518
570
22372
20661
23618
27978
4249
3880
22267
32302
28922
29209
27177
14306
29799
14203
1860
1035
25531
13135
26266
23763
10062
26649
3568
18675
8895
913
10860
24081
32240
5020
16819
15693
32593
1914
32334
15895
23394
20801
6994
15171
7539
15242
13120
13919
3502
18282
30250
17732
14424
9892
2839
32235
31316
9756
8361
21634
14057
7311
28925
8127
6853
12674
15571
14197
4161
4216
495
24933
18662
23656
28863
86
48
30574
25917
14696
23443
29377
26391
933
3004
15077
29965
21977
4889
21538
8091
26275
21915
15156
14041
13005
21947
15940
3999
15833
17083
25111
9196
16604
15406
10118
4745
15248
28346
17710
16873
7076
28189
10600
10836
28246
28782
22652
2885
20548
20133
31505
4112
3967
28254
12520
10183
13282
30938
31690
5215
24994
839
22207
29967
18981
3137
19841
20473
7960
29336
10288
24332
15292
18772
32583
9257
30848
11510
19407
2180
23765
32257
18387
2894
9022
9401
13075
17297
17318
16939
20476
14683
30711
29293
11480
23070
28392
1063
3395
3159
8471
18770
2014
9838
31831
25920
11335
19677
22859
15325
17736
31637
28468
26164
2894
16029
14855
20533
23325
24061
1731
25525
17603
218
6657
25782
1738
3042
9420
25321
18866
16107
31668
25713
12191
21974
17438
11754
3150
12474
3038
19370
22861
18239
32520
16454
14956
27463
12290
31832
9839
7892
9694
896
2053
294
9447
25257
27390
5923
25978
23438
2488
29436
11544
27004
20186
32526
32184
857
8005
28678
20322
16101
72
8777
2041
14656
28179
26259
9561
26797
30319
477
19874
15253
27564
25733
14802
10447
17370
23721
11930
5406
30780
18387
30570
12795
30969
2012
6095
14741
2325
16138
9982
11287
5792
6012
2481
29225
25389
6600
32305
2233
4230
22242
11956
6651
26014
26944
15850
10158
24519
4411
467
10914
25637
28857
24787
19319
9571
10761
1288
6311
4516
26126
23003
24007
23741
1440
2005
9
31393
559
25269
1030
7708
16809
32191
8378
4037
24990
23126
976
28974
15779
25805
11040
16477
13556
13179
30583
12160
29533
15373
23702
9436
16730
29472
21117
30471
8061
2576
27625
14679
12560
16138
13851
11418
14844
29545
17883
10247
13289
31807
5565
3701
16039
24881
6563
9163
28620
32137
11139
22200
17823
14214
13674
21156
16693
16886
15553
28134
27610
7175
13008
18487
19379
17243
11904
11622
2977
19546
29541
4174
23143
21708
27131
12806
17680
1191
27952
18775
4235
4389
4387
15987
22169
30234
18220
20195
27113
22917
796
11714
17792
19813
17862
29737
2911
25550
12478
30186
22112
18747
1888
20097
25442
22822
16660
14919
21925
24790
4305
4073
6775
1145
1504
28185
12305
31346
10723
29059
21436
4340
16405
1795
23352
12752
2515
11797
15709
22667
13404
16269
3587
11956
21461
3208
28960
17012
3984
27042
18736
2919
25485
31337
9434
12714
6977
20754
12240
19254
27031
13931
10999
876
16949
11793
12232
24816
22528
2787
17142
7611
25826
10166
31312
17772
7883
6219
14826
3551
32245
26238
19575
7681
14445
12223
23290
14051
5839
14022
1950
29453
1616
15747
12257
4116
3074
15188
6648
30319
32084
17275
4463
29574
8664
12239
14097
23052
8778
25521
2055
31887
26829
15170
24644
13901
22135
31444
31776
30282
29200
21150
15682
159
29719
19123
14020
23061
21510
11061
17554
4594
15064
13509
12819
24083
32455
15679
13324
15675
3162
1188
14785
5035
24735
22104
22877
30195
30901
19086
23443
5639
23182
15360
10886
1685
6899
17891
10214
18582
1225
24090
11868
22308
17810
24490
16937
9611
17207
6510
13578
17314
32516
13580
16734
7260
10740
2599
24714
666
20015
12758
24733
67
12753
28245
32048
7063
22253
15099
32657
1728
15570
6252
10784
28074
18060
26896
29432
22037
27310
29124
20946
17897
4175
21199
9511
9161
15699
3351
29333
1514
31212
26517
1668
25382
3423
18694
14089
23116
30732
23011
19979
955
20137
660
24228
303
23246
6625
2505
16346
9398
22441
30254
8375
19012
24534
32612
31515
18244
31120
24644
11661
4852
18097
23697
12503
14018
3961
11737
24925
16984
30340
14236
29358
16598
10488
18097
16729
4958
24323
24548
30466
21718
16517
25060
13492
10985
521
32349
14201
10319
19962
20065
11048
9295
19988
1548
8063
11138
26904
2920
21361
28121
2244
29838
19137
19937
31746
12558
25040
30022
18784
25233
21428
4759
1472
10429
26249
9288
848
25689
12812
29949
27837
13746
13414
11526
8356
14909
10565
7461
24906
19837
22321
9880
11404
20775
18206
25683
20505
16517
6717
31118
3550
4888
29208
10623
25794
12929
7902
7273
20884
1954
2043
30165
7233
25344
748
8223
1355
17515
3154
28981
26486
17890
5957
3228
8645
11697
26346
9908
23972
27612
9800
3388
1383
1728
12887
6424
32499
15096
19034
27986
32443
21118
6767
10080
1775
30482
21605
25765
26351
992
19149
16698
20230
6749
16980
13293
19541
32370
27984
27530
16653
32220
17816
4442
11490
26323
14489
5354
22972
20969
22950
25869
16559
17206
3728
14884
15149
26290
27255
21917
21626
27618
10975
23226
20321
17591
2822
9364
13350
19379
24950
15711
31419
5453
15318
23279
9526
28823
27909
1147
24195
23326
16746
17826
29014
27665
19845
4779
11108
31398
2762
16913
211
954
14000
16191
1007
4792
10245
23192
1310
12731
3716
23226
28438
9463
20649
13060
13133
30037
31684
854
23217
3677
31309
17687
3738
29529
1143
18813
11773
20407
32519
27912
17122
26288
15463
9296
27672
9767
21494
17921
3879
24788
931
13860
26246
29601
20410
22176
16398
23124
21757
24832
32687
30575
247
3446
14946
4948
9357
11040
32094
22189
5334
3467
5519
17419
20013
29558
27460
29901
19844
19160
17960
7492
5115
30244
3443
7189
2225
30411
22625
6366
11481
8450
25316
30236
22033
15559
14997
6732
25328
14366
14321
21584
7646
20129
6082
24341
16937
18999
18651
18547
22357
16676
16904
16212
22195
30018
29765
3353
20277
14477
11566
15929
31616
31461
32183
15915
32323
25872
31005
27271
14535
9471
24605
24936
28616
20306
3171
3860
12932
31262
12357
16095
14353
29933
16049
13132
9971
16902
3940
2422
31470
13551
4957
27566
32025
23089
11666
22374
564
3163
993
31310
25403
23113
23625
27324
25659
8870
23130
16209
32101
2224
12522
18906
14945
9787
7178
31092
9189
7929
14137
10228
26501
30968
983
22149
12749
24172
13276
7571
28301
11439
3273
21480
25460
29830
30431
12565
22752
20390
3215
28436
17653
12151
15923
12075
11501
2327
24059
9747
12462
674
10282
21338
29858
1457
7042
18438
24003
23328
13820
16507
21493
13333
27069
5535
32409
17469
24134
18747
12127
20825
20971
12709
28507
23546
12166
2204
25180
17800
11372
24947
29817
6025
672
19058
1516
20512
6983
7545
2340
22484
15708
17382
18197
1171
5285
29113
15827
19959
9446
7158
19807
5832
32084
11851
9920
12225
16460
17395
12630
30615
21317
26586
23148
15415
19204
8194
780
16719
26639
18469
23
4113
14179
32668
24725
29748
11113
11903
28233
19003
16679
26126
7304
761
1459
8271
22860
85
4078
8953
29829
12107
17006
2449
4527
819
27068
15059
22441
13894
2752
19795
21189
29534
30073
8036
15644
19709
28658
9785
8484
9617
3441
14410
2692
27894
1521
22265
14630
22333
8658
15222
2702
28844
3536
10976
3435
13061
11058
21933
29548
12
12355
17995
21845
9539
11526
8967
32082
19704
18470
18223
11147
129
18476
30579
2296
8135
15604
13713
15479
29185
23906
30514
22044
13250
27985
17422
1224
17974
16332
32599
18941
25512
10625
24661
8176
32072
30578
24142
17888
9772
15854
5032
9895
12180
5056
23633
3471
23154
3494
13151
7526
16938
3589
5108
15829
25750
15578
24933
29421
27469
15348
6811
21251
6693
27489
23737
3774
1782
21030
30974
16238
32417
32563
8686
28575
15185
30357
29612
4591
20481
32494
23467
23068
27967
25378
9093
11361
25391
31828
9003
5891
1234
6161
24127
2599
20616
3786
4286
16870
468
7816
28386
5795
28768
24027
7239
10140
24641
23315
7756
5056
10107
15283
19900
13505
19656
28707
2990
4201
917
20389
15785
29745
10574
12426
21772
28432
10203
20646
26029
7569
24939
8705
4033
31784
2416
20431
16636
13254
3818
4003
4345
5291
31721
4831
15579
13180
28237
11375
1589
23701
3537
32439
31015
20896
9032
17865
24010
1382
13606
4572
22734
18918
19777
1530
32610
9380
19417
28408
25172
15684
27606
18091
21626
6743
23634
30553
28752
8309
4951
29550
8418
1932
15850
30064
12781
14967
29000
31797
11073
21715
367
22356
31593
13070
8416
22489
13710
18624
11684
31037
26265
12607
20365
5781
17816
11886
19390
9
17251
2517
12653
1160
15743
3063
17384
17338
22594
32223
17878
23606
17464
26877
2496
18934
29382
2352
27600
2311
32269
9508
6360
20613
18449
16606
18069
31175
5403
24213
16694
26583
9564
16836
29208
805
4562
26749
17364
7548
28784
12032
1915
21044
889
20876
16160
13994
30765
16501
29079
28397
30887
31351
27517
31418
5382
24906
4472
20139
18379
15478
10176
3499
6530
24169
13023
30381
10149
8135
21941
23198
4797
9473
20670
11927
6090
8745
1688
3672
22757
4357
10687
17138
6436
3426
30620
8643
28606
19370
9406
22439
13935
23993
24167
29805
14110
14829
1354
19080
23742
14460
1427
30471
27506
31499
28712
9672
1012
29308
14638
26088
30263
30471
16336
8829
10059
9868
827
5000
3714
32039
10477
15141
3537
23558
14384
17157
10616
29303
12001
19998
25317
15685
21366
4769
15062
4165
26688
20525
7871
24108
9196
30274
17771
12963
4944
3832
16101
4766
18533
16881
15257
14057
31375
908
20151
21763
31781
17499
12248
27184
10541
13528
16356
15562
13159
29011
21811
2008
28558
10799
4850
1250
2010
7246
20425
18435
14281
28106
20410
8767
29983
17126
21837
32279
10795
8004
19946
27227
25933
26456
7558
18240
8629
5660
19842
18866
3437
31493
8911
18667
28826
5174
24407
2629
6655
22773
12952
32588
29890
2139
7570
10776
11123
20559
19940
7130
31818
24757
13362
16820
8880
16098
22985
29646
31233
27987
14726
31398
15761
15263
8180
32423
2541
21163
22196
5630
867
20765
7970
25769
17860
3091
16437
720
360
18452
11175
7513
26995
32327
32342
1207
22359
482
24555
7682
18330
6630
1465
27213
5082
25354
23784
6196
3598
3572
8146
21428
24846
19887
23213
18496
23126
2650
9067
2320
262
11293
2270
21437
7726
4706
32032
24843
6729
2881
16178
14341
21511
24379
2019
14160
21584
17708
32243
18617
901
21115
13689
29456
17417
15252
16002
15929
5632
30872
1787
7552
10326
8786
5073
21549
31491
7022
21846
2136
30350
23013
6887
30719
7376
25788
27084
1110
14075
23022
15199
1886
9435
4263
26224
10169
12635
11186
14313
7869
4170
12341
32430
9415
26975
29852
3783
30674
5243
31699
32705
12360
27439
4280
10833
22551
21374
13776
10555
30728
26596
15672
24946
3917
24727
7391
21889
10584
8716
21235
18473
1524
5309
28313
29260
1934
10794
4321
20490
23507
13085
31225
18729
4737
27443
30369
14522
5750
23960
16862
6137
15630
1810
12019
20598
24491
22849
12173
31090
13205
805
2622
1164
21509
8928
21804
7581
12924
17597
2315
16864
24921
21362
16456
21078
27819
23970
30343
9576
13636
21670
23632
23503
527
10381
4869
31921
15267
25953
25880
7436
1559
13740
20090
5720
11544
28219
26967
4200
5690
1826
4864
25234
11660
9729
23849
4111
111
7557
8020
25508
31400
1585
15501
28290
31155
21598
29016
28268
10842
3968
15848
24343
25735
3756
16529
15062
31063
24151
5248
11895
10095
13153
2218
17511
10643
3922
17154
19229
4981
31203
9199
31414
28874
29632
32253
7645
23203
1676
30163
16878
30459
5669
7781
12891
5772
22314
9578
17230
25832
3771
9233
12176
24260
32640
26607
3497
663
10221
18492
8265
28516
13764
23360
1510
26067
21211
8200
2983
24455
12063
28765
10113
12460
27609
20215
23968
26575
19504
26093
5384
24563
20207
18800
8060
14561
5513
21177
30878
10687
15451
10048
89
25060
2096
16431
13436
27627
3338
1558
11687
18182
12832
21728
25451
10901
14115
31750
31661
10232
7877
3842
10571
7841
8828
6663
24067
13933
4995
3823
21392
21556
19747
32373
12309
15519
7216
29092
18879
22841
16342
30607
19878
21449
26518
15171
19957
31712
21131
13818
31563
10926
29682
20881
3425
6425
16617
3900
7916
23569
2935
1657
197
31517
3789
20546
18503
21818
4299
12935
7416
18406
15558
8155
2412
19576
7049
24430
21351
32690
19609
28987
8002
18329
25790
642
25232
2948
5566
1657
27137
12916
876
18239
30342
23459
27105
785
13749
1376
30986
27072
6512
5657
2403
3682
21185
31674
3585
8520
29705
21814
26582
1585
32346
23138
32305
6845
24097
30218
16516
16677
6920
17983
30058
808
16154
30446
31464
24905
14632
10935
23539
8759
15980
26107
24371
13965
28525
12343
29447
1211
17442
24465
6857
12612
858
17073
16723
14123
18780
7378
5314
25767
25034
10265
20346
4126
30923
4645
4714
6481
26472
9959
13457
2773
7991
7604
11200
28610
31031
15512
29346
12719
27644
17902
4091
4829
27916
25645
9005
6322
392
2053
6656
31337
16911
27819
29602
26633
21983
13937
13549
15763
10557
24473
29161
30336
25368
26475
4242
30058
24041
30597
10459
29706
10205
29555
9714
12130
20022
9855
3270
9275
30702
970
3015
28626
5022
11420
14316
10447
7327
12537
6907
17526
15215
15989
30469
23585
17750
12617
25391
26350
24393
15269
9657
15285
18446
5960
28472
28477
3489
30031
23334
25263
12759
8266
22941
5706
577
1173
26208
5209
10067
4838
12571
2146
11973
12578
6892
22177
5434
11637
11553
18356
4896
26529
27972
7320
12503
9366
12885
7892
26133
16452
24406
244
18569
12717
9997
9017
3518
5438
15621
4239
25667
12639
6102
18367
26633
10569
10406
9446
13836
21015
11248
32550
25397
24096
30596
20123
23167
21125
27087
28305
26202
31494
24157
20468
26957
20506
19356
12295
2526
830
28131
10073
21942
9613
9138
9462
8193
7313
24380
10714
7956
22873
20770
22699
3410
1483
12418
11687
20816
7228
17456
29403
28983
7486
4419
17557
21866
22457
21204
14877
7785
30526
7938
1696
4598
19607
23865
9837
25462
1187
29109
27748
23449
16737
16961
938
9021
18762
30789
14754
13712
16612
9215
9241
15733
8852
9489
30657
25130
26803
31804
8929
18215
7653
27243
74
17225
18342
243
13965
4911
24358
1817
5995
2789
19543
22741
5005
2751
5956
8917
5750
15240
17316
8133
24245
21980
2735
15054
9823
30931
26416
15196
12220
21472
10204
24101
2625
10232
31714
32615
9150
25590
11715
14960
31193
24638
100
8804
32699
32160
25186
30779
3081
11136
27557
521
25366
6452
22840
26498
12631
5806
31575
14269
2583
26715
18890
31800
15979
4682
4722
32029
8297
24209
30242
6851
1685
8941
10160
24696
9116
2472
8523
13438
1605
25024
17422
18771
21924
14917
5590
13365
7569
19715
4433
19686
16216
31841
15448
15021
23218
26761
30847
21149
17140
24521
16874
11033
21639
11833
20578
2200
16024
4255
20135
1958
5392
20111
7176
10284
16071
16343
19506
7664
5108
16666
22854
2655
16617
23482
15406
907
16637
9467
24368
3184
1481
6246
7875
25211
7831
29036
19618
17485
29719
18508
26912
5564
27732
30263
1723
1306
2791
1201
3059
5562
24938
11322
18269
13233
25648
9774
2547
13530
30515
21994
15278
27421
18254
3376
7767
11248
17325
28621
12954
28957
19329
14968
29532
30406
25592
28926
23374
31399
2668
14236
26818
156
30427
23468
5054
16483
25239
20357
27215
8354
10046
7580
18208
25388
18925
5871
22091
26240
18097
16547
23663
8339
12350
17643
29699
14031
30692
27437
13546
22363
29118
23392
31303
14237
26925
12473
14994
23549
22916
8070
9708
3308
7941
12890
32431
7461
13325
25194
24650
25907
20107
3895
26700
6196
29110
6509
30142
21980
18432
9483
29366
7613
22853
18117
23593
1989
29001
8359
31745
26120
19041
12794
2415
13247
20592
24171
9091
30097
4117
28778
23034
28434
9763
6865
14423
20874
17234
15814
1845
18423
6196
29410
14299
1109
15722
9363
11793
12828
27671
13502
23602
29195
6805
30377
25987
17188
20839
25
15043
31992
19567
5559
25859
16164
15457
14008
29368
31260
15480
3005
15119
29991
20584
15608
27520
30123
32403
29585
5030
27563
23167
2632
9038
18318
5000
12635
3790
23842
23506
2474
3480
30688
15234
31513
9998
1138
9262
18998
408
29554
22673
12572
10228
14709
31876
32663
14542
4168
24874
1672
13457
23929
24938
21131
23932
25113
25250
31192
24056
6081
19865
359
10537
24275
5046
7512
18883
25090
5232
20625
4895
21269
30470
12201
26766
25831
19568
19205
3821
9907
3477
1088
15481
9358
18878
21200
23269
28981
6475
15335
12202
32009
10405
408
24223
24152
28531
19771
31433
28382
26641
22802
6516
25228
23357
23853
7042
15240
5140
17290
8452
16244
4158
26497
23303
20979
101
25695
12208
22633
11499
14162
25740
2819
4828
14469
17185
22264
19745
12171
27593
13838
7671
1793
19136
8031
11424
25455
25467
30045
19288
8560
26171
5396
22923
32531
17379
27311
5701
29824
13318
12094
30442
32735
24901
13238
22055
26741
12248
23865
3880
15632
21098
13976
22796
4518
8490
15127
30358
16441
26399
15984
3621
12541
6587
5658
15846
28093
11956
26570
16456
1147
1039
16699
13488
32087
3710
23851
24687
26546
16875
14758
31729
17042
26709
25478
24630
17480
23259
6971
10374
17745
20758
14024
7265
21115
15020
25870
30134
10824
22306
13901
22357
10647
32754
3560
1957
27521
22750
24936
17306
8322
23171
26820
15842
24793
27441
9184
7775
32305
31226
22867
5594
6272
20489
29293
23030
31280
3126
22649
7522
32637
31959
14143
22611
3358
19416
18637
30002
23079
12558
3703
13713
4398
7880
6941
25444
3244
7335
21164
8814
12967
17584
17127
30201
13198
5792
31080
20170
12389
5503
31457
13652
3105
25464
16296
25644
27734
20456
22899
26301
11535
2997
9824
4157
19453
30689
13624
24288
3797
16991
16116
8011
26867
17701
22912
25675
25667
23426
18368
9927
4449
8626
2769
8691
17151
21168
6289
16327
6280
14411
23393
10672
7170
24956
24361
20869
30521
4855
20381
1724
1050
9728
11199
27614
15453
18816
21157
24632
19559
22872
19837
12756
19822
16373
31438
11175
27358
5668
32513
21516
30459
29992
7711
28529
13000
12043
25308
6992
19752
24881
14037
5474
23876
5427
20502
783
23596
25578
6111
19752
25025
20169
28328
25560
10450
17264
29026
32472
7813
32127
9216
11747
249
15016
9526
19818
20777
29961
20352
13192
7188
6072
27495
10552
24347
24991
22272
966
2986
27274
18101
29315
28186
32382
839
21693
31702
17229
18708
11246
19645
23655
11414
32308
17352
243
10285
15617
10989
14366
14110
1044
17987
12211
8667
17576
8806
24813
24453
12523
8733
30601
12463
31665
3898
12062
22373
16490
12994
6833
4204
10065
14414
2692
12748
6631
24753
1072
4748
7072
18395
243
8125
6876
16894
26187
17082
19992
5103
27844
31917
29030
2766
26894
23381
30746
14057
11090
11015
1735
19934
26822
2547
18794
30720
25472
16553
31204
3324
17544
988
10926
957
23600
869
10696
6540
15528
27274
4082
29820
25293
13697
20511
17669
24898
48
23335
10991
16834
12855
11196
24945
4276
11312
20127
30363
18176
23093
15123
4593
1570
20387
3987
3673
23165
20510
1728
27447
30705
27094
14493
22742
9391
1288
31742
25610
17996
3271
31806
1299
17685
5372
22321
5573
14755
8620
22361
29414
6319
29561
7773
19672
20775
32108
21430
27511
4224
26609
11180
26949
8527
17699
23169
10693
6163
23114
18412
3876
16981
8866
5833
13086
3060
28511
21774
10016
20154
18669
26625
32682
16434
30076
2216
12024
29118
18620
25729
29409
5860
8421
13940
23039
1513
13563
27654
9232
9889
6224
10959
412
17285
5962
18990
30425
28934
20838
5435
26059
32545
13437
26877
943
10548
15687
734
15770
30736
8477
4955
20574
2639
17667
26880
6061
14056
9701
18324
22657
15872
5665
16273
2746
31747
29766
6615
26121
21236
16155
11168
13838
15873
10980
9911
14781
17243
7136
14821
4614
14404
10774
5548
949
2922
4690
10552
4247
2419
14442
11155
11230
20441
7877
17688
3526
25080
30494
27946
27257
5221
12422
20518
4144
17026
9896
20885
12444
591
22097
32423
22916
19075
15152
1245
24751
16092
15066
261
18180
5811
16656
14955
22256
20947
28997
7758
520
12171
4443
3985
16880
7170
4526
24243
123
1995
22099
32257
19219
23993
9634
17930
21852
2805
24561
24148
3860
19789
25763
7757
20798
15311
18530
31364
26239
15767
16552
21017
29384
25317
26756
12403
32309
21619
17051
22320
10037
19717
7277
9314
16364
20801
14041
10488
23253
6593
22499
890
2732
25447
10678
21242
22923
6640
2789
22087
15187
4300
13302
2915
32589
15917
22049
25399
1297
11359
5973
23942
14503
5463
3964
8480
6637
23694
11008
25688
21304
23312
5774
14775
9022
12751
6170
5362
7732
5694
31011
7194
2611
19739
26168
6419
23264
18316
26555
8007
4172
5742
22501
14747
32025
10218
31242
13475
14303
841
5918
22801
15309
30473
17273
10868
31892
27952
12759
32287
29056
23008
14243
32358
23528
30764
26229
28177
19657
18730
24281
16394
11694
2377
16466
22361
20691
4069
23198
850
19593
19737
1084
3085
9692
22997
14892
25367
3700
20016
27894
19559
14777
20991
7917
5012
3387
7078
14261
8517
12368
20782
12547
1256
16127
32664
164
18087
9244
7281
25537
5527
24245
17831
28513
9779
13997
13211
2607
21770
9383
4471
13182
25012
28965
12226
15242
22026
20209
17714
20736
28055
29885
12737
1985
4425
31238
30722
15587
15212
31550
24758
31737
22489
18729
31899
18837
29803
10120
30852
30475
21939
24309
30638
25463
17389
9742
26706
19969
9266
9685
1655
7519
12783
7511
266
16540
27797
26764
30000
3352
3474
28287
13275
15825
6785
15022
1436
30688
26525
17844
24760
30791
7804
12581
17789
20201
7418
31418
13526
19162
16499
27310
29982
31705
28981
16743
6450
27931
564
26713
32202
32075
14592
10792
12553
30670
4597
13836
30802
21323
5297
29306
26718
14699
19660
25345
17291
15325
15043
9586
4727
23198
20788
19011
10958
16247
21073
3125
6240
21191
8591
11061
7287
3458
23966
28288
14183
11386
22174
4619
28774
10461
13456
8994
20382
6655
25098
4175
16001
25690
3887
28797
16989
22996
24799
17757
17712
12096
8235
15625
24765
27430
32268
14056
24543
12743
16212
4049
27166
4700
25828
31091
3456
14751
9248
24820
6817
11660
17312
10456
1798
30313
12328
14885
18863
22788
24027
12484
26091
1596
18859
10027
6257
25538
12052
25913
23211
21025
17930
30305
12373
5116
7472
27403
29511
14999
25674
18743
4495
15258
15093
28772
29123
5137
22422
29872
29078
7350
6800
13632
12968
29555
25018
12770
10659
7715
12304
25585
9091
19097
32168
7802
13621
20451
17384
14748
18788
21711
6647
3381
16528
16303
30065
32443
22368
21338
25439
9831
18233
7539
19814
20377
21775
6638
7998
22648
17019
12239
24678
13528
21774
27445
5654
6242
26598
6296
374
3054
15230
9551
3597
29236
30666
26965
1148
16292
5252
15948
21868
27026
7105
1986
4293
20630
31431
4276
23840
10803
21794
25168
896
11702
3573
30719
25404
2145
31631
29859
25152
23753
31038
15645
11638
20861
19304
7187
23934
29416
2519
21232
21413
27769
1109
15404
25365
23809
21881
25293
6729
19036
6080
13102
16580
30803
28895
10495
23811
9921
26456
7821
22192
31477
13900
8515
2328
6232
5008
28529
23007
11343
7171
845
10226
29027
23070
20280
9918
28064
6860
3906
31136
28730
1148
21487
9116
4727
9333
10812
8017
16328
26218
1245
13100
2361
10831
19145
21981
18444
27755
12024
14087
21409
13229
13675
16444
20122
14915
2414
8744
20284
1129
2330
16908
26391
22911
10781
7023
19945
21343
7102
27152
13248
30701
18971
12318
32351
4336
9909
27819
30179
13856
23087
5727
9382
15743
17235
11881
28260
1517
26454
32699
8860
20471
14173
24183
3641
6385
20287
31652
20594
11332
4493
8486
30447
24328
17616
27117
9517
10710
5649
19052
19235
5335
9375
32077
12070
10785
31500
10339
20234
25156
6521
19936
23690
16159
29971
24008
22761
2297
4318
31653
5082
25037
5042
19581
4510
8932
32643
24833
7276
14505
28133
4103
1301
28858
30158
21818
22248
28219
7838
2064
723
14447
1118
32509
17868
6025
4421
29415
20079
13247
28801
14041
26089
10913
7732
6139
8212
3753
14524
31170
22243
1299
30519
612
29953
30190
26950
27535
21429
628
25618
19290
12297
13719
16525
27004
31531
8924
20219
29883
2579
26476
9136
11432
26726
16745
8475
21386
21147
12670
25347
31896
7004
23226
28433
2667
47
5278
20111
29106
12629
25460
30063
5160
4338
19171
6799
18371
28015
11969
25915
24110
15133
13864
5108
16506
4379
25804
111
29457
28025
24203
9441
5611
1181
2374
1658
13572
8166
240
10543
32013
20368
4580
28861
10337
29656
11644
4843
14396
24928
3295
32527
20007
9428
30234
24275
14775
10702
22387
5177
3703
18679
11513
22749
22051
368
25696
25211
13079
24944
13068
12464
1798
25134
4716
26629
29167
15105
22153
24105
15693
28613
4831
15230
1935
7810
16747
21975
17351
20552
24581
10369
24998
20829
30704
3456
12712
21659
17328
7194
22924
26131
26395
20634
27911
28918
28083
24910
32441
23734
819
25810
15712
1384
6760
11664
29004
4973
30274
32392
28179
30289
18731
32077
19589
1779
24215
1360
226
5350
733
16481
8523
25368
7493
10355
28791
22449
12386
22176
167
25406
13474
17261
732
25359
291
23630
5703
733
14024
4717
11265
25009
24973
18087
21244
32256
17431
14039
58
11547
400
20568
10044
8647
6577
3013
14014
17959
27424
13827
19873
27875
12285
19074
15401
7555
10423
17087
9576
28
26917
32526
21754
11311
31698
11414
7411
24270
20376
19613
20502
23552
9072
16646
11336
32615
25736
535
18756
16416
12950
24960
24463
11243
32365
32409
31663
7564
30413
20460
29080
12913
14208
26099
9319
17300
28322
19235
30290
26019
27713
9513
29919
13407
20518
31603
5461
27970
18929
18162
5488
7524
8044
12062
21593
26271
27929
6203
14293
8177
21773
26331
29117
21795
4097
7333
14766
27048
5287
12884
20225
25288
18746
21251
22270
7422
29529
23719
27468
28830
23061
18909
27820
2490
20041
26854
28136
30535
3370
1007
19205
13692
12574
24214
16576
14203
9426
11435
6201
13363
19590
26163
15081
14981
22956
7347
17113
20645
31922
13739
23318
8900
26908
11872
1120
1260
24533
19678
4642
19499
13255
25150
29607
17139
31913
549
7562
15553
27672
21389
10094
3325
30954
24264
29168
25889
21695
31937
26842
24094
24536
19334
13721
12540
3885
19459
30194
25280
30905
3344
19184
26514
31257
1967
21537
287
11605
4238
27394
23613
8190
724
12983
12749
121
2074
20479
28390
13722
8630
23912
10288
5237
22336
28607
23693
10352
11855
16075
19199
16797
20356
17979
24518
15687
31946
29404
31944
15563
15579
12303
8502
16041
24583
27003
13421
19931
16945
21759
30746
15206
28186
6378
26018
5678
1506
8815
31425
21774
5323
16467
14705
26408
11841
21993
24333
7802
32279
14912
5814
10419
11796
6043
10998
2628
17582
24353
31395
20409
24853
9430
13574
26954
30835
30666
8509
25773
30834
2705
29918
31023
29440
16370
32221
6659
14159
28643
9136
730
31775
30902
944
29364
32575
28813
11459
2293
15953
2835
15928
30907
11471
1902
28146
1647
2891
14959
14793
922
17403
2316
18477
15610
28788
26385
15372
3798
27830
11794
32758
5006
7017
24740
19584
8310
16230
11725
28134
1252
3705
18616
3316
16264
24933
26797
32550
7676
9513
1345
25102
31388
29058
8906
1526
3224
26801
17174
27591
32328
17534
20061
23081
15807
13437
2163
19948
15266
29072
26178
18855
3131
10925
22392
18590
7881
12002
22653
22761
32538
30870
24744
8403
21852
32273
178
21377
6193
27455
17771
22740
9473
10416
12971
11407
12948
21476
27276
14525
20960
3270
21718
12109
28959
15478
23227
9984
5413
14667
2757
32645
15601
27673
14604
20706
9090
23215
28588
27157
21484
15268
17270
8955
17322
30548
24806
1394
26422
14885
25941
4538
29911
31759
22640
8738
18874
8539
23017
12768
9541
6314
22381
2880
11944
6714
24277
8449
30901
27749
24736
5883
30705
20842
30369
15878
7915
624
757
1816
5324
23496
15160
12717
14896
7795
29688
14700
28724
27364
16490
18183
21968
22790
14940
10339
28520
20865
1643
5113
27805
3130
26742
15228
105
22552
31827
29115
32619
4110
26304
26570
14463
24918
4764
17756
15250
18170
20055
8308
693
24217
23975
6205
12655
31336
21372
5941
24152
5239
18487
145
6883
1846
16406
19678
11644
12087
22003
23012
12755
23093
32303
29135
4983
10070
30185
19857
5798
15533
12915
5762
25444
30211
25862
11081
18122
28887
26292
11264
7841
6563
8351
4499
9007
7777
17513
21609
849
27214
26859
26183
1738
3822
24362
881
10971
15952
21382
7954
27924
14995
3893
28381
14441
24233
28144
23029
10376
9307
23532
20234
5994
19341
28684
17861
10536
1732
30293
28519
18961
20709
32418
23213
21241
20544
17305
3830
18387
27340
32221
25255
25731
28596
30597
4303
27629
31251
29646
20999
27986
28924
16140
31901
29660
18622
31463
28657
21623
26982
31427
20254
3555
24197
17536
20189
28423
13363
2404
6823
30601
9555
11093
5402
9883
32537
8780
30622
11288
24010
22022
5448
12239
9923
16381
17663
8991
25533
27030
14045
20676
25423
6812
14551
7920
17076
19437
11937
14237
17615
12915
16588
2850
6764
30294
1842
24837
32713
27248
12947
27409
21333
22530
31104
3752
2487
12965
19576
22618
8978
18563
5458
19894
1416
17094
1498
4447
24829
2641
14783
3427
29
25774
12205
6089
10912
23880
23990
17769
31948
20187
25846
24321
22588
8488
10359
11396
20961
3821
19282
2741
16710
2068
23063
32501
21784
1067
9071
15705
20709
22804
1024
21760
22564
27134
10641
30372
27254
17044
4463
2414
29995
29299
17935
527
7688
15586
8180
12300
11079
28861
3539
30041
11488
31923
10230
7210
19207
5042
4830
16134
24054
30110
29996
30493
13036
12361
1218
17627
8822
27808
28453
26301
23533
7202
8485
4708
2624
6807
12737
17384
13811
6142
29765
5998
2152
24263
30133
24829
21598
19010
26990
30349
1975
344
18699
24673
27262
18809
11142
25495
20264
1493
6047
6910
6170
14031
21890
4647
13932
3502
932
5823
1517
26774
29422
13339
10855
19128
3613
3349
21028
9413
20585
2071
432
424
3940
373
19681
27508
7206
30720
8469
7323
32679
26584
1211
20834
22124
18305
28693
19857
3942
23353
9019
27247
4631
21129
7524
16621
4086
25627
6497
17442
1301
23499
13162
24567
11265
20224
7197
28708
26857
27453
31940
9051
28675
4851
28887
7874
11052
15514
14530
30119
8911
18431
2535
18800
28167
15840
8167
9680
28168
11702
29469
27969
22715
7634
14444
27054
22184
16811
3643
21871
14361
27255
31421
28795
1404
26104
8054
30169
28426
16281
17915
1368
24486
6073
10745
21888
14088
1351
9336
16840
28442
13711
7265
2314
12450
15955
24638
20531
6946
22046
19778
15679
17404
26325
26505
15973
12506
11919
18336
20878
20813
25254
328
24588
15285
2319
26487
649
12640
31718
20896
16701
11766
19277
17972
9317
1556
29047
11881
10480
22839
3328
30522
28027
23260
5504
17327
11135
14053
15967
5214
20681
5439
31723
2098
19755
194
24231
6763
26738
13656
14566
486
13463
6498
17049
5535
28730
26199
12134
23156
27979
17582
27386
7724
20491
24319
28575
17335
14899
12389
27409
9399
13938
4646
9613
11328
30749
19606
24364
3804
17187
12088
5999
17363
4159
29735
29467
9129
16753
29364
13383
20455
31406
25937
30899
18463
29399
18094
12891
20522
20712
2593
3660
2996
26994
13131
15799
29435
28747
4345
21828
1235
29315
8008
13992
23022
11419
21773
14458
32090
4338
24691
66
11851
4736
5862
17108
28443
1990
7216
24284
1423
14853
1250
1465
20572
29871
30710
26255
5609
10523
5042
3991
12375
31356
6608
31162
15039
17940
9947
29279
9146
31653
30940
22401
18727
23081
2358
23044
296
25794
32207
14921
13422
9204
13680
13056
28087
1810
29551
1597
660
31222
28299
24782
14704
757
18199
1997
4302
32019
10331
1137
3026
17010
6455
16937
10243
23313
16393
21228
24655
947
7633
19914
24912
8476
1171
31688
21197
29571
19709
18154
23172
7749
3914
8081
15398
22487
25446
19463
15012
22014
27731
22105
7849
19010
13003
3173
1639
672
4903
17971
25239
639
17023
26249
17595
10213
12051
18873
25255
12523
16361
5822
29503
13678
14264
9863
18562
26888
16133
30099
19144
14654
22924
21438
14663
7163
19169
18011
21468
8766
11863
20610
21001
8975
17953
5547
19258
4791
17847
2684
29772
23088
7036
10208
22095
17115
32157
21593
25227
19057
15932
30615
1986
29500
10958
27721
11445
25735
31425
17459
13289
28499
4450
4737
27819
19275
5887
12379
5458
8186
11592
12217
21188
11836
17147
28793
16700
11762
19137
2991
586
13306
22867
2364
27675
13407
28384
5026
15866
29900
28595
7702
32279
839
4113
12503
25735
1307
14176
20415
30605
29206
7823
12055
15640
4085
11697
10928
9612
16925
23787
13103
5061
396
7313
9641
9818
4366
2188
16752
9758
16820
27391
12332
15853
23426
21034
21549
24485
32360
15758
20735
31346
3956
9809
575
26191
1605
26341
21678
10441
11971
17893
13700
30470
13069
10303
3079
6407
435
11928
29019
4650
25638
16876
6812
13043
22892
21365
10538
30731
2328
21455
21828
23177
25210
9561
9945
30065
15379
3550
12442
9338
1867
27509
340
21
27751
12453
16253
23210
25269
27597
8973
8997
6409
24003
16783
20657
17005
25532
24695
15299
6933
14444
16822
2139
14737
20590
7820
1415
70
21989
17565
9768
17183
1892
2376
30456
30080
32267
1844
13772
29820
7923
23083
28183
16711
15309
19756
16048
16366
9925
11963
11477
20037
15789
16252
10351
18209
12375
28416
9623
17864
1602
23263
28506
15782
10105
17415
6073
14914
27833
28243
10484
23408
31442
7776
31753
25031
27983
10652
22647
24405
5209
19615
16711
24722
18905
15295
4941
8595
8669
8670
22700
9088
31293
391
30104
13896
11646
11322
4704
19091
27894
17411
26283
8185
1585
31569
18945
9073
6036
1798
11662
4620
30784
30411
25379
13283
22330
26534
21886
17229
21960
17614
5579
21590
8478
2750
25195
20589
20281
16520
2803
23133
780
7020
21880
11903
7130
169
18698
21293
29667
22931
382
11641
29250
28134
28785
19999
29718
14426
12169
2745
20704
26999
18430
14130
32300
3243
4953
4989
5748
922
6524
16775
18241
19381
4067
22378
27283
16910
24105
25059
20355
22890
19406
27398
30247
30360
15159
22832
17078
26370
5622
14910
27628
9602
20044
20220
10416
24951
6636
27360
24821
31767
18946
31737
26078
28679
25716
20258
29989
22313
25192
25723
3005
693
14342
26650
19382
22923
2431
8957
31074
28871
12622
30787
21430
4758
31678
17052
19442
10057
15276
9727
24709
13480
7310
10651
7978
26505
21940
11791
4696
23457
8910
5085
7641
5529
9647
9756
3768
25444
5456
7534
25185
5841
24088
20274
2308
20060
5978
23803
10042
16458
29216
30784
6891
15349
1319
3669
18287
21860
6698
28825
27891
28446
24675
19698
3871
5696
10320
2678
12022
25806
3251
24171
23549
24135
11484
11634
24735
31356
23594
3327
3536
21153
27344
30988
27121
9381
27605
4623
18163
8383
7263
30505
960
13642
20528
4256
31958
19666
1905
24207
28725
12911
4526
8156
22652
4177
25123
25963
847
15517
31030
26001
26363
18552
1860
9164
31581
1376
11424
16561
6656
29891
31449
1573
10629
21962
6972
976
6216
17782
16026
20431
27200
9455
14924
16297
24103
14873
30323
11653
28123
15975
4484
7578
11781
20468
23813
22502
20728
30928
6033
18979
20700
16535
2082
17911
1291
31817
24208
28523
9915
20565
32084
28574
2270
6391
4242
16315
1862
11460
5719
8232
28941
11652
15391
4096
29236
23359
13722
22724
16522
7579
28847
589
4047
14181
19138
17157
4378
22637
11058
16471
376
407
10022
13156
3030
28463
4746
17912
545
32125
8788
15292
12715
15257
1036
15277
22225
8321
3723
19916
29659
5737
28675
24855
3875
20562
32063
28089
7290
7646
1580
1918
5575
12643
21401
29833
1777
3134
12859
7241
4351
1386
12020
25257
10366
7761
26708
17287
4899
6625
6497
17000
26802
2531
16787
618
6942
18056
3619
6778
18930
1093
26758
31174
25839
31713
20020
28789
25079
22733
21933
12438
2602
25011
1214
23383
8782
3921
23552
28280
29300
1416
15267
9727
28888
8880
1385
9772
5130
6447
8181
431
4171
18250
16198
28697
1082
16699
5759
18577
22704
16771
22249
5320
22504
29569
8250
20527
16355
19524
17944
10087
21514
26014
3801
19448
12822
3961
20365
12359
28205
2926
2366
16322
14925
9876
27510
26462
7406
9622
24578
579
31459
14089
1014
32453
30850
24572
12785
20375
30212
5840
418
32059
11055
74
24715
27581
9778
742
10245
10401
12752
9326
21637
21786
26304
26060
16925
125
27732
4381
4678
1780
11354
11782
7900
18551
32320
4171
7786
19448
3451
13469
23976
8926
32552
24500
12866
8373
6900
13214
2779
15140
31546
12119
16466
9759
2156
19609
3140
93
17332
12277
18642
9229
9435
7971
23972
28613
3945
12695
32301
7099
8974
28500
7473
28471
27456
20997
14725
27208
12838
23626
26647
14263
31413
15184
16174
31545
26137
9892
1778
20456
2134
29257
21294
2804
28719
1800
27221
5782
26183
13575
7619
31046
10118
5277
30534
23854
7870
26981
24541
11230
24974
15249
9151
4673
29831
7041
30623
208
6798
17301
25391
31749
13185
3135
13539
20755
28190
26204
25335
724
20768
20420
32179
771
24490
30239
5870
2987
23785
31739
17105
11487
29430
5148
5597
25260
16633
26387
17455
18252
5268
30483
17923
13724
21119
30207
9592
28625
21103
16839
22931
7782
12861
31477
21125
15192
25668
27011
6961
15766
32011
9200
13289
6323
1060
11411
2680
25823
19539
31022
13158
17173
5875
6342
18551
20886
1686
27570
4213
17557
9452
8691
21551
30516
32742
29635
1218
2223
8730
18544
5911
22999
27242
16235
14509
32451
1760
20380
16793
30914
5853
28921
1995
19603
14451
1111
30610
18649
1295
28032
5475
4297
16731
4997
19670
16166
17506
15190
12529
13679
23030
28815
4521
27479
9294
28821
2726
21109
16628
19426
28487
8765
13535
12701
14310
8239
25563
6510
21597
14414
5938
16272
1992
31188
22405
10024
12685
19492
7675
5845
10138
28672
8350
17288
1518
8444
15873
7574
5979
27442
19494
29707
15242
2360
20128
25154
28223
24143
22517
15282
21470
24797
6726
27147
28463
2334
27442
29058
25694
6166
16119
3944
27974
19146
24282
9986
25326
19887
24266
28821
84
1123
5696
7872
17002
31131
8297
28174
2399
2909
10119
21196
24351
10095
32661
14616
1821
11279
21545
2875
15184
16612
28063
29241
14971
15413
20852
1190
2994
26713
16880
22458
6938
15726
24840
9896
5104
25422
31362
1068
7117
4031
14682
19043
21288
5354
19557
15584
16156
13327
15924
4348
107
2166
1083
20589
31684
7849
2354
18971
22337
3040
14012
1327
28980
6589
16967
27244
13347
23097
16691
6082
27665
14303
18486
4640
255
22072
6655
18827
15027
22150
10521
9069
29112
21684
28947
32559
20902
12430
27358
26889
4260
30510
8310
28441
16426
182
9156
19635
6924
5701
27844
24569
29876
13347
25315
7595
11694
15423
5547
30528
20843
11484
26785
26421
16702
12167
13934
6053
4267
5196
12094
22298
30433
3369
30310
20387
31109
15811
17225
13350
13489
29528
2428
22520
25661
6389
27688
25771
4669
15337
176
8743
3786
13433
9364
1276
5382
18133
27286
30455
16730
20555
25371
3572
15618
21691
17363
9458
17100
75
12956
2925
24860
29019
14244
16104
7476
24252
6862
25289
23474
28188
12376
27241
12890
20165
22714
10604
1814
27784
14289
15950
8251
20211
26428
2879
2574
30923
10247
12593
30087
23478
22406
16687
29781
13367
11140
6128
13857
25055
31134
6060
11031
4034
3561
13358
12195
16681
21723
1323
9592
5766
23656
21202
7639
24237
28779
20644
30990
18496
22088
31366
7999
18283
27599
18452
13922
978
11620
10809
31117
25288
26461
1788
5491
450
5804
10141
11820
13579
15550
19681
29236
24249
10915
23978
24245
12767
1902
25546
6409
13828
5599
19225
378
7892
32063
5830
25421
19478
6540
234
26112
1502
5846
14435
9167
18692
23529
12511
2429
14292
2092
14647
25424
775
2249
19455
15198
24307
2318
20059
27911
22782
16916
12563
4547
8536
28062
10218
11038
7402
24643
27436
11776
21385
3792
14215
21298
3696
744
27
20766
15085
749
1748
25302
25946
28964
20216
16472
24655
9747
7676
27665
27670
18990
32412
31135
29279
29363
31275
12763
10805
1491
31783
14359
14385
10770
5136
5284
7918
17648
2426
18584
5052
19657
30306
20173
2969
29178
23486
11821
5213
25413
25687
301
20020
12663
18907
5784
6481
5703
4142
3982
19425
8834
2818
7884
1086
5989
24999
19758
27494
28490
1316
26481
31659
22920
19590
31038
8108
11668
11128
31076
15747
6508
14100
2918
576
3893
27897
31285
407
13858
28830
20542
32213
25241
13030
12455
27672
22929
14324
21974
2240
25407
28480
22836
4129
28913
20970
10288
28538
23098
15183
19078
555
30031
12251
24001
12066
3761
1566
27134
31383
1036
9761
29684
24569
1631
21242
28721
2088
18270
12958
31654
12260
5653
2039
32102
21126
11981
21302
5547
27885
16947
19563
32282
27836
30647
27730
16200
8131
28467
30576
24444
14266
1485
16223
28343
13877
25118
3687
5105
21716
2964
29006
32678
15802
4372
21360
26513
10305
740
8466
28600
11756
17353
25587
9384
27550
30060
3620
27394
17161
1026
26394
2102
20584
5420
20226
10383
26737
24092
19540
1648
12933
9466
6059
5853
13099
29062
6612
24380
23228
12542
4132
22621
27744
20802
19215
697
20792
5942
15095
4087
11229
13416
16194
17845
16394
24563
27567
32132
661
30371
14314
26164
26020
26201
19806
27219
13597
26801
26442
24560
5982
20707
30999
26020
1583
28903
3817
4308
21492
23005
7284
20784
4392
31659
11793
11647
26118
26600
12304
15775
13449
15353
16464
1479
5783
30329
15886
5904
3193
15327
3067
6452
28559
20058
14481
8597
32066
15616
166
31617
3641
3624
24642
17844
19920
26900
9646
2334
1478
724
15053
11495
21045
21094
6319
27569
20936
20514
6500
11805
9768
17494
7182
28304
22711
26925
12090
2615
30593
25557
13681
9032
32368
22752
14345
30859
24767
8171
23617
22042
18096
23166
11918
869
21378
29236
14383
21112
1949
16924
4871
13441
4881
28510
28588
30604
11326
13602
16828
4498
16084
10157
1648
7346
1791
13005
22899
26814
27867
22392
19444
17913
13358
27824
12794
27935
21590
26537
23031
10406
3200
28462
25249
9028
2075
15937
8957
32689
10125
6658
22716
7598
16676
24274
4299
12358
28239
26807
32294
2388
14606
23298
13037
15941
15783
2864
28601
2591
5275
4879
32048
4290
6360
20002
17367
26479
24112
17989
5672
1670
27658
21396
24805
2196
4183
29578
13739
23180
24264
7014
25546
16725
12350
2515
4948
22661
13955
23495
5748
28269
30775
26796
25857
24917
18701
10686
30291
25096
4663
12468
27990
16276
32542
29090
19164
8267
25175
25630
6712
19469
26322
16290
19464
27594
24917
22321
13138
25154
22057
22589
22739
8719
1812
28873
6291
9446
7559
8395
15805
26650
17687
15060
4270
4705
18993
22514
2892
9947
4362
17110
10137
26960
30934
7730
31880
22458
32570
19045
7439
23811
14339
20058
28029
8463
27928
18349
25358
6653
31405
9744
25020
17066
15290
13806
11353
6775
6828
15950
6875
21069
6746
13817
2807
19166
27450
21471
16113
18477
24789
32439
7858
32336
23416
24550
3867
23412
31277
7586
21401
13091
10473
87
11769
11970
24327
1865
12414
10078
8693
12412
30257
19624
8238
30673
13689
15677
30824
20849
24811
29739
270
9070
19043
12209
9200
680
31828
13639
8762
14062
15708
5854
21666
19046
29212
23913
15334
10287
20806
15516
30070
3652
7671
13300
26733
22180
23624
16631
16070
23472
13344
1725
32461
31700
30284
3759
22739
105
30673
1679
32038
27610
14208
8121
3649
29446
460
29608
831
9702
1753
4539
3734
2928
5845
6713
23809
13499
30859
2708
16574
2915
3637
7914
7418
24367
15506
27857
9610
30449
18489
6996
18139
10414
7469
23609
18988
15615
13489
2694
2554
8631
3422
4675
19132
12230
26994
1408
3025
2142
18283
666
25783
19796
18645
20411
17021
14536
31584
20384
6523
22536
14389
13215
24384
28082
3466
3816
24780
16153
26228
12043
18688
20714
25853
23994
27474
22288
8823
28624
9925
23508
18960
17811
29977
25161
16806
8246
31294
2023
21724
28835
10255
26998
5741
887
19005
20270
27584
11853
3721
25628
30397
25151
23863
31943
20960
18346
5567
12564
21131
18226
965
19815
17825
9222
8267
24331
23120
2917
29478
24532
12078
15714
10414
17666
13704
13028
12218
30057
24310
25840
29644
27343
18739
6443
1928
662
23596
22426
21355
16795
3671
28077
7353
3933
17222
8828
30903
11362
30844
80
27
26582
13439
22373
22209
22646
27695
24046
23455
7340
21077
4442
5371
26107
17791
15574
11483
21406
20492
18707
4542
24684
28291
14665
3977
26623
4137
31100
29892
1813
1490
25086
6150
23350
21239
5173
20910
26008
5385
5278
15828
5439
29957
17938
23168
15464
22345
10824
22041
29992
15782
2972
8736
14673
4022
29710
7710
12693
15727
5518
28378
32750
28665
1911
21968
2365
15549
32089
7391
561
3775
23291
27202
17258
14893
18848
4289
10462
28216
12938
12328
124
31010
17085
14841
19472
4760
23557
11870
23143
8259
5946
9569
31667
10394
15299
30815
21808
26618
20569
8122
6152
15352
10509
6351
8053
22774
5773
26664
14885
32244
6819
3058
8930
6825
17918
29361
27762
7122
9013
18994
25788
20939
21257
15041
13101
9564
15851
25245
13914
3797
32446
9641
25831
861
27357
9572
13735
19591
23392
29979
21252
32294
7067
24158
7586
32355
8424
18864
16959
21516
28583
8066
26334
12079
20866
13667
13092
24552
16630
7025
14338
12151
11790
24083
31380
20373
114
4074
9801
21513
31393
12292
10821
27254
25211
16467
17923
17527
4866
8286
18751
26605
23393
55
2835
22936
20270
32685
23648
21989
27628
19906
31087
3079
14292
23648
16088
3913
15829
31815
9635
29347
2777
30026
19118
17035
4170
28347
1358
20749
4052
15396
20793
2078
29805
25143
4004
13870
15507
26632
25512
2300
22997
18554
11754
10926
10645
6135
27515
13601
27404
12901
31741
28542
22159
1365
4872
2574
14864
19069
22732
19535
16103
18024
32247
26951
15571
24428
18137
28184
15931
8413
20933
32469
6586
32384
7355
21908
17627
27714
3653
14276
17441
7722
1439
21953
23627
1165
13850
18598
26837
22657
20930
8803
31682
19603
18239
17423
10905
13757
5881
28287
11438
16530
896
16663
11938
1724
8490
6880
32557
6312
2302
4571
31003
20352
13008
29845
20117
31578
15022
2556
6562
16815
5499
881
21998
16398
30938
21790
10185
18193
31310
26762
5234
16785
10655
23914
3990
7190
10879
19643
532
16529
4461
16909
11779
31310
2010
24354
5110
22052
31626
23991
15742
21231
23870
25506
4337
30272
12944
23837
4714
6482
32542
20834
13841
576
18666
25976
10141
7542
15361
332
11031
27493
12635
19203
31456
30332
7427
27791
18165
25939
10103
22400
14706
32041
30290
31517
9301
10384
26664
8372
15493
22119
18354
25134
1555
17673
14891
28390
21951
3524
27897
4796
3006
1165
18064
13157
27578
16369
7828
14341
13851
23887
16701
3839
26245
21829
16896
17931
15265
29800
24940
26762
27681
19512
2642
6167
11518
12371
10792
4959
27908
5096
26799
7986
27025
23407
724
1498
154
30359
19668
8363
25582
22144
8100
8155
4543
5163
13712
1172
13918
23343
14882
328
23366
27821
4421
13381
1884
20101
6570
28809
13429
31434
28267
2263
15897
9076
27631
20746
11655
24149
31757
18858
1784
19791
28020
10685
31784
5827
23114
15071
10259
16972
25107
15253
14332
19886
15061
15327
9652
3593
23929
10252
26393
12627
20853
30162
14045
29700
23464
10142
23177
24339
5253
6697
2497
8738
10612
20556
23241
24054
19829
12565
22600
29481
7431
27674
9292
10531
31048
30733
19599
16710
7773
24465
13305
19049
30996
20556
13669
18568
32712
8254
25512
1209
4742
15697
2767
6498
9837
15153
22185
3754
16475
29533
17030
6957
710
27519
13885
23796
21223
30201
29812
7844
22814
16576
15899
31989
24722
18029
20282
102
23064
21905
6381
32560
1622
8777
23724
23416
2856
5651
3280
29128
30786
20960
5715
19392
32535
5739
30680
27401
25082
1736
18923
16523
24195
31040
7305
9184
5941
19036
19939
24328
16477
26176
15967
8798
5181
31802
1504
29898
21098
4251
3655
29753
20083
24774
14138
31306
20931
19846
26404
31050
21705
16293
11644
9571
21334
15034
23115
15888
16454
4674
12008
3028
23650
29938
3078
26156
29829
16972
16625
21954
19198
24177
24597
9955
12342
30774
15552
51
3731
30073
30249
20896
28059
31158
13232
12180
12381
15061
30311
28271
4876
6214
9170
4660
11246
10320
11755
26242
29556
12198
31849
21191
6059
14140
31554
16048
7891
13400
29295
6884
7500
30444
2799
25073
698
21027
9486
9606
16993
13114
25575
31716
23249
6801
4648
24975
200
11010
17429
25417
29012
17265
23248
9280
12088
22180
19671
5255
12177
30037
22478
27587
14777
16006
32639
15399
32364
10773
32287
12706
10793
24976
2514
20822
30427
6986
4978
19789
185
11183
25228
16487
25195
16596
12972
26263
23662
31827
13787
9551
3001
24405
8293
30777
29601
15600
8672
5672
24314
9908
28521
25166
23679
1920
17201
32175
23156
24730
30009
3285
9609
23807
4441
1478
20226
12024
3719
6707
15893
27630
2902
4594
28819
23167
13245
10671
11979
26322
13338
18910
13996
12583
23926
10739
8745
27314
24331
13270
3298
29865
14595
15249
15616
30108
19587
24396
21344
22789
11496
9084
18165
27936
5713
8023
12135
4860
11613
19851
8960
13522
27702
21807
11209
30359
24782
24314
6128
21709
8296
19123
10605
9630
5211
22760
26853
12331
1042
7395
8143
20002
88
19162
15829
19342
5074
13926
11645
30964
23757
5430
23560
9115
29755
23045
30875
26667
17911
15305
11932
4986
15953
15662
24415
1442
28870
18498
7938
19287
7183
12914
30869
24951
12126
15541
15742
22243
13540
25607
25628
16526
17814
5657
14763
13267
27185
7751
27496
15116
3451
24266
10997
30816
25548
10799
29182
27356
27598
20743
10525
2501
27777
14305
13819
10797
5250
2421
13497
25285
7820
22818
24718
25074
7999
18843
28593
27171
24608
3037
26233
26721
27618
19044
9666
22824
12260
21662
14484
28533
22266
7840
9471
12832
16752
26904
17481
876
15948
9602
26188
18141
27092
27295
17433
6473
21840
3363
1505
20274
23569
12462
24598
11603
18866
25854
3021
3961
13726
9059
7783
29076
14290
16499
1136
3854
23269
9726
9159
3163
28485
26949
26879
24274
9155
4454
17414
26299
1874
8731
22532
28585
22539
16036
25222
2826
17269
30978
7644
30972
31748
8550
8895
4962
18399
10729
3384
28471
27878
29309
26813
10275
7668
4388
10140
2636
19809
27232
10653
3695
2252
11754
5602
23599
16919
2982
3091
18093
10674
13527
28856
30552
32285
32144
22758
15111
29864
12907
22814
9541
8062
30332
15218
32235
29921
15752
24809
11509
23479
13939
21029
6286
24902
14840
17219
10605
31804
4509
3843
26980
242
10981
27945
28726
10993
2759
26659
4778
24502
5471
21995
2013
3762
32228
22575
30940
21141
29402
10160
11890
14284
23176
12008
20799
19528
13229
14319
28682
23682
28271
12703
16473
444
20884
20471
19774
25993
16372
3005
2163
24207
29230
17767
29097
19084
30875
3900
18462
18839
6528
25271
31342
16041
24456
17708
18603
14683
27761
8109
19631
11505
25605
20015
23729
6296
844
10729
31767
1260
14336
4861
20107
31421
19521
15706
16721
22291
31370
17633
24280
8303
32228
19655
143
16724
29273
11834
21241
19462
6572
31303
24580
11154
22599
21243
5015
26126
32373
24520
28266
21538
12753
24875
23322
29128
2815
10124
22909
11343
15257
29030
29747
20902
20588
29863
13437
1239
25573
5978
2130
23506
21702
7043
20144
2668
21789
16970
32305
16039
25975
10844
6622
4660
4177
28047
26695
13622
31183
16837
8404
13897
6065
8466
854
3011
9602
15649
3553
16954
10514
16851
17630
29766
6951
11050
16732
28551
2160
12902
31143
10986
16058
5741
30748
29225
23142
17264
29755
27281
18459
7628
510
21768
3768
29742
19305
12622
30093
23803
2147
9859
23242
751
10436
21738
20023
9476
25775
29932
17446
19861
10018
26464
29863
1219
1739
6921
15098
536
16670
27488
2378
8554
27556
23700
17560
7938
20374
22736
7413
24318
9130
21180
13812
17396
6189
28998
13151
22744
26962
10402
32297
21024
27594
25743
21924
10789
18324
10205
244
23757
21783
17708
13508
1639
20590
5366
311
27094
22275
19664
23585
8690
25439
23532
7032
555
15168
28899
29701
27248
1004
3249
20575
4687
28870
18177
5146
3933
16415
10156
7996
6872
31310
14716
9712
23179
9987
14901
12415
12530
27864
3030
22395
22687
20265
19228
4158
20188
32294
12104
7571
20882
27942
5922
30898
29801
9023
26430
18034
4401
31251
7550
11450
6017
16108
15832
7224
32669
27148
31833
25174
25757
24638
18538
5994
2508
29361
7507
15661
20303
4358
15357
8559
23047
25000
12796
22793
29368
13404
20940
26386
24682
793
91
25686
16911
29977
31688
15107
11111
6192
32619
19110
2337
17501
26901
2134
4163
23967
17305
28463
15563
26633
23179
21763
9110
8729
15175
30539
7042
6470
18229
21604
464
27864
15180
9464
7628
13052
20693
2490
26543
13336
23410
16726
14020
28764
2142
31399
6858
9114
8950
5931
25754
15191
633
29109
8713
29474
1292
32098
4368
2852
15361
20686
20010
19705
11608
29064
16894
21182
20102
29635
4670
17515
7286
16974
6607
32611
29902
8902
11306
23626
5235
18954
10242
1815
24399
5359
7463
7530
21842
14645
2474
1823
22710
698
29250
15651
10632
28910
23022
29318
14948
18567
23772
21458
17024
28022
29322
20636
12523
6425
6955
9048
25879
16562
31820
2930
20630
16408
12471
28058
26145
7340
20375
20063
31198
29839
28382
23295
30435
28178
9444
29821
3574
15214
19792
28917
16790
1718
5436
1837
29504
23049
4756
6252
21995
22540
27327
19599
27093
22679
19586
13401
25985
15791
16673
26123
12288
5301
6343
18484
20593
22492
30247
32459
30404
25569
15716
11899
451
30198
27182
2622
9810
17919
4399
24365
7157
4352
4261
4759
29332
10198
13392
18000
30075
22054
20622
5963
16293
13716
6341
10859
25914
16693
13569
31639
22102
15686
23262
8973
24332
18206
28073
1272
26795
8545
27074
8004
24639
4215
8004
27057
26203
23356
32744
31782
11286
17401
1063
28489
8532
3476
27551
11084
22599
24835
23736
6409
16949
9990
10119
26962
10619
10774
12275
26242
3282
5272
17174
1112
16337
8023
23526
8710
29875
1073
6932
12932
4955
2321
30260
16170
405
14109
25119
30846
16543
4656
31893
18763
1000
25738
31015
8179
9495
29382
21844
25093
6479
11277
6131
15890
19377
10890
8145
20413
291
6173
17818
18962
10576
19284
21757
7193
16624
12439
8459
17322
10570
21410
14304
17026
6391
7481
31110
27031
2536
6422
5654
28329
18603
22567
14112
26
2281
17142
22605
19199
9012
28777
4931
10103
24575
21675
25289
24380
29678
23658
8492
17015
4433
18499
17889
32473
13035
23674
9835
27879
1015
14575
16000
18325
2413
27981
17255
535
28801
7557
1700
12276
9836
19067
27607
13148
7536
4862
30178
9659
25366
254
12106
11918
27579
14073
29152
15478
14154
4535
20896
21642
13131
4663
11993
27634
32285
9193
13198
32690
28543
4894
16412
24259
2646
18364
2846
23144
15274
6198
30862
20671
2801
18619
27693
17814
8080
2734
6948
32129
16287
4183
8427
20265
11244
2264
23402
7911
32067
6242
21086
14482
26349
8360
11775
31637
631
28052
224
3396
2229
6713
26902
1392
7173
16906
19612
18744
2008
21065
13558
2083
6511
4034
3605
3948
30179
9400
19579
26525
4456
19232
16031
28767
11218
26381
3475
28305
30297
9580
12516
16535
18073
29425
22978
11509
31453
24401
6496
32540
29596
16562
18078
26243
17988
11103
26342
19450
3383
4545
7763
4412
30995
8331
27417
28355
1847
11060
12321
25568
387
15530
21235
27914
11102
8261
28889
29815
16382
30457
28481
12521
9700
11473
27492
26315
31653
25240
19749
16252
25072
8153
316
10987
9933
24843
7827
32612
13859
22021
31472
19369
29565
25784
29397
3909
24845
17436
26789
19741
14322
17259
16135
11336
21942
4494
21135
6944
8987
6356
13980
10393
22551
17130
14716
2002
16669
14600
29655
29162
27038
29800
26442
23061
20432
13052
28754
10223
1454
9312
3948
27664
25408
25358
19834
17120
11804
3537
16233
22956
23085
5500
27921
18938
18355
4827
8028
16154
8843
14570
22955
6654
18097
14149
629
1868
19971
8416
32561
15280
11079
11000
18295
19063
30320
22601
13154
19034
19997
25730
2360
15511
29283
1014
3661
27207
31948
19348
7972
11243
22943
21785
4824
20296
26210
29572
28090
3957
22942
3018
10044
21298
22498
26060
1806
9595
23050
2438
23942
7261
18625
31881
6981
8713
28997
29611
3096
21543
14187
19709
14620
28012
10466
26109
13862
28015
21947
8717
24161
29368
4649
13604
17465
31514
1414
1732
22648
32324
10903
16684
3247
5778
9489
24782
29912
11305
4188
22531
11321
22082
11158
6910
396
26310
1755
10238
11868
21532
5572
24520
7602
30014
19245
16981
1521
17427
8764
25544
23039
6649
14495
11683
21925
6816
24084
16441
10553
16671
15663
2151
2170
17217
344
23935
8379
16160
7699
15237
14916
26358
7044
28062
2293
7983
3122
15557
28716
17091
4107
30400
15849
450
2216
24914
8496
3633
25299
28083
24495
2836
6470
16445
3745
29132
21686
24680
21234
24995
19728
9464
27812
3494
20483
12405
4465
15539
4286
4572
23218
4050
9467
23956
19071
712
21308
21155
11288
23274
5716
24610
21379
30768
31274
7918
119
15498
13754
5025
26745
32119
9820
19649
11333
13267
4169
12599
15471
24048
18523
4866
29002
18409
11028
23084
23049
11827
1250
23549
1828
28277
20385
12912
21502
15002
26978
10211
29636
548
10347
2834
17816
1475
28799
32582
13295
18726
11615
7370
9015
22289
22160
30111
13246
2992
24671
21104
23247
22827
15907
15304
5918
14970
22978
9091
17509
18555
9334
17027
21072
9537
9425
32420
25239
12719
9727
27889
4713
16710
27724
17432
29457
16444
4837
21275
30164
32718
30435
20553
20248
7383
21381
5229
5324
13472
29629
5701
7171
23546
7407
14901
23010
3210
5877
19005
19389
31845
30054
10793
10877
5085
1560
7175
27973
30106
2275
10462
24405
19692
5288
413
19758
22111
19858
27730
3318
22160
20636
4508
26143
29504
30804
15971
7236
8871
24286
28102
8531
9482
16699
12117
13041
15504
10188
15745
26394
5970
30737
22608
27656
8113
21431
14422
32599
9964
26834
11744
24678
7666
5991
16498
16896
20596
4141
25204
32572
22079
20628
3368
6049
11977
8199
22751
13966
15113
29294
25965
18905
2444
21496
9946
27575
10438
16919
27226
9180
29606
5580
10111
17379
3181
25380
29102
25327
31167
29187
7632
15507
6650
13344
28745
30447
24776
23633
26414
5148
4848
31497
29874
4811
29810
17438
15842
552
7378
25040
12691
3333
26036
30984
2968
16436
10153
17117
6200
4148
14665
24412
19423
25105
25730
17801
787
7045
17967
29857
32426
32355
19436
19106
28730
21301
17449
9229
10962
10020
13438
10475
19431
8473
27198
27406
28817
12834
31055
14745
19192
9495
7481
19907
11272
20861
12412
13527
21869
30122
11815
7039
10171
31786
29094
24131
236
12386
10460
845
24336
9843
11378
367
6976
23138
12910
30823
20692
19061
3847
15969
17622
4320
30647
26301
25014
16544
31891
9747
6974
2472
11224
14196
20169
26683
5062
9971
29616
25497
5809
9572
12294
8157
17749
18788
9605
18214
13162
24986
2759
3573
31352
15420
25786
22230
24301
2004
29774
14659
19309
12612
11376
28613
5737
25351
17468
29020
17907
2491
14702
14881
17872
476
22298
1834
17359
21203
5278
2478
9818
6959
24788
21865
20811
4658
11660
3650
11521
17039
20281
6444
9138
25202
1258
21578
2306
27841
15484
6742
8149
24481
26382
5443
12898
17469
29110
9249
28810
25539
13938
22594
2151
19886
31074
19867
11559
4939
17972
25196
27
23670
16863
4644
4107
14757
17556
30591
25293
22313
20465
14833
15637
30128
13689
27207
7311
19469
321
4748
6187
13884
31979
32041
6841
21920
24280
30545
11189
1680
31130
4764
14948
20242
32680
10738
7968
10982
12118
11691
18159
22727
31492
31476
15707
3309
405
17013
2174
11478
27427
16945
2909
30790
32240
22189
25207
17293
32672
10068
28317
9992
13990
29210
515
18410
8189
14944
25496
7740
11544
24343
7315
23587
7707
23593
17486
23138
19531
15124
15960
11807
30915
30424
7878
19434
29546
22292
10441
23547
11809
1644
7046
9147
4161
26669
16673
10375
7748
28980
29723
28592
18882
2060
3807
32710
32160
12374
31127
1814
14980
1390
19012
19313
22411
18507
11022
18223
15167
1191
31448
6004
8387
4448
23576
8114
15697
28703
9702
1647
23015
20535
27475
28489
13628
14544
3323
5687
16889
7748
2270
12305
5414
26313
31851
13395
6370
8785
3294
29726
22360
31150
10700
8831
29166
6394
24060
12788
6335
6454
8825
11052
5708
11569
26597
24847
17262
5547
18960
9726
30608
8379
8650
26204
18714
14446
26869
19533
12848
17585
9438
20669
28061
25713
19149
23973
8202
16896
21210
25993
8564
1723
27907
5190
31453
12778
3196
32010
27713
22247
15686
27044
3787
1667
30723
12030
26441
26533
26633
10983
31966
17204
22453
20246
18422
1847
14081
23916
3455
1339
28761
14714
31319
28661
32683
29507
4864
23593
32702
28483
19355
18635
8644
20400
23572
29283
17202
767
9370
30134
5583
7082
13906
1442
3595
21809
21580
14410
2963
27231
182
12147
28706
8398
27215
8238
6298
11693
19999
32184
27731
22465
8550
19358
30387
31402
6098
23332
16127
20328
23028
30696
21104
7709
32757
18371
13450
15636
9349
25072
10665
259
9237
24944
4061
653
23622
30380
14839
23819
32673
15453
228
19084
20872
21417
32570
16666
24172
2958
11025
30016
1089
6020
16916
26057
24367
6494
15320
21705
28299
626
13932
20962
1541
4089
4401
14784
24355
26297
10731
20198
24302
4577
28697
20397
25579
26932
17026
11657
12364
8809
19217
18831
17512
4562
19682
23092
15721
24125
6301
24152
3140
11288
6915
16771
6383
984
14790
5486
9678
30619
29342
1221
1902
19467
28825
25387
1141
10374
2995
32383
29145
4733
26278
5469
24401
14362
7939
5864
26633
20006
17282
4039
31642
1321
1174
26734
13113
22995
21317
22687
1838
17562
25143
13360
30857
3237
15629
29966
784
16873
27124
9858
27515
8850
18809
5555
15844
28580
10399
27501
4217
29922
14638
4896
24180
18415
25679
4908
3917
691
11094
14939
32301
32000
2783
18095
5543
18805
5148
26975
21411
31139
12397
19484
18842
28015
17201
31640
27913
12727
7645
23369
19487
12857
31307
1643
31417
17072
28500
16964
19345
17215
5024
26027
10674
25619
17085
22987
9776
19525
14447
6181
3605
10237
30279
18900
7326
25053
10103
27669
7592
2973
30437
7686
5221
14834
2942
31662
14931
22453
7885
10814
27247
13377
25036
31126
19622
20765
9210
16139
21900
13019
28845
19816
28240
14655
5802
11826
22768
17060
19955
49
9385
7836
28640
7979
18098
5079
30065
30963
11049
32070
12259
13219
21070
17023
28545
2341
19951
12132
3261
31736
13091
28415
1919
18736
21563
11697
12477
15295
22262
9868
4684
17652
31476
8189
2294
32321
9325
7086
17612
30785
32547
15786
9149
31481
19861
11971
6760
7007
14454
32305
7983
18968
12893
18043
19341
16262
17342
6555
10153
26882
21273
30813
21547
15206
15729
22792
1614
3791
21248
320
2614
26529
3113
14123
16261
20683
2734
3539
17449
11084
15139
20683
16759
5878
10915
21270
3966
22641
25793
9540
8853
24708
28097
30430
30519
22672
11529
9988
28689
22621
23506
18517
23128
10521
19491
7183
3168
14750
7168
18551
21099
10228
10463
20092
7615
1047
22363
663
10747
12282
812
3317
3242
203
11095
13528
25369
1401
11938
31547
4710
5748
11339
18613
19930
4788
23801
12959
22392
28156
30707
7033
11990
29792
30864
12938
8748
26373
22511
5831
30123
22056
3815
8438
5392
23649
29761
6419
888
7977
19237
23283
32118
14491
5587
11815
355
28279
148
21795
12789
23148
30959
6048
18195
26519
17695
19518
232
18759
12229
9582
20791
20227
7131
17807
12014
14798
5353
24151
18429
30377
12155
24437
1384
25178
19922
30836
5531
31340
7386
29155
28927
8055
23900
8627
3274
19617
19829
32480
12315
26725
17991
6228
8006
4755
25070
29448
4460
5016
15797
4972
9296
20736
11402
13833
16997
27449
28080
31588
12076
26778
15284
2854
11708
4515
18338
29307
30114
25223
29816
16824
27116
13799
26331
11584
18049
3297
15625
13736
14260
6217
783
6937
4120
26422
14140
8182
4245
24257
29397
24255
30395
24329
2826
14134
17751
14715
15913
5824
31556
23632
16658
8205
11396
22358
16619
30203
12687
7668
11541
11704
24811
10856
23902
11303
1789
26196
26744
29318
4127
31865
16042
7757
6387
30658
23749
8281
22774
21380
11098
28489
7000
24836
24106
14633
14859
9786
26590
22606
20250
6612
22008
3968
4156
24702
10506
20831
2217
28513
32037
5887
9516
14313
5781
2518
18041
16588
9931
1240
19906
20552
23963
12512
22405
2988
6824
16466
6312
12313
21276
3582
4551
18570
32668
9032
3277
1298
9851
27014
6337
5989
22061
2730
30691
14490
9215
17697
13304
15407
774
14075
19682
21582
1877
25675
13683
27470
26995
31953
4739
13949
24077
9430
28736
26141
5607
17752
25030
5804
31256
10087
16112
26473
30839
24271
29805
23059
29777
18423
6678
24564
12125
7433
17278
14366
16113
26195
16075
757
24949
18926
13765
12013
18457
32413
25901
8853
10435
26103
24144
18389
11339
4553
1756
23667
3307
14518
19185
11228
30961
24096
13691
5666
3511
12620
25280
2113
32469
26560
309
18854
15765
5872
21654
17138
13480
20762
28469
8699
27671
2415
5523
32531
10620
883
45
26510
24689
20902
28568
29054
1865
10084
18128
15553
9214
522
8142
1342
9579
27994
3672
10859
23739
26401
1309
20499
11042
9750
4353
31830
14283
18438
24246
22257
16913
11054
16012
28095
25585
30441
6794
8832
22719
6027
4797
9690
7193
12684
13264
9117
29978
20457
31709
1099
16847
20935
8579
26584
5871
23385
20793
15790
1990
19973
21729
7668
10867
3010
22945
18448
11347
2501
18414
27242
2749
30300
25065
6003
17392
30234
7151
3047
5193
15412
25451
10831
5050
555
18415
20425
18295
8875
14980
26123
31730
23476
22334
22182
31498
31735
27923
17288
29311
32643
14316
10437
7850
24480
253
19351
3435
6651
6482
6819
3426
13060
25259
25469
7522
14229
23178
367
28706
468
23434
26998
22582
17754
2290
14222
12350
9877
6282
8495
4958
24938
28334
28952
31214
17183
16544
28747
3698
31609
12579
24665
20172
2337
6981
27359
19888
17740
32636
10833
10329
21147
18164
12278
1146
29504
20776
11060
10872
2659
32688
5646
4054
19652
13401
2795
26097
25761
30075
10137
237
3290
11399
8593
10991
26451
13024
28541
14220
4762
8428
11255
27522
17098
4970
5524
3238
25007
23302
20513
11806
31274
18986
19244
3280
29399
5400
29127
4122
23534
30774
1928
17092
21607
6312
22228
22579
19042
21284
5213
4575
6853
27906
7146
6407
21543
23443
27223
8355
8429
5556
30940
25498
7346
9123
23954
21301
6381
24849
21810
2515
5325
9592
6688
21983
27752
18094
11433
28928
789
10683
28809
14223
27926
21992
17329
29774
23675
15896
29255
5207
21826
13403
11245
22354
27843
15297
24134
20459
6220
11372
6326
18564
20232
24041
23914
24614
805
19393
921
29630
13877
26698
3849
10118
11477
4547
8404
9409
1421
23968
25964
24491
14072
11811
9181
31152
14629
17964
21074
5084
24124
20306
21467
9619
7781
1586
17261
11138
23269
263
28715
17109
23690
17532
28387
1194
4426
6846
25820
13766
19751
24788
28623
7815
4694
15923
20275
7962
9375
31373
12989
21486
27655
26091
21032
24169
27309
1787
12850
9689
18930
939
15079
9389
17116
30710
801
5605
26045
12030
30032
5831
1295
29276
12663
4308
18339
25524
20599
32762
9723
5260
27792
26891
22260
20574
4901
5230
28583
19691
959
24853
14994
13523
24661
17326
2547
16483
13003
17950
2421
20654
27576
6955
21262
16607
15980
6776
19240
25037
32306
14519
2047
21456
24786
20506
18506
13012
19034
19722
15645
18603
1566
4892
11022
14760
4350
11841
9879
24425
22759
9277
28603
17908
5533
31322
12524
32518
7863
17245
9517
16295
25323
18873
26996
31746
25739
10755
32082
30068
24400
29094
14037
28387
31575
5592
11694
31569
12649
22220
24975
6832
17535
25385
8151
6392
29829
20412
27761
25464
20063
14185
29177
18537
15658
5992
15649
21705
16580
15278
18260
17511
28046
20392
5273
14394
6512
26415
26809
9974
23070
5049
22436
15329
14490
22988
13585
6115
15867
6841
10085
10461
15724
18054
25046
2876
32631
27180
18896
10702
12932
28163
2967
4052
17564
6266
25135
8536
2675
10507
5753
11713
22438
8046
31134
4260
27713
781
24240
21725
23428
16057
22415
3551
20455
25755
14602
23368
20571
28269
10823
19129
27347
19946
17253
3044
26627
24962
32607
10982
27751
8531
1332
17624
10888
6229
3141
27296
2683
32212
24574
9741
27306
804
18104
21796
24023
10640
20446
20404
2653
13459
19791
2865
3769
3147
31748
12478
3914
9258
8179
22924
20821
14831
5939
25955
1868
212
10336
8062
12880
3337
4161
9628
15604
4962
4776
17748
13124
20813
4762
17321
15366
12550
30128
17118
14143
32270
22205
14988
9721
15833
19377
13809
16196
198
17086
19595
22139
16213
15033
2277
30408
6037
23234
12722
22506
32475
11559
10520
4150
15289
390
22094
10204
15406
14898
19817
29036
7195
2264
10611
19353
28662
24163
19646
12348
10178
4636
31607
13468
7743
1046
1150
24300
10334
16073
27765
29973
14583
23549
20248
10422
27838
12522
27340
17513
4724
1437
2682
15945
858
23453
16797
21425
24555
1999
11930
4678
1226
9111
14161
29239
19450
6464
29681
26051
28237
20382
15376
508
6431
14577
2555
9419
3139
18701
10314
15413
21566
5816
23992
4828
29875
11348
2866
17865
5919
19390
28718
18280
4551
10613
2366
5076
23278
25343
15589
31317
15434
13448
19113
8232
23225
12749
12393
8318
26161
1592
31217
28102
1525
76
11980
22575
21775
27716
21081
23913
762
503
10786
9644
27807
27135
15976
20988
16771
7706
18691
32683
2366
10448
1641
9503
7471
2135
7436
11222
27246
14515
3817
27558
4098
10529
26973
27466
11604
8374
10043
2586
29924
22084
31005
30490
22331
16253
26615
6454
23073
23387
1522
19660
28687
31679
8567
6763
25575
21080
11913
19163
11491
17606
23129
31837
16075
19455
32020
7475
10860
25330
24064
28515
8773
18539
32199
31161
14211
6199
23315
2571
25392
32648
25946
11456
12199
4251
4604
15763
5707
31127
18315
30101
25976
8889
4969
6769
17082
30638
23961
13044
7485
24640
3791
25805
9349
11317
23753
24465
5983
30324
12514
30978
32536
17258
23781
24208
10988
24236
4639
32
32705
15326
20152
6157
28694
24275
13635
29804
12342
3829
659
26005
31409
23016
5584
30175
30988
10602
16075
20138
9400
28798
18063
28323
13377
13257
26169
5443
26824
28988
8201
1945
20403
10995
11960
4682
19619
6493
32524
27862
32678
18590
26539
25116
23471
9521
4909
25121
323
15314
20596
24845
12660
12443
15680
10102
27923
12653
32510
30689
5154
26513
32225
11654
6536
11423
22068
14420
7944
1695
29679
6709
3444
12143
3208
18835
32030
11109
27403
7451
656
13108
17005
9409
13181
29972
31262
5124
30711
28957
10461
8563
31713
29940
12752
32624
21672
31402
14292
21044
12078
28385
23314
18195
6663
8753
29907
12545
16360
27082
17813
20054
9820
13146
18781
7118
17593
4145
9808
22740
1875
31651
27005
8448
4847
24749
1534
16094
23675
8924
19007
7153
26876
11883
16285
29175
18887
21419
10291
8559
10484
29096
3824
20825
31248
13322
7661
15421
8978
26681
12030
20078
12688
11717
19080
31120
28723
1540
2194
24920
28777
1789
2078
17811
23641
13700
28857
19818
9500
19111
12881
6116
24874
26697
30535
13740
28434
269
31941
28693
12399
30582
17746
347
28951
14412
22947
8748
20117
21569
2996
4198
13274
23764
28696
29475
15663
2166
398
16371
6254
25067
8916
1384
13682
1780
29376
16088
23244
14891
9868
5470
29367
19502
24178
12834
9295
8191
10360
1498
3325
20139
9614
10641
11830
11818
1238
15527
25445
16263
18755
25626
29733
18497
3429
20227
5812
6896
14723
25700
30372
21291
24555
32288
5076
2218
13190
21835
3487
15784
19631
932
11859
3211
12357
15968
19173
22727
19711
11818
19171
1792
25344
2151
27817
111
2476
19902
6616
1414
18361
20952
24580
5079
29065
28772
25005
25394
16823
4959
21361
15885
24560
28306
22911
14633
18948
5212
22863
3699
21308
18353
5009
7977
11759
12131
6755
24893
13136
20128
30662
15358
23946
26301
6227
6133
10255
9777
20010
9741
18988
18661
44
8696
32738
3499
22890
5069
21745
9483
3292
21750
9781
32070
343
23625
19765
3989
31161
5493
10746
4786
3431
18336
32541
13977
1273
20302
21540
19856
28467
12165
21007
1637
567
15919
20013
7159
7418
28607
30516
7671
31989
1559
22673
14064
31773
9897
10237
4997
27412
7133
4433
20219
23457
17843
29851
2295
28510
32170
19057
2184
32432
29152
8837
4199
11260
15226
28794
18558
14104
13382
6902
24744
9472
20383
249
20664
4043
31378
26989
22972
13021
18239
4350
11395
1885
26497
18987
22876
1258
15057
25501
27937
23177
29543
18616
24436
13282
5795
4209
13897
24237
23724
28255
677
25703
13143
14868
6820
27721
26698
173
13505
31098
15969
21672
18514
22916
29264
20470
22354
22277
29322
31825
1379
1191
20066
5584
8211
13393
8304
23481
31839
28319
30775
25494
19830
32400
1796
8843
22719
25983
5145
8422
11036
19285
31755
3064
13169
16124
16233
6692
26208
23319
25758
30005
20311
8944
12569
7924
13005
11185
32171
1019
9672
26072
10800
12484
16035
6885
29809
23813
17166
29525
13897
16704
30550
6356
20231
27285
29415
18607
15380
220
7695
27272
9430
13040
15620
32589
24019
15693
11305
31851
10010
16094
12685
26430
10719
20496
1972
17612
31077
4139
1435
12724
6945
7394
2038
13921
23068
10281
32700
11139
27033
8262
18917
17088
6904
7723
13427
1958
10970
3587
21679
27877
27014
17931
4789
14779
17035
32675
3634
27567
26535
26277
16493
24706
8936
13045
32644
23651
5137
89
18168
16482
23871
22667
26988
1319
716
9101
4010
19940
628
29245
10471
10120
26038
22313
12360
18486
21373
16804
27557
25333
25856
3866
1932
25513
16871
18080
13449
10050
18351
13007
10660
1075
16463
19923
12332
14117
27676
13247
7347
2029
25322
3875
22874
15036
4212
13281
25935
8598
20478
23612
28051
25094
27448
15410
25345
17167
102
24332
12684
5989
5054
819
31944
6110
20497
26693
1452
16931
15022
17256
7574
4011
24196
19935
19087
6378
12934
8667
208
30917
16212
22931
5510
1098
18455
9366
20179
10910
31404
18272
13589
4406
27398
14636
2410
16458
24013
21514
1396
29575
9803
19249
18521
25349
7049
23446
5390
6264
26805
27326
17878
9386
15559
2000
6405
18729
7525
750
15114
27196
24835
3781
12716
23836
5198
8291
3220
26209
20171
329
32524
31931
15035
18370
18182
9186
21571
10611
1376
29648
9161
23602
27494
8237
30625
31004
24985
5131
24809
5601
2991
30163
30641
2147
19930
10111
10848
2176
14157
5898
7250
9259
30205
29477
22470
14786
14244
6188
22264
27803
7180
18776
10378
18401
7306
2614
13096
926
3272
11352
23660
8216
6344
25930
5887
19297
25638
199
7170
17706
11934
813
21420
13528
8653
20527
12596
9690
11324
10698
1521
7737
3482
7034
4032
880
30793
9645
18086
16767
27677
15736
11702
26683
11872
29833
11061
13032
793
23901
11261
11785
2957
32691
5663
28535
28167
28992
20172
5297
10965
26276
22390
31603
17043
20637
17970
26762
4524
22906
7521
4326
1309
22227
18063
14577
3196
888
13467
24095
27961
5543
28952
7878
23333
1410
6388
21553
31280
6079
3159
4848
11639
162
21966
1393
22398
13096
3241
21717
28601
12422
13986
5116
4434
27601
27839
24802
26406
5631
18297
12335
6417
26126
22045
30473
7787
12675
9587
10029
6610
26902
6558
12606
8746
19884
8003
348
7395
29061
30701
10745
3450
22967
9648
12520
32323
21467
14861
12983
26213
21510
3094
20543
12582
28411
6610
6777
19049
17566
6371
28820
21620
28332
31334
1092
27383
18346
26139
30812
5962
7707
28870
19871
23031
10230
4565
4563
28024
19031
7234
1304
9794
2421
16059
10616
5122
13524
20225
28863
18470
9148
25742
31885
26015
5609
1658
9385
24037
3204
28831
14232
32572
12114
13308
10607
14391
4652
13911
9445
13434
28335
21798
12972
14019
9780
12208
27394
21548
8194
23664
25987
29866
22467
3514
23361
15578
12341
27041
12054
17661
24098
6423
20537
16704
32658
21078
11024
32578
13119
25215
7237
23760
17481
31361
6684
7155
15915
17213
2052
14380
31982
31976
26732
8446
3485
11696
24791
32173
29432
9122
17459
24134
8812
19915
5990
32223
19779
12445
17451
31264
18969
31125
28188
9218
12943
30235
7695
19927
2371
29098
14246
14987
31743
16176
27938
4649
5680
29112
9592
32672
30618
2118
2215
23496
25419
4354
9800
2464
15053
1945
27239
26586
14752
29409
21649
31641
1255
1468
9518
14457
25442
18238
29970
2512
12700
1554
27470
307
26214
6937
1356
20028
15235
16213
9499
25483
20133
30982
23047
27915
20121
25618
5997
31606
2238
22954
19917
2332
27323
15147
6689
15328
19569
25666
32621
2179
5679
2132
24216
6949
5925
32541
8314
10504
8220
17559
17974
3992
13924
12317
21450
25768
29453
9936
18660
23551
25178
19770
7160
9747
30578
31793
27535
11284
26713
31998
23010
19756
1567
20671
18087
262
25943
1802
23339
909
27339
26579
7329
28150
4206
29840
30905
24832
30354
1178
117
9338
5467
215
17721
24582
8820
662
3105
20766
32512
22970
19350
8788
16852
15899
10020
18398
12771
12329
23942
1361
17657
19667
23811
173
30381
6311
29182
1690
2961
1594
17352
25585
5291
15306
5048
30846
18217
23586
29310
26373
31824
22206
24500
1666
28086
816
1974
30901
433
3010
5044
2526
15375
27485
16389
15814
9991
681
11454
11774
18544
2166
7300
7531
30513
22875
5534
25859
9465
27292
6478
7633
28720
25681
25954
11327
4653
9925
29702
4244
32169
16157
11740
8380
16755
3898
591
3912
870
11488
23076
25525
10137
15383
6225
18417
30677
18641
7443
20251
24396
25550
32571
6538
3719
1725
28616
31250
7073
932
31675
130
29363
897
8231
3441
10895
22578
25736
21307
4529
9618
28501
26694
1906
9701
18649
20106
30079
3446
16446
5200
32138
20862
9963
29241
12095
22088
22032
2691
23162
18579
12926
11656
20919
9784
8893
18311
12490
14860
11096
23463
31696
3848
9596
12345
10853
7847
17345
4158
29463
16016
22856
17961
27419
4469
5894
13286
20031
32571
13151
11290
800
30811
12279
28845
12189
2184
12741
31366
29067
31890
8041
28309
4010
8074
31167
25623
14040
21287
8884
24597
6021
1896
1624
10798
30567
21883
23093
24215
2927
16862
26336
24928
11771
27076
4045
5881
17741
8122
3431
1524
28220
15242
3424
17932
16169
8543
11590
24679
14133
17451
856
1304
11697
10054
10647
14824
21975
9048
32544
26198
10935
29304
5048
24796
22387
18325
29097
24948
28591
29973
14797
32091
3140
26301
17896
4117
8244
29393
17722
13745
6627
18044
1877
14926
9348
29041
26925
8926
7633
21715
6254
13098
5119
31059
8466
5399
24561
4248
31026
1319
12204
9699
32540
10306
5387
16883
7591
28343
27827
1574
2755
10366
12618
738
21588
11968
3812
19763
12097
18072
19134
6069
15559
8476
21295
21173
14868
7319
3035
6035
19985
11033
10794
25450
27007
562
13817
25843
27973
30714
655
24999
2824
12628
13266
30244
5117
1396
9146
13778
10747
15007
15367
28102
1749
50
6191
3815
19942
18918
923
847
7149
28754
10258
29428
18716
15026
118
15239
4459
13798
25518
8092
5938
31934
15331
28940
29687
21876
15855
14999
19332
18554
13586
11470
5437
5238
14055
21041
4017
9100
21399
20116
4719
26075
5709
11719
12827
13642
27114
1397
27329
9860
13817
28237
17512
27457
18405
6240
9707
10696
23657
32458
18948
28081
23881
32405
2730
5616
10048
21722
30365
25615
27705
18473
25919
4283
1474
299
31909
2434
19389
22150
24046
15323
17240
4097
27603
4455
14912
25833
24448
374
8722
14771
8098
23501
16403
24802
3522
12455
1312
25388
15825
31225
8680
4824
19460
27130
11096
28266
17634
739
25431
5762
21403
23539
31156
23298
10907
14263
22876
9071
23135
20360
21969
13978
2695
30805
19671
9599
18733
1187
4209
23917
25718
2001
11531
9575
614
24225
24569
2763
27385
8436
21024
305
14447
24789
27379
14742
25063
23225
20386
29882
21551
31493
25229
21702
3291
23761
22271
29234
27540
9708
11545
14310
11699
25632
10764
19103
18447
20407
8332
32661
4882
5949
7553
9819
32019
6280
19711
10758
14047
10998
11128
19857
3737
24310
22320
1920
27845
22218
5618
16580
10143
7307
25346
31455
8369
6509
6482
8520
24740
4676
3576
2577
9559
19783
12000
27079
5678
17684
31166
16026
4781
3317
24391
30397
20293
19042
26273
22032
13421
26567
9496
24317
13301
25735
24082
17055
2199
26176
24389
7210
5072
28497
27943
31623
19950
24217
21414
830
31849
7298
28442
7577
8822
6462
16760
3335
24538
81
26568
23486
12796
17744
985
28324
19263
28136
28211
16240
29838
15649
17485
524
11577
9188
9984
14654
31999
6844
15676
32392
11372
18649
20218
333
22373
7258
3185
308
3585
14284
21901
18386
30618
22765
5533
25987
11300
7350
1868
13720
14270
17561
29906
28088
31879
24840
18539
15488
26291
1334
264
15213
9950
26657
24389
14332
26271
5840
24220
6159
11105
7129
20184
23955
23406
16423
8652
3424
6477
18682
16708
32096
26958
22319
316
19956
21859
19394
592
4755
817
21905
6260
28085
28775
3171
2533
9199
18767
15656
14944
27231
3491
19331
5777
29770
30625
19589
21454
1028
22881
16060
22533
784
25703
876
24051
25993
3957
32028
10647
23744
3746
30548
24807
7463
4528
15270
23745
15214
15515
30699
1572
25835
3694
22991
5024
30527
10842
912
15115
15159
14089
15874
11126
18160
18480
3031
25439
19263
1636
541
14121
20559
2350
2568
7113
9612
5985
28658
2497
2240
16811
25504
3154
18556
2923
19911
20717
26042
5570
7886
19180
30912
237
31446
16255
23880
30674
26360
19945
27101
6616
23501
18412
13960
14076
24884
28289
13996
4642
5967
26317
10799
7592
20687
31569
10714
26177
8818
32097
21251
8193
3017
23255
22121
2484
7487
15368
28255
6772
16215
15863
45
11643
32565
7369
27827
8245
1120
25209
21583
5785
5062
28109
20993
22970
17409
25993
29133
1177
18136
27618
26209
29502
27657
9781
16888
10247
16710
27897
13950
6975
29565
14323
8437
10482
21852
6824
25623
4352
12053
25880
22077
15729
15198
15529
18047
17160
30140
16738
23837
20507
7682
4953
23326
32162
5396
19567
32054
13965
30449
16954
1517
10587
5617
9283
13054
30696
15179
19058
8701
6534
20697
18374
26685
9040
22560
5449
25073
27323
21131
26948
31889
13934
32503
3759
128
29012
4212
20715
7659
5103
16970
20404
16628
14319
27963
20305
28944
2563
520
22797
16301
3567
3383
16363
2585
26847
10258
23958
4767
9722
31475
7063
13555
10555
13503
7370
14800
17532
7089
6931
3551
8916
7001
19789
24539
32291
29668
27011
27123
21227
28317
5987
27247
1634
15284
26351
3991
12997
23870
8054
23248
3566
17278
31427
16137
7721
32355
8340
32341
12612
10321
30286
2777
18917
28197
5870
28393
30496
22643
1859
110
19017
14865
31323
25483
24327
26586
14907
8320
10666
7596
2258
20686
32703
13491
3376
10140
3809
3818
8436
22873
13778
23518
4611
9891
29642
6838
11392
3687
25102
32112
8440
27466
27589
4461
6876
72
14343
20784
6965
14491
31288
867
27539
7903
7316
2842
15686
20339
30986
3420
18641
27170
5198
4064
412
18179
3882
29972
12777
29341
16917
31075
4873
13647
14086
5560
13776
10736
30090
27454
20294
10162
21781
7275
15775
844
18837
14140
22894
27480
24141
5314
26389
25593
21217
20957
15488
9666
3757
17736
28435
25555
24155
5845
7648
15685
12213
23546
11294
24009
16311
23949
32726
4491
28393
27340
6368
20573
12268
23968
5134
1041
17490
13347
28327
3622
15283
25439
7703
20648
26876
18265
20452
15953
16907
21582
26084
13812
23929
27964
686
11548
695
932
14926
28144
93
25742
15165
27737
15550
22223
912
30311
13504
28295
30319
17393
23787
14829
26057
10620
6335
11087
25670
29278
15435
25684
29565
9764
19451
18053
25192
15664
28338
27915
28692
2215
17944
29626
1693
20874
8502
12111
8794
29474
15680
15094
14677
29858
2225
32528
14078
26120
7325
5426
24608
1092
24643
11633
13075
26780
2787
22749
6196
18255
30671
23883
30354
376
195
30296
234
3638
21113
10154
20182
32522
28537
1145
5697
9088
21807
4174
6430
4114
30527
7435
7001
3145
1309
18988
29966
11301
11736
2380
5370
6335
22070
19435
1839
19501
29958
15982
21515
17574
2482
13415
19306
29414
24852
10775
4123
26580
7306
32562
30609
1379
12109
20193
4571
14006
17918
2317
28119
29575
19586
12507
28066
4809
1552
25715
16210
12428
27528
4614
19944
11042
17415
32271
16000
31616
11192
32473
19915
27878
31981
4417
8639
30659
20334
10941
25485
17363
528
27805
13780
5514
650
7313
23316
10933
18309
1644
8293
19039
12530
11047
24681
3057
17056
24873
12927
6558
27918
18885
6713
29182
22654
16389
19217
27897
26186
9382
21591
2023
23675
11107
18798
15605
28568
3447
14904
27083
7868
17757
4047
2412
5611
14298
8566
17757
2726
28221
5583
8713
18109
17894
25678
19044
21861
14597
2797
16079
1674
9380
19489
27452
15463
12264
2317
26770
14163
14483
3062
27987
21470
26830
22264
12668
28444
23078
19191
18860
25921
27092
15064
15753
24174
8769
16112
23903
24011
24009
23740
6923
18134
1727
22227
27160
19707
6322
14618
27431
356
18159
30007
26260
29458
27719
9032
23126
5421
10259
15060
7975
24472
19573
22529
26854
24009
480
24840
9785
8152
17370
8167
886
16853
6912
9302
5316
32095
14411
507
27517
31090
21907
16097
6871
19585
32593
1575
28612
25797
11177
29429
24598
19156
17064
1972
29927
29301
31690
9599
13368
3507
13503
6100
19928
5680
9582
2192
3976
188
5435
28698
25692
20262
30085
21982
25444
29778
1395
29949
12684
16012
25329
6466
15041
15388
11509
18521
1621
19995
6919
2875
10917
23941
11776
27629
9209
26255
24082
31594
4779
20026
27144
29662
9356
13864
11215
19220
11651
17070
5686
18738
13175
1836
16370
30628
29039
3225
8165
31830
5624
9826
24224
13606
16584
2421
24870
10137
928
22936
28914
6348
27255
8448
9532
25006
20180
26143
29049
21357
31356
21437
32033
16430
23885
10058
10420
31745
23146
22899
25599
27156
28824
13555
14748
27175
16872
20396
13240
14911
16023
6646
32280
8351
30514
30775
26974
29172
23037
6836
13193
18384
24470
1958
14780
31577
27350
2961
30528
14403
24568
977
30155
15355
14077
14197
4867
5413
3406
12881
16190
30537
31396
22095
6540
30409
11557
5894
3319
16663
4304
5006
21257
9508
1562
658
32655
28
27609
9382
31133
25168
98
12507
1490
116
24046
28561
17885
17674
5699
30605
20800
5662
12688
16716
19284
9012
5272
1174
6798
20351
4626
5206
9472
3155
11088
11432
13859
14301
17440
26420
29139
21522
19952
18875
30875
10725
11829
8943
8499
11453
25613
10632
27463
12838
12578
4500
3962
20934
18898
3086
20651
404
20622
25779
29303
16964
8320
12817
30975
28677
11121
19425
5611
2927
28393
31638
26287
3767
17560
6966
26636
8998
4596
5737
17114
19145
6948
464
22022
21097
32029
15511
8663
8125
4875
20558
30837
12255
19186
756
6059
23037
11669
20309
4076
10833
7575
14231
7316
26963
4576
9743
20849
9005
20290
20569
16770
17263
25948
20647
766
6404
29375
26969
13464
22117
29776
9934
26626
25100
9198
21370
5552
2860
10836
29241
32222
30367
10304
13027
6868
22559
23253
5409
2153
19386
24381
11647
1222
25472
22932
16578
28268
15743
769
10619
25465
13809
25382
15324
26150
2483
14523
7115
10901
31993
21877
14645
29130
23105
28973
26277
5623
23941
14398
15893
11260
24501
6447
18436
24110
22116
5522
6344
25687
31682
6699
22566
15615
13002
8789
26400
3050
31676
10914
6158
16866
3278
14018
11504
29111
25374
28326
4099
30339
24556
5860
31378
20274
17926
26718
32271
21314
11139
2847
9058
9416
13236
14469
5249
948
9560
18597
1089
26197
12559
12011
18540
31520
31762
10753
23059
30637
17184
10994
12325
22786
10684
14224
10305
30996
2453
19475
29129
7563
22086
2
12088
25542
26943
29271
16821
11807
18947
16606
29416
30320
18069
3806
28940
10710
28716
24315
20805
29108
20526
17499
3124
3579
26972
12040
10441
9385
22858
22421
2393
10896
11795
3589
3825
18777
17482
28648
1769
26312
16692
18887
5820
12610
32052
10178
6679
21900
29318
22904
10031
16853
1072
27943
11608
6647
12598
26132
25044
16634
2062
12846
28392
7129
28243
8942
6453
29065
4286
28033
20294
3128
3921
30249
22374
32723
14805
27361
4020
14794
28807
28992
29817
15895
32015
27551
24760
13693
30641
6526
15623
12557
3271
5924
4254
18159
13935
134
10414
27743
16001
15210
18932
12534
7364
11468
8333
16171
1377
23937
25100
17945
15255
21018
21962
12419
31921
6667
14205
19733
5941
23053
10252
19436
607
21952
8354
13657
2509
15509
7170
15842
24956
15851
27162
7050
13811
10360
25050
16467
3262
6379
25926
7680
2334
31695
27594
22303
26879
26291
1742
327
20010
3208
5259
23711
10172
20810
5405
9375
20439
16611
21977
24091
12695
27980
26336
18045
2888
30709
3828
18514
8406
19047
12683
6408
29316
16936
23330
25589
19425
21470
26580
9884
16121
27064
30763
8748
24520
266
10294
1610
21492
19255
15580
14608
2747
21972
15215
24662
12585
32266
8069
4144
13967
13116
8963
17079
30002
19690
19578
32013
21312
30678
14263
17819
28680
32357
19605
20381
12649
28743
22550
32737
17803
27994
15282
11979
27854
6092
9967
19357
8192
29057
3890
17653
26323
10420
22997
23192
29326
6112
27769
15469
20738
31969
6046
6861
19392
11094
3953
3066
18313
15947
26340
27372
14342
3349
16644
4948
31673
26492
11400
7899
13364
23840
23973
1962
28297
5141
14890
21552
12289
29393
27592
12319
15121
8520
27825
5816
8329
9557
16998
29257
28943
7772
23241
21748
8908
25646
16250
11953
32613
3372
4960
9366
11821
8112
3718
27991
11929
29352
27689
22281
22260
388
32527
23083
11091
14163
24602
24038
8396
29992
27420
4500
8419
22467
32237
32640
24901
109
11707
15596
25529
25892
26274
23385
12883
27640
10620
32514
11242
21941
23547
16042
29901
15298
24309
12439
24498
9545
24318
18655
25327
30616
4924
27874
28141
17864
24183
24600
13017
17308
1648
28173
14492
24491
30068
30121
18702
18626
14896
14773
3942
25220
14791
6811
31478
27987
18466
7533
14869
25972
6792
25641
24924
23917
18542
31548
4885
22450
20112
8260
15088
25473
18496
26138
12792
267
21246
23056
24262
4308
20554
3703
9716
21084
31158
11877
16085
13823
31551
32437
16483
1562
2013
28750
31353
11119
7257
10153
28483
4299
25695
7565
242
27110
30164
15645
10164
24970
22121
8981
17379
29431
32625
25169
24700
29319
21488
29071
31188
2446
15604
9845
7302
10628
24616
25046
28848
14950
9382
20785
1375
2137
31245
27002
28743
13457
5587
32541
5560
11633
6877
8001
11469
29171
24397
3657
21479
9291
17564
4001
18777
12231
21992
23223
7269
1530
8335
24903
27240
14105
31484
19164
31825
27045
11713
18836
22615
30026
13030
11299
7148
9480
32641
20762
12780
25744
2951
24426
14619
23793
3042
26659
11982
17523
4804
21890
12776
26051
2618
19243
29192
8785
15620
23475
7937
29687
24996
14177
27787
12763
23477
14390
32312
7318
10110
28458
20393
30102
9159
5817
27905
9664
11755
3742
3994
14170
17455
17631
29431
10025
8786
12297
30202
20694
3174
16061
23639
31383
15326
24683
17481
17419
8935
2910
9348
31845
31228
25593
26218
9164
19380
26944
28801
7170
29407
19098
13605
19524
16082
19156
6522
15474
12799
21610
18597
27504
3785
8962
18236
25804
9878
9786
23290
22945
7973
419
6840
16571
8738
19981
15000
16891
10999
6
26756
28925
26342
6045
19671
6905
23380
32108
857
11239
18024
12501
8305
28391
28117
11147
5782
11743
20468
7764
4103
29798
27414
27406
4284
31201
3864
32752
29852
30443
27960
30739
7664
27131
23078
9521
26648
3904
30303
26284
12924
4048
12470
29138
6086
11266
22323
28511
9551
25880
10785
4675
9942
27170
9571
2982
23160
19487
29703
42
8412
15716
16926
25200
32175
24642
24778
22237
31824
26851
28824
1182
19660
5749
1552
30697
11532
18314
31883
31110
29261
11711
27461
32655
18129
25756
28851
7028
28628
28604
18455
2369
12226
25646
23889
17444
6311
16666
21240
17450
25319
15272
11945
18761
7215
541
8095
22435
17067
14920
4996
18697
8314
16156
3463
6078
31583
24990
29615
18046
27833
12546
18031
2495
30133
3600
30330
5687
9154
3533
19672
14494
22853
28504
6458
6837
3726
10514
6795
22919
7947
20737
21959
20719
30396
25719
20240
16474
13287
13038
22783
11470
4365
28727
28216
9260
11036
12756
18753
17842
30694
23458
11924
13251
210
16315
7410
21227
13778
30106
22523
31262
27797
11392
252
30784
24573
32023
12808
4843
17363
32341
20298
25196
16570
8612
665
12046
27745
6720
5453
13212
4605
21472
7249
26913
24311
15512
10874
16370
18401
26110
32023
27118
14767
16780
22218
6661
27428
31813
31894
23799
25226
15771
2360
28510
934
19857
2747
13551
14827
26141
7751
13565
4846
13264
32314
16446
23834
18872
13945
9170
7845
3206
29449
3457
30914
22764
7385
1349
19225
26953
14562
8200
11124
16008
15730
20398
1467
4165
20933
29782
30754
2098
11222
4829
16289
19642
116
21668
18597
7908
14744
13460
14341
3961
26358
32095
55
3945
7378
32008
22212
24427
13589
4517
7673
8932
9888
29540
5855
6666
26336
24524
28526
18249
2467
2629
254
998
4906
30171
21246
18402
12415
7231
13800
10529
18953
1550
2676
21963
9309
14422
2317
3571
855
6999
7553
24694
874
16006
11004
12070
7476
7640
19511
15912
1877
19516
25581
21147
27266
10089
4495
9338
7125
30939
24120
10180
20839
10264
13795
28890
1313
25144
220
14376
31183
23204
29044
16647
5750
2334
23033
10210
3048
2306
7909
23448
30869
32203
6486
17954
32420
8408
32190
26742
67
23665
6876
28075
30267
6149
1259
31069
5319
6581
281
13651
12966
8471
17722
25183
9839
7987
24510
28806
3621
12242
23520
25185
13579
14329
30241
32707
3001
19888
29941
7069
26224
19719
31164
28958
30123
15963
24051
23582
11510
29142
28844
28860
3075
29749
10299
13894
32251
16590
7219
2394
17170
21713
23441
26955
6238
1998
29494
13510
4585
19831
14491
6582
23301
17576
11456
15460
20703
14244
2917
23011
11095
29090
23165
27051
10255
3464
3552
644
27586
8694
4928
1702
3544
28294
23134
23326
567
28242
11645
11891
21851
29623
28183
4746
28329
12633
2512
28103
19712
21607
15272
1909
29074
5153
28020
13160
27890
23191
19855
24800
17005
27315
27853
4273
5534
10105
30896
30369
22077
24718
26079
18962
24120
18423
7891
2529
13829
29988
2772
14221
29494
6445
292
19868
25934
18523
31866
30010
1235
31978
8881
16164
22692
14093
29890
25540
17805
24115
15088
20125
31769
18313
322
30954
30887
1472
14390
22402
18880
26128
19892
24575
4264
15997
21057
26911
28723
29017
32373
27243
24026
18954
11439
24342
2318
5901
6919
20519
19661
9531
2436
18907
24434
75
2192
16452
13521
7321
2984
10039
18051
20005
5208
16741
13951
12511
2407
27336
32746
26146
3663
25153
10801
19326
28399
22143
12884
3770
29572
14882
7813
17177
12502
8992
28657
23517
10415
14696
26334
12298
20113
30918
19702
27500
17576
18951
14818
4315
25854
14173
1563
29118
27374
16389
24573
16078
20699
3878
14110
5661
13858
6653
29149
12886
24908
26935
8510
8006
12937
4510
9973
6043
6746
8184
448
28652
26765
31788
13306
13050
1902
1959
30830
21302
30524
31486
14697
5507
7642
18133
32275
6460
16071
31743
16894
8569
12112
32487
27392
910
6916
2606
20798
24277
27753
17557
3466
430
11757
28190
495
8131
30495
26734
20617
15761
14879
7798
13466
29988
1363
3922
29147
30753
3420
113
19984
29450
4937
6903
18655
13758
31498
30815
1506
17727
9767
25189
7419
15032
26290
18979
17640
5055
7802
14970
3095
22487
24193
18867
5051
14137
6832
20070
287
1748
17866
23451
6458
15762
27039
18480
14981
22237
3970
17787
10505
15970
3324
18735
24764
10516
2242
20100
25101
32628
19429
12946
11454
15632
13129
12286
23794
26954
21848
15833
7815
3419
12279
21957
27301
19352
29369
25946
17303
31731
14675
28360
25306
29124
19025
7357
3444
20170
11783
19849
647
1900
12745
22912
14374
31813
11103
6303
23143
19680
4275
27507
16570
18368
14285
19255
19833
7076
21249
9533
27584
11785
32103
1423
8062
15087
27532
21717
23500
8672
5223
11641
4990
1071
26255
3082
14328
6270
23979
24286
6724
22402
3113
14588
25185
26123
27955
11320
4317
24638
4830
3744
16038
27173
1189
12055
3869
10603
25111
15680
2156
3168
7628
26782
17945
579
25757
31481
14812
2241
1300
29187
28334
12985
27426
23611
547
3138
1040
32018
18425
32751
7864
31820
19441
8530
7157
9386
9693
190
856
30150
21499
27729
20509
3390
3969
16946
2653
11028
20345
14360
133
21845
28111
15372
13574
24313
8873
21103
21582
22027
18934
5438
18168
7434
10058
14485
13375
13198
7145
14450
2233
29230
802
5052
21826
15778
10462
14468
6709
29989
3704
1418
21219
8221
29135
1283
21821
7934
19098
17561
22996
25452
12796
28340
16388
29600
26713
2296
25195
15628
28007
31759
4000
31298
24200
18600
31522
12306
3927
3519
14991
1522
4224
17439
8983
32164
6358
21286
6959
19986
1183
25289
13450
25981
24370
3799
8773
22230
10949
24450
24418
13932
23168
11035
6519
10696
13014
17693
13223
11989
1044
7789
30162
24133
29498
15072
15369
11567
17675
8190
14917
29181
24416
8454
10328
12421
29889
11314
27171
29046
3638
32059
2058
10486
26459
22816
2981
28809
20659
14116
5304
6197
3134
31509
14950
21220
22606
9428
3233
521
7318
6418
18917
25734
28036
26456
7462
11470
22993
12618
30727
16966
13910
5932
23884
12786
23585
19877
12178
4685
3272
16579
22589
24184
28925
26688
23219
3223
25955
12548
10184
25465
2464
8170
17784
21367
17844
4551
7900
22174
14729
15529
4183
7184
19146
22108
1041
679
17657
1075
12966
9948
16316
30724
23583
2023
16248
24181
3361
2088
17441
630
17508
19654
14929
18959
3175
16534
663
28764
23906
15934
785
8406
23421
9626
30525
22483
17727
24670
29196
11345
9801
6653
17976
26351
8772
11978
18648
2620
27672
5725
8754
12340
15710
19769
8400
24840
25113
428
17110
18206
11424
2038
27026
25689
26079
22957
27477
11418
3519
9311
30593
10631
32739
11130
228
2955
20629
361
8772
19485
30208
23552
12603
17734
4511
2074
29510
25181
28149
16512
10520
19990
1151
27661
25652
16827
8167
1808
23226
22968
28282
15346
11649
4957
6364
28441
21607
22496
12538
16907
9445
14497
3393
20951
9959
16562
25614
13489
11226
32663
15205
31452
23558
12618
229
14029
11806
10115
24059
20621
32021
22581
7255
10335
12340
13660
11932
19619
10602
12790
12636
18170
28131
6223
30787
17579
15579
5506
31634
7749
2229
7741
14799
646
1607
4292
25019
18556
18041
14393
22661
11498
3598
5402
28733
32493
24513
3851
25227
32735
27796
29654
25505
31356
24165
26544
24942
21827
12482
10942
17173
9247
3070
22487
15517
32071
22148
140
2794
5475
28780
19045
11244
26352
19788
29038
26390
26853
24657
21490
14866
6295
3726
27527
32179
23258
7059
22346
22315
30825
17474
23404
18814
14728
31710
31214
31542
25831
32613
2216
1113
9674
13088
26768
22680
7527
32376
16953
8649
9103
6667
27546
7831
31377
1023
23313
22904
31324
3734
19368
19424
30435
15619
30358
16821
26054
25213
1545
4354
1838
14225
9506
31215
5624
22972
20801
17137
17175
26937
20612
25918
51
14616
29066
23940
23958
17808
30845
29914
32585
25750
23887
5623
28026
25774
16195
673
17441
3586
12720
32105
1508
14769
17922
15254
5687
29545
30465
13151
7879
22840
22870
6749
25625
11679
13642
10303
19822
20457
28114
29120
9195
3770
22729
28630
19702
2283
27772
1836
995
4245
26219
9171
22224
17516
20302
15669
27341
21327
87
22090
19265
7709
3511
19982
18569
11209
14947
5170
10721
9137
22808
5649
13960
16939
16028
30695
23071
31585
10568
28221
26706
16480
16835
19368
17339
6763
6416
5811
27651
4245
18379
15386
14155
2959
4783
12601
15050
11198
14428
6851
9911
17808
19543
19383
6505
30737
17235
12432
11709
4537
5295
31421
18616
14216
5439
8272
27245
598
28495
1018
1569
1636
23525
22839
9646
31030
327
6342
23589
27045
6845
6492
19383
15920
19864
8345
17110
28051
20339
59
13463
9627
16825
5010
4187
21560
26216
12596
15534
18132
4628
25841
14703
21475
32558
1545
11570
17083
26246
32157
25058
26022
271
20836
29867
6710
22242
18079
15638
9177
32646
12623
12150
5293
14191
17317
16004
14486
28356
29114
70
13965
13670
15744
6709
23611
10285
32505
14494
18374
17269
31910
5449
25579
16089
26691
20825
27213
22078
5041
9843
24588
9236
29236
13090
16538
28888
14814
26234
19146
7133
14667
20220
9258
333
13711
20666
18067
362
25709
1724
27646
3354
22218
21409
27801
23459
26464
25993
17179
11699
439
12595
11092
16803
21841
10339
3848
23804
18725
12167
13565
3899
17232
5785
26195
4561
6406
6471
32276
26990
15054
10834
5900
11391
28911
3636
19419
4854
15397
2309
15688
13129
11929
9119
21208
4285
20752
19457
27040
24292
26723
21745
25943
7780
12079
6374
22447
30459
22477
17444
12773
29376
27269
2601
13463
32428
21502
19016
4567
21592
14329
26516
30077
12552
23615
22527
26561
32233
16344
11971
15881
19863
12926
9729
3583
21218
82
27560
22247
13522
1485
13721
21808
25577
16376
24841
13384
21671
11488
8486
4789
17236
4164
253
3170
25849
28818
15515
16182
10672
24594
13682
32235
29725
26208
1535
9502
27197
7711
30890
18082
17246
23276
26094
7962
14191
27537
15801
2503
29562
19579
16406
26270
14191
24175
10505
9886
291
30072
21434
29280
26776
21540
6358
7920
4479
26351
27699
25819
22011
21504
32179
3465
3752
13075
24938
2765
7132
439
771
11451
5165
10169
26719
27066
15411
8160
1920
27866
11151
6362
13222
24167
17195
8823
26039
6846
22724
15125
25572
19295
15270
20828
3210
5700
30391
3627
18518
22385
29623
31441
26541
6349
25542
22401
28491
15408
4391
13824
6186
3005
32323
11425
1701
9330
30193
13683
31965
28413
28916
3513
3164
6865
29893
10650
2808
20346
20372
4122
20218
2093
21897
13129
30336
19876
847
6330
15904
16937
10707
26167
10958
13296
1865
9907
2816
10665
29041
23424
4880
7510
29976
11715
6369
22874
3809
21540
12997
11219
24901
202
15774
25642
3033
27526
3652
20201
1999
19534
21031
9164
11712
23022
25398
6682
18601
8442
4863
5941
23091
18183
12567
11120
29751
3610
20668
20770
19329
11361
4537
8697
26580
19489
28810
30352
5423
18416
25025
9283
31311
30500
15528
19778
30837
7819
14632
30436
14441
22877
1257
23102
2239
3694
13243
8949
29017
17832
3893
4176
8237
29113
2459
11409
4936
521
22533
3718
9235
20719
30654
22875
22486
16932
8939
28338
6522
9592
30829
1781
16531
12739
23304
9195
2462
11295
19396
4490
25478
3924
17299
26893
13934
18324
20533
19014
1962
22121
30809
16180
7950
29419
11013
32216
4460
31286
15927
31813
21592
17435
16589
2807
16174
12310
9122
26981
7511
32384
32250
2265
13767
18950
28960
29056
27594
13658
28493
32189
23809
8488
27084
24515
8359
32332
10844
9571
3097
4162
23510
11810
8342
13278
1551
18319
1603
32317
256
25556
14450
18427
8996
7818
18211
30886
12066
978
20939
9843
17580
19873
8021
24112
22695
2907
30567
10106
30860
26532
8422
6448
23822
115
10684
4648
4093
1383
23513
27168
10602
4191
887
12023
26636
27717
27299
16925
10466
15914
11769
27208
538
17560
20143
11624
1330
8483
9685
1758
27741
24642
7386
19944
14120
13149
20307
24672
31325
4391
31224
26023
26407
12334
23279
15836
19832
4017
26446
29009
7592
689
31195
13375
11615
29002
24342
21176
17332
17476
25209
6366
12438
12006
16638
2899
29547
19210
9442
1008
13560
15223
3752
1722
6273
18538
20322
25361
10289
10870
30764
29995
24764
30606
25337
7105
8258
26209
14482
13832
31863
23526
6107
15843
17409
30519
16984
21079
12065
4002
29169
17983
918
22781
15346
1857
12222
8763
9558
28928
8447
25149
19525
24723
22885
1770
19163
7223
2188
14978
14123
25408
11201
4911
25732
14934
31076
24798
18931
18397
7056
3404
12808
21685
32255
16996
6109
17700
13095
19144
21845
7696
13481
24750
1698
27250
748
24301
18186
5383
26629
2135
10986
2633
25051
22858
6907
13981
30600
6018
29908
13518
32258
5169
5296
16570
4090
21586
11378
16971
15620
4922
3046
1193
13305
21360
15946
28078
27801
29118
8461
18843
5237
28296
22486
32521
17165
24925
16840
16162
14645
19148
21509
1552
12221
14457
32112
32694
31056
28528
30648
9374
31645
4280
10642
9011
17333
27692
32325
26929
14772
30086
22124
24921
14244
4029
30199
14697
1950
8849
4980
17483
3378
11875
27789
19597
7690
21067
977
27409
19913
30821
27575
13830
12601
7275
17119
23574
23718
24713
17820
32737
8581
25708
6320
26539
20314
4765
12630
21841
31704
22541
32390
6786
5705
31217
14196
15659
18992
32207
29530
16435
29997
22489
28279
25705
13346
21371
8279
30139
19348
27184
1878
30888
28500
31897
19808
19448
11614
8656
10746
4778
1
250
9606
31278
19264
26907
8642
12500
18809
6959
19347
8325
11076
31350
23041
16817
28318
5903
16002
6792
12615
18120
10875
15981
616
16437
3588
24999
30585
27647
29676
21850
2146
24703
24316
32694
30432
15243
3200
9327
17707
20112
16388
4461
32726
20705
31836
964
24310
3151
19943
22758
646
14330
2580
24600
19978
30055
10276
24610
10099
9170
5938
9547
7491
32197
13681
11140
14321
13545
19638
14564
31375
29
14390
31828
22186
20421
6032
1164
6002
7268
13070
9022
2074
878
29991
4240
22914
9815
7497
25296
2836
32752
4054
11875
23276
9203
26477
25087
315
7388
11114
13083
15085
23547
20400
11939
26505
28616
24998
16879
15961
29814
1663
20470
24268
29387
11967
9919
16408
8494
8954
26905
17443
15106
19935
16524
29092
25138
26486
27535
6533
16141
26022
31739
27533
21077
22010
22976
15931
11666
1189
24023
3573
1452
5315
6520
30562
21433
28129
7564
12564
30740
8896
22117
18538
5039
13654
20397
9652
2986
23574
29852
7065
27428
11377
8302
1462
5969
20125
4885
14984
2508
7829
7723
21644
1327
24161
7722
5796
30690
23959
5087
28605
304
14882
29212
25007
19616
7746
29614
20324
14210
8148
3470
30269
29896
9428
20828
5809
8983
28960
21512
4152
2334
16766
27859
29799
27687
6113
24694
21852
13547
7400
19616
21340
22187
15016
26534
11707
11388
21675
26742
23292
16611
16696
10958
27706
13217
26581
25515
16327
12752
10507
31235
18194
13359
29545
22454
25550
30651
10700
18115
8272
25727
16093
11959
18233
22188
10714
18028
7766
32236
6298
3567
18628
18164
715
9410
5208
856
639
20548
13885
17316
5607
18029
15071
6056
11869
4286
11528
10515
12456
7032
14409
25668
19068
17677
19100
9052
16705
468
31047
3992
7701
26624
11524
11486
23316
14291
22878
17301
30167
13327
17246
7354
2874
24238
7015
17456
24675
28114
28255
17752
32000
3327
12815
5602
15055
16008
28877
8931
28260
28999
22616
13351
3367
7825
12291
6600
29852
1129
31254
22527
14055
20468
17521
17723
4239
19502
27762
20080
27522
26842
23065
21938
4953
11711
30314
24322
32478
28177
24851
32616
21195
20526
10575
16962
469
32139
3594
30939
11753
3821
2374
10303
11958
2268
10941
2382
24939
31828
1480
20240
9666
8127
13951
10056
11325
29728
16930
10572
31151
19089
22200
10003
17407
15855
11765
5264
3113
29908
5985
31038
6533
16325
28087
8189
14924
26541
31627
31004
27992
16522
4912
25271
22827
21607
24025
19267
13363
14986
9726
25191
589
28398
8450
19469
19335
15860
31762
2490
12330
6229
12368
3610
32248
25435
25137
12000
10930
6481
20515
26829
22493
20024
5236
10765
17350
27835
15983
5834
19396
16229
1736
31740
25533
6674
9018
25726
9963
14243
32110
1127
26080
8182
20767
28311
21960
10774
30076
18576
17647
28334
21965
28808
30851
16068
23898
18876
6042
29347
23176
8966
18294
9497
7494
27570
23816
12003
21671
10894
18356
30310
28624
27456
6484
26528
1557
5596
20351
10333
2655
25782
16907
23726
19921
27765
23248
3991
5547
27241
31407
5128
18542
19743
12244
29198
30273
11058
8503
13387
16531
7267
21353
10660
25858
10476
10893
28473
28539
17170
19876
22170
22435
32506
20239
31800
3446
31933
15950
8729
14638
14526
1806
8912
12903
13884
16739
4269
29312
14371
22354
21809
1604
31784
9106
25796
17098
11284
28051
23210
16793
31072
26304
4404
26640
5891
3330
2611
32262
1416
5765
15282
6061
25955
19134
5349
22204
17285
27821
20316
18125
5166
6751
24700
22787
20483
17848
7984
17137
26464
10863
29148
17591
32751
25946
6291
6766
12410
4332
26505
7367
12029
2812
1483
21742
9472
18375
1069
1973
7715
22073
24708
31726
17659
31080
18710
24
25116
31586
13391
29503
20855
7464
8374
21789
25063
18426
4383
8581
21254
25557
6433
31490
25925
30523
3530
26811
12348
29746
11922
11161
13118
22159
23182
28332
21553
30580
9702
22219
16540
14872
25481
13691
25858
30150
30495
25363
28271
16681
832
1053
2640
710
18403
15870
22663
27338
17689
7898
17343
14854
30203
15538
13309
31288
14304
20431
20344
2956
12756
19556
15787
11106
20550
16239
8360
22610
10497
29408
14511
14189
23390
7421
26111
24262
16567
7941
31980
10546
286
5907
8242
30539
24655
18758
5513
443
22244
9247
18554
8375
19400
25642
28528
11465
494
6881
1810
23763
3651
7373
6096
17745
27105
6894
31164
23774
29829
27485
2716
10746
31555
17712
2621
32266
6008
29598
4362
24992
31233
17508
21724
5629
30378
13670
12308
20436
25577
9626
7912
3921
8909
3362
9978
14682
25393
184
23855
22037
30773
1103
32190
6314
20719
28919
19079
5194
26973
29186
9127
17008
18334
23909
3657
15974
22882
27489
7614
23052
17824
4450
29393
28629
1671
1063
17748
5650
24502
9507
11263
6003
1199
24355
5755
21706
905
13874
11705
29715
18406
3769
3720
178
18981
28651
4711
24827
16089
17760
6807
17655
23161
25600
4469
29285
32089
22051
5639
4608
23512
13047
1493
25088
30427
1313
22778
29155
30843
1191
1146
19309
18683
10253
22230
11502
28669
20670
734
14531
5621
5806
19655
15903
14813
30526
3453
32524
28459
27488
58
6060
14336
10491
3672
27333
20386
5009
3428
14204
31020
8223
9075
15457
9860
12356
17849
2988
2958
10406
1367
29894
29087
18066
7797
9996
24373
30946
32145
29135
26597
16420
12054
17823
14484
23032
27953
23241
13290
15290
16352
8478
13060
8289
25420
23798
15977
11687
26712
5493
21312
29803
17274
14349
2240
20563
15818
5444
10727
27317
31832
6840
5999
25784
4547
28256
1534
27830
19975
20244
27805
17125
16535
24144
14187
28983
8364
14133
4754
14974
4060
30416
24955
1236
27374
6559
13886
17210
7405
21073
23901
8831
10363
15822
20913
32100
23400
6263
11428
23549
24707
22703
26273
602
9136
21146
31689
21095
15419
18724
18664
1297
20844
4166
13479
32426
11612
9349
30979
17039
29190
23483
8445
18952
9377
4889
3731
17007
814
32365
7408
30357
22605
31905
13024
26465
16724
5508
22918
22458
6818
1230
11089
20391
1585
30302
12076
23221
16491
22469
29685
1434
14143
25352
49
24343
6003
18082
27134
35
17468
3785
11080
24389
27916
13298
1600
29506
13739
29335
3594
26872
9353
20536
10166
28810
19283
29088
6002
26045
24004
9833
28158
22434
10942
19906
27232
13174
11161
30832
9176
5830
7611
27667
4118
3286
23144
27563
14763
15172
24796
26970
15038
16873
18071
1388
20480
20992
505
32404
6114
16522
17166
30584
20997
6129
20139
13680
13041
27883
4026
15499
8203
31393
21202
27860
26561
18961
24587
1235
18952
26800
26384
11606
25864
29268
29045
29297
23061
29266
20299
19907
16098
24547
12786
9723
12017
14797
26927
26523
4430
1343
30334
6908
26237
13308
27306
7058
12977
13755
16794
21618
22591
14542
12398
9745
30289
24067
6603
22863
8159
25544
7282
17332
32475
3218
28696
249
14252
17535
1138
26058
8414
19002
5775
4042
8984
24351
12394
14040
21838
17055
18112
9105
10551
31974
26911
28437
15362
15548
14400
28686
8005
19625
5782
30959
11830
25437
18215
19322
17181
21326
28315
25989
24841
23971
10898
2813
9666
11345
13115
12587
6144
14212
15139
12086
9690
6720
330
22506
26497
6728
18812
24759
31278
26431
11998
14845
1881
21773
1224
15495
19500
5508
14802
20565
13623
13636
28978
28830
25189
24539
17989
12565
10031
12081
28267
10348
23311
2596
11544
25622
3640
22127
20008
18770
30340
464
6771
1893
10414
9834
31394
32550
29121
20072
15425
17344
25808
6883
11541
6324
28904
20997
175
4381
4931
6255
13377
13368
31166
23001
25777
19235
10637
9464
19180
15333
32302
32421
21117
5551
5275
28731
32350
12898
30404
21825
4109
4432
6972
11337
9443
20295
3379
28439
15778
24524
20644
13830
25677
27556
22223
10920
25660
30873
5866
3501
18543
15994
7956
21510
5155
19812
12682
8010
27043
26944
16925
5464
4961
16013
26596
23358
9029
21600
5934
14169
7237
24488
14266
7870
23094
23479
27435
12761
11233
3070
6070
27732
21338
19224
2846
3130
24717
19211
18914
29789
6682
10954
24245
3573
26723
1278
15918
28041
30434
23557
4801
16147
32705
1851
1262
15711
30116
1401
21432
14516
32714
22748
20825
28854
31828
20424
6196
17803
31972
24364
3083
1085
29034
29191
31602
21087
30011
21035
30083
31988
29284
3649
10196
11916
3901
269
22694
20656
6721
24051
20831
7296
26652
26298
19771
7835
22534
11921
16446
12863
29264
3663
2669
14258
21820
11775
27453
2528
25618
18332
18764
30533
27760
1817
8783
16909
13794
11172
14155
27514
12210
20012
18697
20103
12546
28961
30916
19915
32535
15739
8484
6303
3576
4349
15216
19331
12088
16827
9471
28606
8976
15066
22767
7749
16305
22167
29210
18910
8919
6538
2374
29829
8610
13100
17308
21519
27298
26520
9564
10765
3632
18062
31950
21235
24837
21437
31100
20602
27909
1090
17310
21314
25692
13676
10198
1980
19148
194
11037
10823
18757
4423
6909
9881
24503
24060
28162
18017
26916
28071
2155
13098
9721
2003
14628
20355
16542
30488
761
11101
76
16540
1540
6068
7711
29914
7527
7538
28780
32162
1345
23440
24660
3425
7386
4222
23961
5027
6433
21189
17585
23254
15193
15595
27417
13137
24591
4246
17900
20373
31311
5365
24244
13778
20247
13404
2688
27309
1292
7470
5943
14656
23660
27136
25387
15458
9028
5371
4849
3369
14819
14978
22897
15022
15246
28437
1593
28432
8053
11382
19991
26044
26086
6666
486
5867
9665
13441
10152
15468
3628
6330
10709
5027
12423
30176
4339
210
9891
27354
31591
30615
26926
21218
18315
19638
27250
17779
9216
21785
18752
19817
31302
30229
12326
7012
26505
2799
13544
14189
14270
17311
19502
30172
5871
24787
9595
13176
27859
28983
862
7393
5794
29684
25580
1323
29479
1142
3437
4044
29975
29555
21334
12728
12193
28969
10104
19914
4422
11495
19318
28774
16619
3534
13948
28253
20781
26841
814
27408
15860
22555
31199
2521
26699
5960
2820
20134
1135
2423
19944
29159
11813
19494
22433
11179
5969
31615
32322
14853
1221
3034
23634
9909
3415
23682
10365
4100
20278
26556
13706
30960
3966
13317
11917
25737
30729
27292
25438
16539
26505
14144
14665
25485
2003
21819
5127
8585
7806
28063
19181
15582
19373
10960
32356
13730
11049
9538
24985
15515
2995
3460
19574
19808
12440
14206
10704
13243
20869
27383
5602
82
19613
7514
16634
12422
16073
30905
27250
3484
30287
21522
2018
1818
29607
209
27796
3188
27786
4503
1336
10728
1355
32314
31705
27815
13418
18701
22544
21045
1127
2401
28536
18194
10196
32587
14945
30874
5038
5288
24777
32298
5101
28511
5000
7556
3674
30950
1482
11893
26529
32520
6850
25013
16039
20965
7069
28430
29213
826
2485
28352
9302
10978
24840
25125
12629
21661
24296
12177
19243
31505
8436
5500
12416
13326
12358
22755
12655
29206
19694
13035
30359
32541
3487
16840
15982
5261
10153
221
1241
13453
29479
3108
18682
10371
32634
13009
25929
18647
19446
7474
11751
29179
30938
2522
18735
19112
1158
26110
30349
16234
26856
17695
14227
22366
11576
31721
3913
17978
16357
25180
19397
24463
11471
297
3580
20299
950
11871
984
15234
754
23878
2187
13166
23141
9611
7970
4020
6831
17822
31581
10216
9376
9305
3262
340
11507
5602
16352
23285
10297
26578
27146
15047
13075
30871
4868
24643
19108
24087
4393
16421
26950
24469
11198
28018
23420
18137
14210
5050
24873
19595
24966
26266
28415
9185
7231
10886
9273
27002
25306
15045
18573
31113
18127
12477
26204
28981
31673
4209
21805
24384
21861
7752
18521
26599
27689
16912
13831
24586
23415
6978
10843
9101
20145
10888
23275
11006
20543
13436
3699
9336
3808
16819
11465
5063
3389
24570
2835
15820
28612
2271
18487
25379
23731
20852
19859
3588
8819
18255
18415
30567
6184
7893
11439
18284
27782
5817
8013
13561
22246
13503
19207
18597
24217
16326
1237
18133
11388
6917
18846
1316
6860
26261
27819
12041
30524
2351
2652
15796
11077
1848
4890
10040
16062
19194
652
2287
26796
16949
5902
20762
8795
29910
7519
11209
28846
30982
9369
14075
22451
26726
11879
16901
11386
15001
12146
7224
14632
10500
29724
14014
26439
32721
15729
7621
25696
58
10842
3296
29900
14340
16660
8873
26823
29257
11489
30636
26566
9595
1022
7296
1547
678
10708
17207
22646
2549
8562
6137
31390
18552
25659
3307
15136
8996
4316
7509
25143
21276
1666
19461
18061
30511
16457
24814
9297
24225
1271
10773
27274
28974
16106
17326
29355
22604
4175
11137
22119
19889
30613
9107
22470
13077
6177
10243
3961
22329
31556
31794
21867
3112
23914
4902
6040
29372
23444
22321
4898
8037
5384
5325
9121
31782
5446
3275
7355
3040
6719
29101
25078
29395
2754
21584
12489
26722
12599
17358
20729
30230
3727
9378
7971
10214
22907
781
9620
4534
32220
25785
14177
19997
12411
23965
16821
23147
27387
27680
18277
29675
25612
24705
15050
23141
22497
21366
10703
7143
13539
28691
28745
19909
167
5358
25735
22239
2333
4225
12842
12066
13835
31951
22327
14418
3770
32331
30571
5126
18416
27125
31183
6900
28189
5830
9356
22894
32729
24142
11007
13613
3214
4252
25104
8270
11122
24414
3776
32154
24249
1097
770
6666
14088
9915
31948
24458
19244
17567
31597
9470
22540
8850
32545
16259
7388
1859
26339
14583
18324
17952
24706
20411
1441
23855
7927
9143
3290
10809
19190
13471
12469
31534
25027
5493
22459
32197
30279
31056
25913
21091
2147
32091
27449
17982
26244
21536
14512
30914
19832
13831
6137
28724
14976
15129
20866
24981
9126
522
18118
12233
2640
18551
14715
26104
7190
22636
4876
12597
21969
28457
16457
7517
23796
294
30046
6466
800
32596
28161
1545
10226
422
32240
21969
27936
31440
1435
32150
28868
22863
7965
15956
503
14761
6001
2415
930
3574
2019
1106
29073
24223
9156
28502
15305
2150
3682
29670
27676
7078
19768
7650
18938
16604
10849
1088
28810
18023
6995
25849
2809
15244
32713
14371
11027
15549
19713
32346
28176
21787
31016
20069
25520
6457
15123
26135
27530
24355
29231
17010
31904
14239
19131
787
2872
3250
29236
7370
231
2406
28689
8072
31471
11979
30385
4990
17099
14908
16530
12675
13575
16611
19907
31414
2645
9344
5532
29541
14046
17765
172
1326
21462
5573
16115
19556
18259
29231
20049
21685
7775
25430
17727
2313
19787
11539
13757
23212
19015
20141
15499
25520
13872
22615
4252
2189
1961
14842
9928
23819
27757
28469
15809
20578
21732
11427
26184
25759
24052
29276
23457
30025
3353
10174
16452
20805
4792
9325
4821
11255
1712
19096
28502
10666
21299
5758
28828
2866
16852
18225
17919
15567
24288
1178
20822
19541
9970
9918
24867
2698
12994
575
23306
23504
21822
24102
27272
31748
24540
30431
2017
14757
302
12933
27482
27705
29111
27233
16553
10732
25341
28077
11946
123
25823
8605
1875
13648
13609
25248
13290
20719
11622
2787
12661
31120
17141
16918
12659
24845
19807
31348
13001
18943
1768
16125
9983
26660
31588
14086
30636
8197
22860
756
47
27093
22801
22085
20384
23451
11952
29392
18183
7828
14727
26957
26571
21458
26215
17175
26221
11306
30698
31025
21877
14157
10503
23687
31917
11829
24035
21367
12430
15555
22250
4240
15864
3750
6687
9882
15910
9086
1712
7638
26336
11841
18126
28295
10994
990
5051
1200
16094
23841
37
12576
21966
28631
15538
11180
10956
9010
2780
2748
10805
25455
20991
21513
20331
22709
2736
2724
2763
1345
29777
24123
17375
3776
18658
24472
19412
14076
25370
24170
21550
18363
2743
21576
15802
30180
23314
243
21444
32740
30710
7131
18315
2896
1202
16101
32754
1484
4461
28268
4472
3371
29370
25222
29290
8920
14189
30088
16216
11892
12460
23500
9157
5056
16457
2225
15138
24510
24911
25828
32254
20755
7898
14814
3959
16304
27948
30382
32500
10161
6398
12793
21014
23429
16660
3391
27371
8528
3604
23903
7781
16269
7320
15454
3851
15608
19842
26724
8175
22443
28816
5127
5088
30599
32048
3020
11488
8149
19861
21739
24537
9261
4106
10579
28811
9367
25222
29934
2505
5361
19585
14374
9701
21393
2823
29608
23401
4907
25355
360
25095
7156
28157
32485
25555
10247
5279
11438
28336
24328
11284
26405
6664
13576
26937
7299
13505
12457
7737
25628
3948
23683
30300
6885
14015
26566
9248
10547
12869
14880
13707
21957
6996
32481
703
18949
8256
27485
27343
11147
18382
17553
21201
28387
2283
26634
6965
18320
2718
23555
32597
22864
8252
10958
4940
3746
21979
3445
21516
14470
8456
10656
32171
23428
2493
26297
7166
19951
24461
7759
2409
2923
20258
11192
20469
25005
27625
7931
8355
23170
524
5869
21761
1811
17569
1689
12026
4199
11297
27109
19186
12585
6427
11635
30739
31916
3881
19910
27361
5932
7204
29094
32277
17239
16276
965
30120
26891
26218
4002
30766
31074
20210
26030
12901
21484
26883
19118
22798
4411
1657
13920
31995
22181
28644
25953
25962
5957
12674
16974
25745
26179
13419
27177
23162
15957
30732
20479
23057
25222
32726
17352
9340
15415
18743
24719
28330
23139
24010
9683
9519
30247
21963
16428
8783
8321
24269
17714
2648
32088
6831
26266
16950
12220
27340
24738
13377
23408
31602
10160
22361
24485
9110
6453
11317
12041
27845
13272
9464
26880
22366
6865
11013
6193
12031
26770
14101
14917
829
5293
12167
29931
6296
28914
247
7200
26029
471
9489
28077
28846
13854
2983
9713
8464
16817
6658
20960
22915
8145
13430
588
28199
111
1593
17508
19197
9434
31606
890
24220
28571
8604
14345
7461
11165
25084
2038
12152
20114
19091
15382
8872
14993
22820
12017
11181
17156
31883
6341
21337
30913
16461
23758
7822
375
22131
15301
1709
32332
29593
4007
22097
17860
12610
29879
15934
29925
27246
966
13972
7065
18031
434
73
2131
26104
10285
23253
30453
26231
27583
16943
9970
12196
25358
18681
7343
16218
13150
25335
4656
26535
9812
13254
23280
13087
19711
13771
16144
25461
21529
19817
4532
15948
28041
7287
1707
7242
29485
10737
2894
28270
9943
12781
9898
11684
13205
12753
9441
26775
21558
1220
4557
25543
17161
9314
18151
32731
22248
25012
4199
23096
29045
10847
11693
23506
8868
11803
12512
10818
9594
30823
469
12058
6676
21116
2098
10613
8426
383
16595
32210
15189
13562
17004
14370
5455
14733
30064
29727
7290
17377
818
8160
2149
26590
16459
19626
14346
4126
5691
522
2203
2465
12371
18208
2430
30658
28626
22078
12694
17513
27470
11954
31172
24707
32085
30943
173
26799
9813
28819
7102
570
17849
18836
31086
1102
28245
17020
14531
16742
23044
22983
6680
1285
16527
22827
11549
6568
5585
11048
8223
27385
29465
11999
5258
6213
12240
32295
7340
2864
27996
23006
18107
26280
6723
12413
22810
25111
12436
29423
9176
25821
13187
11172
2938
30205
12371
3041
12538
21526
18041
25434
23311
18838
31486
13826
1199
4394
23333
25634
13522
24185
12878
6312
890
24337
22298
29122
28656
18337
21456
6060
27728
16746
28159
13767
16967
19440
20837
2538
13596
26357
25104
32252
1261
6311
31171
32707
14140
9241
5275
2807
18602
1008
12530
6555
11265
32095
26244
28301
14968
24405
30928
28251
31027
16884
26818
31320
22538
23110
18830
495
19851
13867
23775
15928
29762
29846
14897
19401
3384
19961
1403
5839
3001
254
30994
19805
3674
30584
18122
19459
26939
14233
5214
14499
9610
30053
5906
16256
6728
22630
4758
9880
592
18850
16174
11060
13205
24010
23312
23997
23467
12212
27405
28625
25993
16139
28276
10390
27789
10054
2612
29518
24768
17110
28480
15404
16476
3748
56
3942
2699
25018
31301
11916
20338
19776
9541
4120
366
14507
20264
32070
27549
3633
5785
16934
29089
2944
18657
9199
31904
2735
22281
4502
14735
22389
9791
17055
3249
25753
16252
14388
24154
30121
8803
21620
9465
4335
16235
31757
20565
19873
23872
30221
31255
21080
28007
32245
32649
6083
5153
15375
26781
17309
26515
6146
16433
12252
10787
6564
16785
29228
1061
19471
32574
30619
183
22263
26350
2198
20969
16955
18131
18708
8226
6073
14368
2321
26815
22375
4810
31038
12284
29088
20107
6135
2584
15291
29997
27253
16308
4834
2565
22085
4477
8481
2750
12024
24330
30910
27992
19485
13575
31177
16239
15212
1684
13811
19137
25412
5608
18084
25323
10584
20538
18759
16499
29093
8417
30185
3339
2471
32698
1026
1300
21452
16074
20882
21090
18217
23332
112
1087
5995
21773
32223
18610
6417
21343
10339
19201
13785
5675
2003
23412
1400
31906
19374
17500
24206
8758
946
28756
29657
22268
18091
17863
20905
30549
15242
23474
20372
26317
14518
27563
19050
12867
28071
9507
14956
7499
19120
17896
31160
7888
6940
7149
20232
4350
1405
21582
4252
6238
26177
15247
29557
1603
14470
21285
23236
14950
304
24631
15266
18381
28728
22437
26881
24817
11334
19274
23523
20255
31875
15486
19402
31007
17576
30687
11119
15636
1884
24146
23990
8611
25276
16196
14050
8791
15163
10294
7685
6980
2220
19832
25275
6123
31133
28724
6936
2398
24807
26031
7647
10149
8579
9164
27893
607
3231
30418
9237
1196
26097
17518
16324
28747
588
32764
20616
5120
13425
13314
28245
16697
31783
17661
72
17648
11150
20833
11416
26579
30384
21211
1225
14755
8537
25817
16930
11226
16169
21580
9826
16272
14823
23724
21679
19103
4632
13885
14031
6150
3536
22930
17050
26507
18889
7247
13231
4261
24754
2867
3431
19608
7369
9557
30983
27618
26540
23725
21562
31446
27756
32727
958
6535
8164
28948
24157
2791
9033
20114
17439
16176
13570
28653
13758
23939
9145
23797
90
4303
30642
8626
20846
7157
18011
9125
18179
31018
25637
23633
20515
2204
26771
7418
29073
4696
14480
16301
17079
8043
2822
27008
14048
28231
7084
16923
1703
1641
32
17527
19887
12089
21301
3302
12437
20018
10894
18516
7971
28738
2668
10444
1735
628
19396
830
2371
32204
10389
31359
2981
2674
25208
23441
12666
24084
14201
3877
6207
22917
6437
17502
26392
10666
23012
14552
1733
28566
17545
16873
5585
13300
21032
31526
27916
10661
29223
15913
18492
939
6296
18322
26384
25158
1734
11596
14933
7004
526
2578
29036
25118
27889
561
31740
4585
30311
1423
21476
8298
21365
29420
9076
31494
14081
104
7132
21369
31718
3397
4068
8125
13636
16623
9950
20781
6425
6969
15321
1770
30998
23018
15640
16254
15787
22392
8131
19903
5989
18195
15323
5366
23161
29157
9331
20545
14497
22937
20510
26934
19750
25626
9636
8649
12094
29853
16633
5488
32409
5601
1135
21893
7735
6581
18986
9451
4476
20924
18900
5876
12166
17773
1683
5506
8382
2397
22840
4717
23213
7105
27322
26661
3602
27182
13026
11673
15153
25764
20295
343
24685
16843
18045
4084
30489
22652
2954
22958
12940
12931
21913
31568
13683
15524
8179
32342
12652
14300
26154
29778
9424
20456
28823
24974
10959
31500
17671
15091
4547
1805
4018
31529
11198
30591
6253
4864
3429
6471
6176
14607
12034
28504
633
23707
9172
23744
6114
16314
23466
12264
21425
31927
8880
29463
2719
31417
21384
9785
19836
5536
28572
17887
25633
32048
4531
17286
29861
3953
28355
21276
10964
12885
22790
12736
29660
28828
31056
18890
8778
24053
12960
22539
3637
1638
25589
30294
1465
27885
31843
12094
8616
23912
5477
32546
21115
5554
1909
26215
14735
2575
11482
28933
8846
18634
18114
22341
12586
16668
14480
7113
5906
29008
3447
19148
26142
16421
31816
16043
21197
1396
23944
3492
31474
1554
18374
1246
1194
26360
17963
21674
10641
23457
23891
21001
566
5044
21083
29038
9676
11235
26684
24261
29218
9747
1879
22195
4053
11453
849
9504
1732
9620
29472
27891
30404
22376
20326
7452
18581
10058
19198
14040
27413
12529
6613
18736
28852
15964
6652
17859
8488
25273
4859
4806
21346
15494
32615
32329
9152
8950
5303
30396
23172
17046
32083
11441
5765
27952
30958
484
4132
8431
22294
27000
2178
2757
9
7555
14576
2058
32715
19917
22183
27494
18293
11221
32442
2288
6352
30741
7752
19863
20514
29831
10998
26050
72
24680
16284
14131
5381
24892
28991
12849
28570
32018
28736
15846
12695
2569
18898
17414
10736
14099
23985
8113
6227
4601
23570
29595
15033
11936
24533
11114
22844
21386
30978
11359
17448
20383
15219
31033
30804
23854
9678
19798
23987
13871
29879
29468
21542
15819
13891
22935
660
25374
12719
11619
7229
8507
30546
30925
4171
16496
11472
3893
22442
15564
27025
18359
21786
30175
14193
19210
31619
3009
3001
30887
11912
3414
19535
10030
4446
23503
13609
17414
14303
26484
12807
5700
28122
10657
98
10447
2222
15
11679
8129
30487
19797
17801
32016
839
687
17662
6253
31545
30461
9448
20076
13122
12047
4464
10982
5865
31519
8558
4764
15352
3487
8739
12316
11219
28470
19242
10217
22281
29701
28332
22486
26409
5678
31188
9651
25303
22935
22914
8491
22558
7403
5956
31981
264
31714
17026
8970
5740
9923
31224
26782
17672
21287
10601
9395
30927
10751
20370
11874
29316
22232
24670
1595
23432
7262
5976
12008
19441
4639
20069
30988
30427
28562
11443
18033
28931
2136
16877
2147
17810
24001
25009
32087
19766
27026
21315
29137
31607
1542
10627
2180
5705
5906
22300
19898
3037
22765
21247
6646
23229
30672
24848
2008
16408
21755
21278
322
8282
7416
22041
10169
24064
4899
8063
7182
4779
13930
3864
26941
24179
9042
6371
5781
16765
22330
2896
9497
13264
14564
1455
31783
28516
2609
13033
2391
8316
10028
7278
6054
28726
13898
10606
8660
7521
11761
7756
9226
6030
21302
12368
12480
20586
5611
412
19678
14155
28121
6497
22305
4872
7498
11346
32449
11790
31947
18777
3409
2224
13359
16009
2022
1471
1239
19029
27515
17755
2353
27903
2196
8712
3455
28243
16930
1029
26074
27540
13223
32473
25974
439
666
27950
23335
26575
24333
32482
14116
3529
30605
27996
15884
4953
25674
18972
27942
11060
19832
7062
29677
16000
20724
15425
26316
25736
27435
12267
3878
693
26424
25423
31897
10426
6732
2537
15236
32014
28243
3593
21702
19871
32724
18215
31433
6341
21273
27254
1984
8820
25745
27067
12588
27063
6258
13408
5285
4697
19874
3780
471
5861
6104
29654
9675
22226
25855
13538
31592
21751
4571
19371
9529
14917
12782
4793
5232
28852
3741
22516
8491
27262
8591
32114
30711
27020
3670
7310
146
23341
24401
24378
8694
7182
2512
918
1938
14439
32122
15809
19419
31858
17132
27630
11267
26913
28067
20667
10504
24848
25884
18367
14833
8633
18745
10338
29525
23783
30183
19186
18460
1645
27134
25587
18313
10775
5481
10678
31865
24033
21126
30765
20965
9319
3791
26365
8366
21405
26299
1493
19098
21440
14559
13054
1689
19084
29785
16436
16974
1712
9838
22965
15562
16255
2930
25495
16027
31976
9960
16734
4869
15272
9963
15310
9871
8638
5837
30974
28354
22303
9469
15022
32557
22188
46
22234
28588
19297
4021
7824
30698
19919
2867
9982
25637
5580
13685
10447
18225
29801
16024
27064
3520
10788
4465
25677
22240
27999
4140
8730
13765
13585
1074
31727
16585
7100
17745
13435
4529
28319
23575
8476
6962
15660
9086
21750
30644
31932
11727
579
5461
5250
28864
1513
25393
26045
31967
20818
25569
9266
17460
9848
18753
4826
13346
23103
32118
30936
9871
4360
15664
25261
28229
10627
10029
943
663
18884
25855
19384
3655
17050
20750
1307
26023
15644
15840
3804
10239
26244
17048
1824
4143
3649
12477
31202
14485
27207
5949
26600
22065
30122
30386
14837
12039
7531
2787
29761
20421
12178
19854
15910
17574
16508
5733
4636
22934
31351
31830
10727
9623
2956
23567
31503
25955
9628
10178
22417
26963
17583
25637
1748
6783
12168
30398
27358
23335
26237
10589
1480
18002
29829
1770
29551
4788
22163
30048
11117
7381
27938
12570
8008
23664
11281
3406
2280
18713
31922
7639
32079
29219
1566
11831
6020
19905
20427
10716
20432
875
29280
22946
21293
13700
19143
6810
28412
3641
25476
29194
25846
5036
2118
8884
15205
1874
14268
10075
23956
21657
26538
13956
8324
21199
20284
13178
32736
24127
11162
12436
10035
3229
12988
26298
7001
164
10368
17958
6196
8445
18938
1128
30368
13923
779
19373
11944
13573
8757
28480
18938
13611
32429
18769
23192
24349
17586
9718
18897
20033
23582
24431
4976
12163
7483
4014
16691
7929
18391
31511
14974
2247
28827
6276
15441
4417
22680
23180
3448
18512
25379
7685
17153
11287
7651
25031
10483
16086
3880
11187
9021
13326
15998
16116
6893
30950
11139
1925
19362
7117
9973
24307
1348
22369
16911
3685
13810
17551
18454
12761
20540
30716
30255
24752
24979
3748
25971
16237
27901
28098
23365
24250
24078
14831
29667
2988
10259
18829
23356
30023
26000
5734
2050
19269
3053
29329
11519
14867
1900
1174
21676
26653
21342
20177
23296
22603
25239
17948
14726
21963
27679
15272
22962
19730
28714
7724
24949
13853
2378
22082
11791
29693
24036
16909
28965
19858
17889
5152
9235
25495
30885
6555
17795
18398
22341
11159
5439
6621
9972
20421
16963
19562
20415
19537
16151
30915
29563
13069
12379
25297
28923
10187
10659
4782
10118
26122
11398
10084
3719
18902
7666
18168
30087
24553
9666
20391
89
16662
11411
11887
13204
15592
27603
32465
9543
6022
17434
22486
9703
24281
19902
27216
30092
6897
22434
21602
22877
23973
18510
20034
9545
30074
5445
5182
3577
18375
17554
12797
22274
5654
11429
4872
12638
13004
26205
31880
24093
26893
9574
21586
26968
7130
27333
22816
4455
24700
17841
12321
11859
6182
5797
27573
11662
19670
2227
28529
30178
21884
13595
21866
18344
1374
9500
14512
27962
27323
9738
2328
20395
24750
9121
19519
17333
30806
31897
28619
8946
32052
1402
4340
1359
6356
11698
23876
11967
22960
31461
28826
1324
8529
20100
21621
8883
15799
10657
1135
22544
12795
25346
7176
13143
29235
884
4517
24294
5782
15457
8921
27799
18913
11429
21986
24890
30457
26526
13431
5186
31185
29314
9153
14270
22414
11254
32167
7307
16873
20956
20302
1736
27093
6508
24800
9867
25954
3462
27277
2258
11490
10054
6864
5309
29514
21722
20980
26874
24027
25232
14038
11648
24321
31283
2284
11648
14459
11416
21382
19864
26812
14708
26196
12875
1937
2416
14121
10926
22021
3712
4350
13155
1410
32368
13370
9675
31288
7104
19505
26488
3266
177
24042
11745
3847
8352
5157
10842
6239
29587
3228
12867
23800
18
2698
14207
5239
14136
12906
9512
13282
22281
13057
29824
32445
18182
32670
3627
13171
8959
32673
19356
22264
26665
22330
11470
25517
30832
11635
5684
24452
26638
4977
10994
7524
18781
28918
5965
11727
27369
6699
24416
17090
15306
29341
1553
2780
18993
16773
8260
18371
4160
6988
10319
9156
799
1102
9645
2745
6220
12511
31990
2608
13618
1675
31758
31945
15614
17058
30365
1248
12462
27125
1728
6764
5482
26074
17919
12327
5400
29302
4734
13296
3371
16955
13431
28269
32699
31407
30695
1524
6875
28271
3720
10412
18983
14452
19968
8687
1692
7318
7768
24307
22701
20814
11439
9898
16530
5824
13872
2278
30948
16121
32577
18625
18279
2933
19197
17980
20519
996
26341
11046
7878
10797
7890
24384
23060
12212
11567
1950
21984
4057
31588
5456
30478
13249
18069
10050
7658
856
31885
17249
2748
1942
25845
11007
28829
514
27338
20089
10888
7541
6670
9239
18100
7201
9661
26163
23585
9937
2562
31902
24177
8562
7851
5439
25594
10451
11739
12285
4633
7593
25342
8672
9161
24790
9730
21362
15988
9451
14021
15980
2313
30955
7369
28302
14670
28754
16175
2511
2936
3157
14563
9142
22521
19052
15636
24584
15257
31758
8167
10403
1480
19387
22380
31402
24882
4928
2257
3810
27285
26423
30165
24924
10703
31693
24192
23637
8508
18120
11025
10842
26430
712
29241
29616
32285
30668
12166
2802
24082
11513
15906
19708
26014
26519
27581
14344
9248
7005
14280
32279
12967
12270
4836
5779
3845
16291
12954
4914
11557
13195
19788
15389
12958
24752
21099
14162
4231
2716
29419
16198
28558
28444
3572
11471
8772
16196
21979
22594
4539
10675
16720
5592
22611
23065
7385
20823
32465
4598
20607
3310
4017
16036
11718
18272
29886
12439
23011
3429
21215
22500
10282
14925
22580
10752
30918
11238
12385
5322
28588
28064
4906
8908
6098
7919
8513
13502
18075
6385
859
29772
21398
5969
32649
25626
30825
26731
30918
12548
27912
26800
3276
10410
5163
19788
17453
31020
19454
519
2206
7730
14106
7785
21910
7984
4532
13858
22296
744
26388
2217
27340
7216
15177
21538
14165
5109
32028
20357
19935
21632
21570
4093
2551
14840
8150
23950
9120
11304
14598
15099
10147
1411
19980
9447
18982
27493
26976
19514
18304
31644
31019
20422
18252
29479
27391
14635
30140
12861
12230
16631
18225
16786
15353
7698
6664
15573
22547
25690
10934
18045
21828
13962
3607
26821
31337
20320
9731
2037
15676
9727
17443
18916
7112
12690
28418
5819
10785
4146
32103
5883
10321
5386
31715
21186
13461
440
4262
22090
28106
28407
20886
32690
6690
10363
16547
23041
9755
29
25172
10600
4018
23608
8870
3271
4563
1363
31767
22643
9237
30464
5374
3639
8868
14339
18205
5784
12926
32183
17785
8029
13795
7854
21610
17231
25862
6296
18414
24382
24329
11622
15426
14404
18216
23471
15540
22350
16949
13906
19635
15831
26692
24413
1832
22519
32423
10797
18441
20381
3613
10455
5162
9496
10566
10439
13143
12509
30554
25255
12449
29316
22299
24963
13557
20755
11784
25898
28659
12415
14292
17367
764
112
27158
3856
8845
10309
16450
32719
25036
29784
984
28128
23649
26755
25819
22154
12935
7139
30341
13937
2915
475
25657
15035
4500
17500
29369
3442
7691
4964
8601
16681
1309
3525
244
8163
14806
10024
3933
24880
15249
12113
13336
2969
453
24229
10635
1342
23074
3049
27631
6078
27869
28492
75
27479
23368
5800
10147
15695
11429
28421
21100
21906
32060
1887
26692
32668
9131
28841
14304
2713
16510
24337
9030
5323
27647
28806
23612
9773
30287
15479
17664
24150
28086
4318
18745
14751
24376
126
17198
12680
1385
9832
16694
15448
22914
17092
16239
28676
15027
5326
10675
19538
8123
5663
14792
28734
1719
31534
1495
16029
5943
7446
21280
13824
10903
12442
235
32731
11917
28262
8130
31463
5630
4247
2269
17604
19478
18814
2526
1763
23959
6049
30911
2723
19569
6915
17416
22714
16788
20390
21317
26583
4354
20813
19383
7814
17448
3206
3402
11347
7790
232
31687
32306
20493
30874
26699
21022
19232
22805
12024
11777
28415
28970
23786
15828
32200
26694
29292
23815
4158
13045
5484
20259
31703
12453
18477
27566
24336
22189
30780
16719
18436
3213
31141
29746
10557
7543
16998
23470
4298
25359
31268
8997
21905
3440
12829
29228
12007
11375
22878
24556
27230
24099
16694
13768
13278
18085
17898
17729
9208
13588
28586
21782
2166
6620
8132
27055
6967
12856
7704
27835
6970
3318
6860
30745
31736
19579
30785
18420
7927
18950
28997
6195
19356
32313
28554
28944
22849
21205
9814
9990
16263
16837
17789
4593
237
25950
22669
16241
9122
24037
9800
9359
11416
12369
9303
4771
20698
595
21308
29557
20767
22420
5769
4258
13215
13374
23887
27201
20517
18621
11994
24775
25190
2759
28571
13864
5777
24473
29286
10815
17447
15236
10718
13936
19213
23209
3629
11404
18144
30465
2808
15604
3208
8096
2449
10242
9744
5434
27503
7844
16564
20454
2268
5706
16700
4642
2030
5123
29321
11543
8120
13026
622
23071
7105
27047
16577
19845
13238
21403
21681
26252
2907
188
23641
8370
28359
4378
10902
10805
7889
8065
5910
17367
16838
16216
5298
19934
19549
4553
510
9824
30444
13859
26654
15549
4827
6524
7131
32365
21593
27034
29942
252
25679
12052
4027
3410
20114
21172
19674
28728
8285
4640
883
13336
19198
10169
6512
10244
7887
10692
30231
22522
29288
25800
735
23143
18963
13622
11907
5865
4993
9295
9814
27225
18875
19523
14806
19465
5466
18326
7299
22602
15611
12232
31218
25650
31214
28469
4125
32412
1326
27194
17405
623
28822
17305
25691
7716
8273
16415
3811
29826
30867
3460
27514
15020
4998
28818
12753
30558
5000
7817
11578
18292
26003
17859
12987
19372
2044
2452
15713
9132
10593
30068
9431
6727
13277
11104
8759
26364
6269
20861
5920
10431
28408
767
19209
32253
15770
18505
4821
24026
32130
23125
5799
5821
12045
13655
10743
5646
4754
16029
27110
23870
22864
442
5582
18440
25252
18659
22046
2039
22912
5273
25957
31017
17944
13961
20396
13394
26590
5040
15369
515
27569
20930
29809
4909
21073
29645
8142
8929
6935
10777
25169
25945
1763
22868
22538
26684
1877
7403
7606
18462
11840
18619
23512
24390
12635
11753
2059
20917
22074
9998
20630
6756
23165
12184
26177
32204
11336
2669
6247
1451
1779
15313
30541
27142
18434
23177
28850
2922
4183
31808
6823
25208
1446
16683
8353
2209
18474
17129
1741
15917
28822
27309
14243
4482
10831
29342
4030
2979
15832
5758
23531
1527
8077
14218
32128
3404
22165
30626
10479
30235
20498
4010
29338
1549
29338
25904
7657
22207
1515
9039
25242
21954
17114
23251
7257
1511
8077
28061
6289
26041
11242
18762
30337
8010
4687
13583
19858
25907
4228
14055
3560
8406
31982
21489
20279
21990
11269
12307
472
24362
18952
20708
13852
26749
31983
1993
28128
18970
25249
18270
11361
10518
16231
26647
14418
302
28832
8231
17452
31683
30647
12960
28870
14371
12627
6620
24101
26890
3277
12573
16021
27497
22503
8560
8184
14949
29371
5591
24415
25763
32753
31398
31447
26307
25909
19502
13702
3882
12264
14489
16886
20229
12822
6421
26288
7306
27561
1589
20749
19073
5084
2963
2633
30980
22258
16059
17113
899
7207
15684
26622
4107
26599
22080
14235
9159
11838
25303
17988
24775
10640
4654
11159
20736
2442
11406
18639
25236
3672
4546
23958
31060
25624
30400
24347
14723
21135
9868
17765
28637
5403
19034
17127
15064
28393
31987
6740
22826
20328
11609
1716
16779
6910
5294
27064
26556
27641
17234
13386
21192
24520
2380
15721
26762
17515
15851
31540
4719
14888
10924
21060
8062
7552
7519
28479
1941
19809
25990
24234
29685
8605
16638
22271
12544
9627
31713
26880
27970
27469
18346
2634
27055
2657
3482
11821
32555
8124
16475
24763
7504
24868
28900
6175
9835
6460
10908
12337
19655
8118
23234
17479
21807
8644
18188
23373
25262
20175
22414
6680
12185
15724
14302
28663
22479
7308
4982
29067
6208
1266
29017
21977
10156
32491
29434
18846
3245
4153
31321
3298
5368
26192
31599
3792
20960
28869
31948
31685
15900
3
2943
29095
28873
15424
9782
20088
435
2223
25510
19755
720
9975
22573
25782
13069
12005
32438
7528
20045
11869
10462
20605
7855
1431
14933
1520
13072
21384
13190
25744
24274
1693
20346
26710
26331
26031
14585
21238
32736
9524
6899
2740
483
23730
4127
23417
29946
28794
13794
20006
23379
17298
26226
2600
23669
17907
24123
30029
13768
13044
20610
1493
5208
5127
12104
31437
15318
23459
10865
28312
7904
11393
10789
30671
19585
8459
18551
19531
22268
10002
3652
6783
6085
17343
30558
3339
29905
21452
490
11407
2831
7155
19719
5053
25143
15783
2737
10675
3522
25603
18660
22151
24377
15616
22020
26147
3507
4842
17532
3411
30362
6677
20902
17692
23469
18124
13291
28752
16971
16266
5163
32607
22510
16237
13918
1648
32758
31975
5500
31152
28328
26807
30363
1002
30070
22807
14167
11097
25728
30007
23415
14522
9564
29931
7630
5284
29458
2208
2142
3868
21355
32149
22468
17765
13676
29256
11728
6677
22813
12078
22387
29550
25743
30630
10718
13290
18972
26416
15080
8472
25585
11994
30896
11431
26826
18172
25732
21440
7677
26917
29954
2202
27322
26197
25469
23112
12433
11629
26787
20181
3380
5603
11356
9106
27007
17082
27893
26543
31157
12722
8573
9481
4877
19132
7023
2883
31341
944
27538
20760
4213
27714
3614
16367
32447
13875
8736
7600
19045
3524
12319
26839
28612
22128
17408
6855
27520
8154
24103
25696
21705
26373
32735
6355
27868
30659
22268
15029
18380
624
19647
24403
29314
14815
31737
23622
14850
3477
21107
29511
30705
21557
24974
28740
2132
31292
8743
28083
19611
2286
12221
13094
24542
6545
16086
25119
24678
2264
21150
25894
29295
32418
30162
21786
24620
7653
31452
18629
31500
28900
1856
17074
8764
26025
28214
12611
4717
28335
7832
13566
25303
7135
10239
8488
21374
16317
6954
27285
20660
29924
18847
30910
20447
6064
10388
3348
27004
2106
23311
13460
21604
18569
10061
30620
9806
19206
23393
15357
32150
1329
25885
3409
30781
6803
8501
16271
7216
13299
9634
8156
5325
22221
2885
10148
27043
20736
31437
26090
4729
3271
218
4828
3218
24810
28002
427
21808
12598
16981
25753
27991
29482
30076
5972
19155
27379
2471
25474
23165
13467
17159
29597
30649
28029
31449
26625
32067
4604
22084
16963
21292
25460
25733
6853
7711
27249
26697
21639
29673
26911
20570
17216
14648
20994
9086
30638
3235
5863
25501
9770
25323
25627
11297
23423
14465
7130
4002
29692
31816
9738
30915
2248
6043
26666
4695
18294
14226
31109
31433
26585
15233
26539
18106
13338
27842
7969
5867
22279
25525
19544
17758
25774
15876
18652
28088
20779
2604
26830
21738
18878
3129
15508
29712
9249
16336
6863
10905
22552
15219
1677
23465
14153
22785
17857
31419
22350
18300
15344
19339
25097
27151
23852
22835
16439
10320
19782
26772
21064
5058
32576
27127
11119
1694
26881
11764
757
8147
8012
24980
20434
16459
28147
5554
17022
28016
16456
21927
4357
15599
28117
4390
18778
11707
16205
23908
7661
4694
16322
20860
24703
28748
11799
531
7989
30976
8889
24631
6124
32682
15754
32653
30157
4257
28702
1964
3361
3542
14378
21700
2406
29857
24121
2947
16802
12481
3233
9273
9975
8350
21174
12602
376
11984
26685
25732
28475
9445
17700
6305
22959
7007
24944
24783
21808
11005
12662
25695
7897
17212
12878
2395
11418
18972
6789
12907
906
26919
786
5113
18558
11184
7307
25748
16090
21081
17561
27794
10663
32728
4010
14586
17126
8954
6885
30113
15652
16871
14947
12946
847
2729
22428
6323
10952
19688
5151
20902
19385
16631
1159
9966
13225
16405
6058
7251
9806
20972
32275
2439
8354
13150
9651
30473
21049
14977
7635
16970
16593
15336
30541
19727
18987
21797
29948
15382
30745
16523
8305
2300
23257
5689
5863
27486
23969
7764
8825
23871
18811
6291
29587
16041
27219
7425
3751
23703
2638
31230
16929
24339
14174
13191
14492
25244
1812
1976
31574
16586
19637
7311
30945
19509
30095
15091
25628
914
32653
15093
32610
31
15882
1365
10241
9026
24803
20040
13806
18284
29136
28024
951
30788
15348
30541
12984
30210
20914
31595
32658
2072
9411
3196
15065
25368
25733
29999
14861
9682
5782
16000
21708
12732
7586
27451
16965
25240
8825
3259
27376
26960
4965
5368
637
20005
11706
2497
32266
24072
17838
32069
15000
1864
16491
28632
26560
26990
29795
32500
2722
7270
25572
1406
11551
29407
1516
4427
3400
15347
4414
20963
24853
18443
32181
25733
603
13565
12249
8555
5880
17784
688
20046
2384
18338
9175
23085
25854
20223
30160
1611
27587
17813
27806
8311
30402
6222
6287
12943
30704
669
21338
19271
12230
15716
17257
17447
27449
5398
10616
10451
24043
11033
11359
9103
27811
26222
5932
4866
31739
22419
15733
11578
5976
5032
31213
21489
1055
19154
31540
32271
5414
7645
21236
23152
21097
30501
31529
4070
18687
27318
17856
16002
5964
25010
27236
9743
2423
5363
9877
5600
23070
6898
9210
2508
27465
3303
6392
6262
2973
1842
22403
5842
7123
2298
15924
5348
10344
30484
16284
6091
19349
17958
29657
13567
27521
4108
26726
29399
10422
6266
8760
4686
4305
1251
1542
9734
27006
19354
6888
6797
10148
7736
23331
5088
26333
21309
1859
17453
29993
4858
12139
8157
18147
19374
26346
4818
26356
12527
22030
6893
14150
19019
7741
27604
5500
21808
17473
32754
14304
32265
5348
15039
22172
13482
14269
65
29998
8174
25673
26067
24598
29854
27966
24613
13009
13205
5659
4740
31243
4898
26372
9051
17937
6062
29389
14842
16773
8095
17237
2455
8277
26236
24597
3474
31469
17233
8952
23294
27052
9813
20333
11100
29845
6602
8123
1193
11080
18981
15510
8860
31024
22895
21231
1321
2557
491
15376
18505
21077
19449
27623
10493
4294
23354
6562
23440
23296
5877
22141
5917
2881
12729
1752
31314
8720
21572
29069
11635
28718
28580
22912
26018
7370
31388
21880
11613
23540
7753
23085
5704
26964
5637
10914
14381
6940
18060
8884
8513
8507
20574
4083
7081
17620
8548
3250
27708
15342
18901
4442
28299
25965
6235
12292
12830
321
16754
11846
32001
14557
5649
29004
22400
3050
3469
28715
1326
30013
9914
8307
3884
23559
25683
4355
17319
9548
26780
10018
20131
31127
29765
12747
20471
4843
19602
18247
4761
9980
19641
8450
18716
16799
9868
27031
29559
9088
5719
12589
21000
30995
3596
31750
2521
32205
7069
8021
24097
24467
3754
24656
8974
30323
8540
2439
19905
9362
10385
27252
17819
29285
3897
30035
23223
15140
8447
28468
1463
32124
26669
26190
21700
9349
8905
25238
10704
23795
4868
1168
11806
19088
11990
1637
7941
12778
29410
21303
22513
27208
23711
10417
15786
11235
20409
30434
28377
3667
27317
29259
24008
19272
3797
3126
14185
6522
7995
17738
15258
13283
15184
3677
27303
24875
30823
11145
11280
3940
24222
19842
21133
22519
11525
21798
8528
32734
10499
30038
13962
18452
31989
9989
32560
8778
27159
9102
6143
7644
20904
22859
16318
8451
22857
3683
16067
16972
11943
9699
26552
22089
11865
15121
5535
1414
29196
1789
19220
32446
2525
17496
22226
6479
25862
1417
8569
31724
11709
12542
2191
7058
7257
6080
27332
9917
1463
23115
18810
12507
10460
3996
9092
12801
32731
25227
27950
11997
6137
6491
18814
7404
13584
15248
26810
22252
17457
18944
12330
13717
24973
15661
3871
8324
30102
15826
9525
11128
11617
19388
7636
5056
21071
18139
25853
12788
17644
3737
6467
13284
7959
11114
24343
13006
16740
13989
31049
31188
20414
29842
19148
4268
24913
21700
9658
24218
26535
19625
2967
31131
4368
16479
17114
30179
10824
28105
26025
18826
17236
3555
19941
6275
7085
8274
614
31949
6560
5440
2440
7917
20725
18790
17638
12955
23759
2154
14949
11196
4307
2412
28277
16272
17804
6620
13203
1581
17422
27278
4882
20524
5338
13072
13084
1186
13826
7995
24052
6994
31886
15112
3709
1824
9501
20645
9728
9417
22480
27848
12074
466
9059
32068
21076
4030
13213
15834
24328
6020
18155
26449
3776
320
10056
21704
25840
17449
10847
4940
20551
4803
31988
4006
28978
5974
15744
22134
10659
21662
10779
6790
23056
32452
26015
30040
28606
24717
6155
5633
10303
8402
28197
21050
11834
31792
15460
19893
29546
18176
18700
11181
27625
19337
411
32449
3759
22645
8036
27394
16213
4994
32634
11851
1311
25722
12751
721
13114
3173
925
4090
26178
15613
2309
23923
31496
17506
27127
31869
25233
8463
30289
23431
30562
4621
17739
30722
14330
30566
25618
25201
2721
5853
22451
18623
28256
6364
30267
31446
15697
20910
23324
7533
25625
10990
31443
32545
12978
16704
6600
17352
10862
2623
10870
23042
27960
5814
22219
28432
12829
17682
14546
21738
25356
30743
1679
3723
18394
9683
13611
30352
25225
21200
22353
13313
24778
19854
15063
29039
18112
15920
2465
2623
14087
24182
29122
8773
31733
28139
6373
23445
13856
13920
24300
7829
21536
13464
13270
10327
14230
14661
1254
21286
11117
5683
1281
19807
3935
11204
21593
12931
23739
27292
19272
14985
26726
7581
27774
29561
1568
4118
16991
14646
28937
25655
11175
24475
7524
11721
23376
17098
22426
9500
4021
12737
21634
1600
17655
26415
5855
28791
26272
1157
20011
23019
17542
17231
4755
27549
20211
20677
8770
22942
24066
1949
994
2945
2124
31780
12896
10512
19652
3725
13808
24382
5088
30601
20050
29021
19450
792
4691
27281
9461
28062
10390
901
12067
5945
32148
4188
24934
338
6882
2795
19094
19058
947
3365
29219
7255
15005
20438
11260
16456
21664
405
25519
19877
15716
2547
8913
9922
4290
3321
22176
14325
11654
17106
6375
11502
25971
30660
34
4167
28296
18533
15075
2396
31106
28171
31348
11357
4514
12164
28862
4258
10672
18951
25961
8510
31296
26219
9797
23510
5428
28311
22249
29108
21122
22330
25498
32535
31288
12732
7022
19661
20413
6772
13744
20484
25177
22299
18055
23646
18167
14720
26323
15427
7978
6782
4952
9083
4463
299
1822
12284
5810
19027
5399
27904
16659
25637
17667
3163
24553
29227
14225
18956
9479
28032
5575
11794
12095
5437
4003
8321
7717
17204
11779
980
4885
30945
31682
18821
17272
14493
18980
13531
66
32533
5236
16388
22207
28923
18155
22371
11920
4347
27860
24363
2289
4593
2542
14125
17725
6489
8978
12526
3763
1542
14869
11261
22394
3864
16624
19587
1251
20264
18462
28
12527
4037
27718
17637
9489
26916
18202
26327
29236
2579
26495
10067
18944
15407
5358
765
32089
30807
25114
2510
17449
8032
21203
32101
12896
11018
6442
10654
32313
27443
11734
11110
31678
9035
18390
6606
29070
7176
30552
17758
10974
32091
26586
427
27326
1186
3471
11563
9373
27423
16900
27465
7696
4265
5123
17589
24015
16033
20152
8702
3072
5928
31762
21602
10169
1167
26220
8421
13760
15631
23917
416
19605
11963
16940
4444
8626
26546
7832
21855
31761
20121
19480
22918
12271
16201
28014
21140
2000
24516
16353
15050
16067
16750
1947
7352
28647
8826
6992
82
7982
25506
21280
11846
16225
1563
24255
15757
22884
17864
18131
8000
14524
9134
7581
7342
16718
29864
8924
31659
21097
18523
24302
15659
23303
15469
31033
10767
848
4082
19913
8766
3936
2855
1594
25080
24394
3939
14809
12647
12381
25418
22790
12919
934
3908
26589
16616
19893
24110
19477
6306
21412
22095
12839
13896
22870
16013
19891
9743
1277
992
31008
13521
7135
4872
30852
14173
31833
31355
25539
23570
31012
26786
31738
15020
31191
23108
28702
5725
1197
3395
21728
1568
5513
2950
21460
30538
26167
25142
21971
15969
3061
22829
11422
10802
3634
16043
32707
19742
23189
6987
197
28853
14913
25142
10871
26502
11352
29079
4009
12596
18877
30543
32006
9421
5663
3561
29245
5464
25139
9680
13919
9389
9024
3775
2952
14474
25569
13690
17858
17890
12807
27068
18726
26232
11837
16496
13125
27821
8240
26147
13254
27030
13422
30138
22608
22866
18286
10080
20394
27035
25041
27587
26656
3738
18919
18304
19753
23040
20085
731
18504
18514
11957
436
2352
30852
17311
22455
14635
458
20071
27858
23996
23467
4167
17900
20099
3159
3966
17876
16994
4410
11673
31351
14302
13777
29425
19031
15560
19645
13173
5688
22812
32534
28841
8988
8489
9729
7407
24690
13042
25221
9222
24203
8917
26522
23760
2381
7018
10883
18520
31531
13486
27998
16915
31829
18017
22522
1382
555
14764
4840
11369
17144
7687
6357
3051
12765
1370
12823
4278
30475
27490
20101
531
14389
11351
12684
19857
17734
20172
9343
16387
32079
9430
9007
20424
32707
2160
14012
23631
32230
14110
29354
1753
16515
4305
18487
2177
13789
15883
9196
10618
7145
323
2419
15769
6842
14219
8616
18963
25405
19568
28402
14471
9766
9506
7124
15167
30506
18133
6079
18099
28783
15462
30251
17486
10817
32578
17382
25205
23302
26500
18091
9670
13172
26461
23286
8093
19201
5561
25623
28125
12443
19487
645
26605
29594
23513
1142
7424
14579
7766
17580
1946
12462
25804
27538
6736
32666
2849
18055
2511
28991
12812
10618
30751
1556
25720
3767
25897
12786
11305
26880
2167
24265
22945
23520
30780
1938
837
20028
16788
32644
32700
2859
22028
14731
24472
25864
29285
9206
10808
3781
25237
27759
25068
8065
18191
16433
4955
29789
16196
23669
29730
25740
7530
813
21694
31658
1916
10229
27052
11855
10626
26951
12238
15587
23826
10734
28689
14516
27159
24253
9805
24389
17617
25728
20333
16362
27933
29235
25295
24465
21239
31602
31470
20195
25661
5937
28990
26252
10165
16045
29015
7638
2386
30882
18262
12157
15283
17599
28032
191
21229
23383
7465
32434
31882
5465
26325
26074
30930
4226
5532
10235
14665
25553
25043
25644
18552
30780
14056
9517
24304
22945
4238
23034
18829
5119
13082
15520
1272
28902
17197
6992
12911
10540
148
14258
18889
24290
10348
12411
11444
29574
17034
10562
32578
3706
24090
9360
27044
26549
389
17462
10037
10937
20889
25571
1722
1477
13284
16885
16359
14667
28768
10896
16934
15268
5718
22765
24725
17667
10364
757
32589
22440
21600
17167
9706
6230
14602
21558
6984
2822
221
21582
28298
2013
21183
184
4449
31836
24186
8484
26507
19671
2145
5286
28569
27176
30774
13581
26870
28580
3915
1136
6949
23886
2536
22793
8778
16971
20461
31558
25836
27542
14520
27166
5881
27381
17993
14754
28170
2604
7076
16340
27369
32368
12919
955
23633
28702
5117
8887
32500
10925
6434
8211
24258
2274
30184
21209
23913
28994
5129
26090
536
30413
222
7757
30345
29161
29311
23496
21822
9629
10284
1965
11531
17663
10732
26103
24020
27888
11123
31893
12952
26118
5705
1286
23726
17098
32553
7206
13391
11812
2728
9288
25173
32275
1303
3460
22338
24225
12713
30803
13188
10519
5337
26201
1272
15213
15878
28033
32172
25604
21600
8527
2025
13720
27400
9842
23409
22384
24691
9369
30725
9687
19728
2696
10538
14032
17706
22635
30509
5894
29199
25706
10597
21250
18034
19837
15800
8352
21006
4226
31072
15556
30860
29581
30447
20809
4007
15231
21905
30522
10382
24538
28050
10565
2185
12499
11808
14956
5344
9129
2129
9470
13817
14646
2920
17862
30144
12996
5716
22402
23883
2337
17017
17047
21951
23030
27571
5378
4205
16212
31128
13970
14913
17808
19966
11604
32349
29521
31934
1615
7169
6119
12471
13938
5038
21470
25109
1995
12171
4051
16851
26362
27399
21895
32382
9444
32192
16178
17980
172
3492
28954
10766
3551
19541
20835
18002
19182
978
29225
21644
31714
22101
25036
2661
7499
13687
21899
27124
889
21658
25173
26429
31215
6792
14299
1783
30485
22104
4586
23187
14381
15250
21496
32121
22920
27027
765
30613
16122
562
4484
10514
24715
5027
12801
9061
20335
22940
9061
5006
1849
6583
11248
8602
24395
7960
13894
26989
12433
6479
17606
28862
879
25215
12055
15971
23031
28864
24067
30415
27232
30403
31113
8665
23987
30645
15661
32191
26312
21093
26259
874
17777
1960
29260
32755
2549
16381
6896
26471
11456
21613
20077
17607
20056
24245
3486
27475
13203
5287
27168
19720
21000
29390
5729
6760
195
31313
15353
3961
8509
1561
3134
4624
21643
31542
16146
1359
4309
22655
29696
30317
11018
27001
10632
1717
10450
8315
16054
14034
28356
23567
13050
30537
7898
7066
6195
8775
15137
26432
27405
17053
24757
28418
17805
19465
12013
9513
8170
10423
11987
22504
5023
16391
20183
3645
21694
23185
18116
11288
21895
1895
30706
8639
18489
26265
7614
10865
29480
31999
25143
24137
2832
30002
11034
7014
1961
29148
13057
2633
9851
21810
17111
16766
4084
8638
8079
19583
21176
22626
21
6613
10552
30618
8069
5248
15750
1
16284
27801
24424
8727
12140
21302
24747
31041
10835
11662
3001
30737
9005
862
26734
27080
20425
11403
17192
11545
2202
520
10781
3120
20655
5626
21746
22003
6629
14106
10889
7304
6492
17243
22810
15639
16423
3534
13445
5329
11336
23490
20198
1841
9691
15663
32618
14721
31889
17493
19298
10145
22880
24736
26006
30212
22649
24783
14300
9467
32635
24661
10985
2358
25574
9215
8294
11655
5586
10712
21319
490
8929
28746
4696
31683
17778
14469
2328
2918
5143
18469
2763
2780
17738
28174
5067
2533
23387
20123
29983
6969
19629
15097
24142
1811
31778
6093
14709
1776
5588
5917
3480
28308
9222
18797
23350
26191
28762
18984
10016
6782
1348
2882
10123
1108
25534
1052
18275
12251
16701
18344
29666
9013
25060
17869
26722
19240
25336
15373
27759
4314
2453
6501
14369
31960
27039
22900
29352
2909
30970
6880
32553
5586
25342
29942
3017
30097
12325
20624
5895
17390
5639
18492
24398
23416
905
21402
28874
32380
15697
16902
17788
18123
7805
18551
11145
17085
20884
9895
26072
25462
5564
10101
15067
8296
25646
135
26029
29721
2536
21811
7518
5671
2465
24736
9867
5769
23042
2856
9009
15895
21523
28417
5314
22605
26100
4125
17529
19020
24013
19278
1515
6945
24839
16558
2016
20810
25533
15678
10080
18806
13421
26573
30993
27277
28660
13596
31936
23280
29113
26431
12093
6914
5160
7238
28268
10471
21858
12317
25497
4492
13362
30129
26636
4839
22852
2900
6109
13184
24721
20067
1802
29488
22302
12838
19655
31016
16614
32247
22805
25398
15124
13991
18582
6724
3702
14109
10912
20514
17967
15424
28048
2693
7852
26648
25953
24399
24793
47
8317
17936
32148
27454
32466
8909
32098
12805
16169
28161
6240
1915
30387
7650
2685
7207
9957
13541
30695
16590
25990
6532
30147
7246
19207
6975
2849
30922
6930
18657
15919
27655
23397
31748
428
24342
19681
15831
5792
14644
31454
26911
13899
12782
21698
11644
6235
3721
1490
22510
10594
20128
32584
1175
1414
3087
26789
7619
2939
4624
27208
19493
7086
28580
1600
15459
22467
2357
29535
24022
30274
28025
11919
32395
32397
29081
13929
26765
278
22675
9476
25702
8142
2525
7179
17635
31457
6987
14099
24600
21920
12850
30763
6564
1982
32718
25268
25142
3776
23777
14451
20560
21423
18589
3300
13899
30992
20164
8913
22940
17686
6414
18468
12117
31765
12235
9210
16879
16186
11721
11000
9286
17274
27512
11746
5605
29896
25932
13929
15492
22923
24931
9797
5839
19023
6248
19588
3177
20922
26039
25890
16177
18626
17089
14041
452
798
4530
17210
5955
8186
31570
15613
8278
21231
25641
14486
22896
14642
15591
19209
3669
3852
12803
2814
26330
22922
32417
10264
28908
22645
26297
3203
3028
21636
7286
15564
6329
7633
5340
27126
5223
20106
4014
27082
32335
9705
22159
2414
12494
3942
30567
28217
3762
10795
32264
30918
10746
25800
28946
24135
18397
296
5651
27676
26126
5315
16627
10661
9535
22806
12944
19540
15588
24656
19109
12806
23609
591
4336
21907
7302
5578
22932
29091
26785
18896
2236
17860
32181
13169
14721
12730
26947
25531
19470
6934
10342
6632
7937
20747
19547
26069
30741
25212
18496
20150
24574
6745
19484
21001
30101
5676
20768
20168
31797
10991
15149
12515
10597
3105
13206
28909
30135
26905
8486
15381
29936
29849
24933
22617
31080
2726
10007
6390
1716
26775
8710
30499
22403
11117
21505
8958
31430
2146
14117
8391
19476
29637
6491
17996
19276
10756
20770
11428
6012
20235
12175
27168
4353
6092
21393
10367
26352
12831
17018
27489
5045
24269
27067
6911
3322
29159
28143
10008
10955
11613
27420
22063
2551
10699
2613
5363
28089
16790
4067
23039
25751
12856
18564
29123
13451
26584
30069
18114
21089
10014
8076
31231
26720
2373
29417
24497
12332
32370
2031
13374
9195
19012
15757
7527
19111
11948
2242
19392
9203
14591
23904
20580
30418
25929
5136
31462
2004
3045
29078
21387
31362
19786
13142
1462
25084
28712
17687
20131
17633
26036
1032
17496
6255
26687
13056
2265
30444
26638
1034
15772
5444
14950
23329
19260
15347
16102
11832
20849
18213
28442
9854
21312
29212
3148
26335
29551
29139
24477
7118
21820
8929
16469
14402
30031
20127
21624
1022
3820
19341
16282
24342
24941
31986
13299
24239
27120
30147
6582
9990
25933
17094
16543
9908
11851
8183
20427
5936
19475
7467
26573
26261
17636
30195
11006
28325
2313
8387
8212
7438
2568
22868
8951
28909
21021
10822
22480
29073
12262
14858
21602
641
19040
24319
29597
14528
12562
16091
1904
5455
15496
32077
23776
18676
21251
15841
18007
25914
25967
32035
8254
7865
14485
1287
973
1175
20114
136
7202
20815
1160
29328
20881
14513
14483
5144
16188
22315
3071
23952
9955
9798
5560
16257
22269
6771
6401
20081
14087
19976
5225
26119
28188
23942
15611
1903
22470
22813
14774
30464
15124
28530
13117
23836
30700
13727
3023
28248
7843
12411
21368
24285
9675
797
19593
9487
12876
26267
5191
20332
9655
20247
17376
29110
26326
25085
7587
27988
6280
8582
6767
6390
13003
29057
27500
2936
12827
22866
17402
3593
20731
10043
32743
31116
32721
22746
31205
830
3830
27891
9787
15513
16142
624
17850
19065
11157
26790
17651
6014
17339
1242
7079
1457
17778
12548
16511
25450
28357
30674
1277
10097
22891
20976
28083
14435
13468
18567
23219
17239
20771
8452
5190
26050
13237
30234
4065
11928
8577
25098
340
15028
23304
7714
3141
28794
31023
15235
10717
7867
8338
22824
5825
728
32540
31524
23876
31275
18389
26411
20443
25250
8442
10836
2001
28333
14419
11293
15419
28763
29121
29360
1327
24512
25623
31845
24369
8345
6186
21127
750
19251
15916
14683
25901
31880
19765
8542
29442
29099
16675
15823
24132
29287
27300
25709
3650
20259
1425
6786
2226
30217
2430
29472
26346
25448
26767
8875
11091
29014
12429
27543
2842
19097
16952
18547
40
1224
4831
30503
14165
9645
11311
18810
11992
6126
24137
24279
6402
21228
22551
11088
22317
14828
6623
28643
8431
30325
30232
2044
11155
20984
5245
12348
26057
21175
11105
10873
7068
8159
25410
25350
5797
28919
6304
31540
3710
3198
28687
23832
32122
6608
28812
15503
11667
19018
6157
10624
4516
7598
7772
5985
16089
17865
23076
32253
6755
27987
31820
30580
3952
26134
5509
32643
24922
595
6687
14341
28190
7521
22561
22202
29969
6039
5016
8264
13774
18796
15663
5247
31603
12765
30464
12257
26637
25615
23466
26210
5200
30774
15268
15212
22412
949
17617
6950
19420
23687
18516
22774
25249
11229
4773
30533
7470
5128
2532
7298
15813
28058
1646
22889
1219
24520
6575
9349
19991
22547
14135
12019
8952
9512
29711
30314
5080
14596
20557
14456
28307
22107
16102
11022
9453
11579
24516
7743
30523
10989
8216
27461
14176
284
13554
21701
14331
10296
9231
15444
15327
24861
20209
20793
31172
31216
13365
7284
2108
23114
23330
3584
17896
6809
7550
28502
4587
10947
17317
24370
26783
19468
9948
15001
14471
25145
19938
5915
901
24565
14280
12886
8269
21109
18691
31419
12314
20568
3776
5525
7328
20433
19575
1606
12865
10247
1987
23252
10883
16828
1649
421
15042
15149
29398
11399
31522
826
6758
25844
14792
12231
31363
13715
3658
4962
3987
3329
16739
22054
6741
15826
23788
5599
20341
16339
30727
20847
9566
5778
5022
9072
13391
289
6924
4122
23729
22294
23833
27239
10152
14038
4396
5238
5608
26900
15548
7981
20682
7572
3336
3363
29086
25909
30984
15549
21315
3374
16291
15767
8694
16280
5666
5413
7528
3373
6885
13978
16659
17487
24660
12808
18125
14668
9241
24265
14238
25568
1677
1311
32463
30203
22127
19223
13123
20421
17628
26803
2827
29919
5499
26439
11572
26348
7929
28708
21987
2385
12213
28276
165
29240
10940
2149
3328
19675
28919
13194
4430
12543
27299
26750
20427
5054
17666
14794
492
13706
14416
21000
28146
12655
27129
7497
31424
4504
16137
8629
13801
3349
13028
19313
14
21212
1591
12230
21351
1549
23086
2943
22687
20346
3048
146
15845
10342
25640
22275
1088
17037
28493
17670
14114
12645
4484
612
16961
14500
11068
11039
22946
25602
25050
13657
10230
19520
24750
32370
14122
11625
9766
13169
18234
12888
12610
6309
1862
6522
9032
29836
25831
5845
10681
8691
26051
5961
17539
3423
16223
18710
15480
8620
8501
3487
24063
26612
25863
14446
19466
24242
6514
16247
32584
19495
6854
16545
17819
4093
11797
130
21964
14379
21130
18026
19326
23832
15612
14756
8032
2307
12739
9208
28583
11938
12491
15732
11452
29449
10215
25965
32305
20174
8039
27840
29690
19051
5356
21853
22490
23011
30843
11015
13083
7081
32721
22869
23682
32445
17398
8957
8834
5144
23829
7761
26032
3914
28811
23306
14199
14946
25918
5445
20749
24846
12848
6603
30373
30467
31572
16277
6887
32159
28832
6800
22173
27853
9059
19357
2223
9002
17881
4572
12881
8550
2300
298
25467
5356
3230
488
19353
30149
5557
32255
17029
15289
32502
24352
23986
28344
6053
16977
26026
5753
25771
1189
16314
19809
30697
3402
8171
31398
20940
30921
5941
30644
289
2442
20976
9424
29995
407
6795
12539
13811
18849
29824
6425
30432
2376
25479
8786
14215
5271
13067
21433
26308
21198
20954
13099
15370
613
5664
18810
15095
32333
32150
12747
5420
26745
15863
14397
24155
23965
14772
19404
18081
5686
11496
18292
20247
6346
9870
22169
11428
24945
8690
30886
19733
8852
21605
26613
12911
757
821
26607
6275
31983
30172
15988
6340
17152
22648
23677
16470
19844
8827
31231
19559
30147
21924
10515
194
16942
10542
9301
19617
18406
30023
23689
12739
17790
29379
2437
8639
23298
8978
16971
17816
824
29807
24693
25489
12837
30299
13014
22339
15571
12874
17246
20460
28242
31900
13374
18698
28157
20942
30797
28969
23294
5106
27306
29433
16661
15452
2467
21667
19093
21919
22742
24925
21423
20920
11926
20797
17138
4232
28817
9034
19219
10888
943
24025
31210
21432
29501
10519
14526
27352
4938
30690
8642
2267
8785
13021
20191
9369
11801
6595
1460
7876
16346
20219
25820
18973
5025
16749
30319
17383
24309
26773
19403
12444
27323
1749
1684
12512
1111
26128
29433
8883
2580
17012
5945
746
5830
22423
23654
736
4270
17350
13418
9833
8093
13722
24903
32263
20060
6091
16803
20833
23372
12105
18051
19952
31818
24457
30295
3580
6613
2333
8503
3015
17779
13960
10860
21768
28496
2896
2866
4762
7977
10581
29372
14454
13416
96
10105
29151
29073
15359
3478
7644
22236
17297
30404
28651
4132
157
7995
2292
31231
24424
31742
7292
559
15814
15969
30235
26425
15408
12489
29488
6995
9495
20660
17619
20099
24184
18937
3595
25606
6577
14160
12865
22255
13715
19476
26613
21008
1720
19272
25520
32541
31254
28633
12090
20751
17877
10786
268
19911
7262
22197
10248
6900
5557
21081
24424
21046
17160
3919
7925
24708
8328
4058
15225
29899
22903
27134
27510
16855
4738
14471
1048
6007
11858
7501
617
5852
16478
14519
13508
1603
8707
14974
6284
2004
24022
28595
16413
14281
25913
29188
21763
30162
17452
23611
2667
23992
18278
10247
5078
13121
18597
6399
29717
17749
5442
22756
14449
3166
8968
10534
29738
2037
1862
19882
4131
8122
25635
5323
17115
2947
16434
8351
17567
1722
31814
21883
5118
21248
23432
4537
24190
19990
20934
4792
24973
7934
3086
11045
22458
15965
26492
11897
17957
24100
19024
13763
15924
29807
4931
8616
26504
28078
4892
32168
26160
18946
17534
10403
28956
10730
13828
26267
11476
3614
23184
16315
7786
20155
13279
20632
19116
3489
2913
28600
21919
10265
11592
19537
13865
27580
23007
27218
21006
4752
24862
8103
5662
19059
7291
30393
24236
19389
15106
6709
17473
17185
5032
11791
8338
4820
29149
14790
24496
12017
4192
2025
29055
6429
13911
7898
28521
16231
10911
14034
19027
17009
29025
20773
5328
26325
2022
21704
15765
13762
4780
21520
20014
4326
12729
24508
495
15761
28463
2870
18732
11031
31777
1558
3245
30838
12197
28392
17756
32056
31786
17199
15425
22939
20236
4266
1712
20976
3686
19413
4801
31041
10536
28595
22529
28470
28009
19147
103
13625
6398
7536
7562
24281
22603
27974
15888
8556
10073
12802
30570
1785
18729
16241
14271
18517
18760
4284
29733
4747
15268
22762
1815
15233
11934
31910
21284
10713
864
22851
32228
29718
8305
31997
22320
31488
12934
13442
16530
841
28572
4529
10491
4720
4163
20385
28852
4838
29501
14309
18839
880
8007
27918
26495
13772
5943
15986
5373
24727
13383
26924
77
2158
31409
27236
21640
1108
7292
18129
29466
8531
7829
27515
24951
10598
21537
3014
16138
20887
9234
8364
22382
21349
19704
27978
9441
13672
6938
11422
22262
1848
17606
19599
12682
5258
24805
23085
22520
21404
11218
827
22673
4820
3693
20715
3142
10660
7019
32744
7848
12464
30448
6553
21011
1331
23647
12965
21541
7070
13937
29362
13941
25987
32132
18803
24450
20146
20534
29921
2026
5538
31283
15560
6109
786
23883
1926
30928
17647
28872
11279
12150
28793
19198
9525
20972
28578
26915
2599
11828
23990
10593
28727
13540
5953
11050
6624
31775
302
2508
5895
28357
19244
9541
14977
31719
12630
27992
2262
23166
274
25312
1092
13660
25913
17253
31239
21346
15737
4845
13528
4084
1272
30740
14516
14250
3130
7775
27614
7496
2629
4814
20775
31473
18691
20144
14189
29591
28903
25787
610
18614
14291
1116
28814
6210
30522
18252
664
14046
28034
32100
26561
31310
11948
27314
5041
2095
2102
11212
24950
31973
23616
13412
26570
32470
14319
7197
25236
4566
10511
11677
21938
16097
5884
27620
19702
25616
8898
476
23918
16582
21123
20529
19433
4650
3097
3426
31926
21467
8957
11289
4271
30943
32103
31672
21367
12508
5303
14132
24319
3466
21780
30246
6223
7272
8275
13343
27011
18606
30746
25148
23827
6531
4933
14075
32344
8305
25224
12365
9036
11286
18518
31725
914
4892
2050
14831
16566
11115
12325
19868
17333
16796
1087
12413
5056
9393
10657
31670
2621
6660
7050
7062
2063
19838
10896
24939
4119
4617
2881
26523
27386
1608
14347
31728
14373
29061
10841
1076
4111
27883
12031
4350
7102
11509
23000
4811
17805
32550
23725
25936
26412
20475
17753
9487
6376
19742
26411
809
1581
30684
29580
2931
27465
15321
1506
4299
8306
24066
9908
13229
22027
22468
2574
14081
26147
29307
3367
5943
24383
14126
14145
6038
11353
1657
16849
14801
32296
27850
27616
21468
22946
1745
7345
14333
28608
2609
6564
8998
8833
18044
21338
25986
23345
12894
3610
31054
5611
22808
26995
31722
18013
15408
2851
15664
31179
32103
28984
22788
23126
25836
12149
3884
30591
6095
7159
19811
30695
4792
12057
8104
6232
15577
6804
31452
7177
10017
23531
5516
4638
19379
19974
17164
5231
24982
32284
1221
25482
6318
18391
17871
1019
20971
31923
29891
16587
10176
6824
28618
14150
23255
22024
30458
20481
30467
31402
6371
18716
17526
26696
19812
13765
22836
11814
12996
5885
24263
2548
8445
29087
24628
19958
1883
1438
13359
29282
18502
2702
22411
22026
1884
5478
19444
29242
7620
2948
20192
1508
10430
18161
31939
31738
26238
20455
13442
4380
21818
20368
20267
31859
18562
8209
32739
8157
26832
7623
28704
842
20832
7632
27672
8038
16449
11726
13177
15224
3245
231
16986
25225
22422
11793
9841
13258
10881
9100
13447
4656
30871
29615
12842
30561
13817
24296
18338
28115
31061
16127
20006
30258
23479
14234
20047
23555
2721
20486
17100
15752
16477
23092
29528
19171
5778
19202
31721
125
26390
26556
21546
24745
12035
27875
27436
28805
10253
4653
11096
31777
3090
4044
31401
26084
14067
2291
2840
1323
6819
32663
3927
22578
14717
13683
10177
3384
6875
7758
7058
9950
28132
18304
12883
16337
20133
22707
16793
12712
24932
4583
17135
8976
14384
27321
1553
16678
14013
14052
21339
10276
26735
29704
4736
16192
31925
9386
18815
3025
23960
23676
2003
16308
5268
25055
4586
1774
29094
2215
24793
22674
10406
10782
19022
20198
22743
24139
25798
19137
12989
23156
31744
26167
12334
6369
10673
31352
4780
11747
26233
15606
7154
28181
10006
14278
13517
18914
23000
8521
30253
583
22612
22283
18556
6874
8541
32747
3374
11532
28464
6525
1690
171
32239
29868
29192
3499
5713
26020
2059
19237
12439
10991
22289
28576
17346
20445
11320
1680
5379
3626
32355
32540
7027
29403
3982
6180
19460
19049
14430
19843
25015
6177
4604
10897
30224
7371
29220
9708
32200
12426
28025
27257
32193
29699
21532
12709
3135
7361
23676
4849
29268
24792
28784
27821
412
17865
20611
18947
29227
22182
398
27192
23748
1399
14477
19759
9547
15323
14507
26927
27005
24307
22431
28133
18399
19067
7227
14509
4852
1850
11074
24077
17587
16541
30331
27778
17976
15775
25091
19584
24506
24811
21479
25012
25789
29765
25074
20876
28809
17190
4548
4857
18138
18598
24356
11124
11481
29855
31896
15679
20043
19472
562
19181
777
26815
32428
21540
2224
7203
7864
12194
1177
14720
24209
18046
25100
19284
31190
5296
24752
14322
3480
4820
26438
6509
8370
27947
28311
19639
1624
11235
6315
31754
20211
12440
18492
10375
15148
11546
19562
30494
25927
30577
29873
17581
5299
24350
8471
17772
28639
26532
8874
13192
79
3143
41
20750
15598
28948
29442
16651
3750
9505
12412
31730
814
23062
21302
25405
8739
13548
30928
14423
6235
7157
26600
31418
11638
9757
21064
29012
14261
3951
1885
25392
528
22235
10988
17234
22658
26934
17408
21475
11944
32130
14375
1166
5258
1648
1757
4137
28089
23843
22857
7576
7834
2359
14887
26606
9217
18946
2566
12758
18689
17689
947
2098
28419
32278
25845
6145
7190
31641
3962
7046
17286
15757
13842
8871
31920
26797
27163
14995
7188
19270
7484
14503
25260
7998
27479
11411
14205
11605
16568
15800
8043
13739
12435
30677
26449
16771
4013
19171
13393
16966
10073
16957
28265
8651
5286
14084
14663
10197
10199
450
28511
22749
22547
28493
21306
12818
8030
31983
27409
26271
21192
8131
15002
556
19172
7010
20258
5287
28796
11199
20956
19268
387
1616
5241
6850
8779
30319
19448
24305
3833
6399
28096
4977
309
31570
25324
2492
7718
8522
1510
16486
157
14015
7735
16292
13200
28705
20125
7948
12491
24159
10590
6299
14306
14855
24285
19708
4458
27054
14955
7431
4712
18322
24927
15497
29706
27262
2153
25155
21397
30190
4899
14645
28319
13684
20969
30492
28542
1882
20971
15417
24064
23177
29568
8276
2141
17321
15038
4353
30825
28042
3655
25890
18702
26819
22629
18861
28666
7833
15962
27567
20373
27426
25073
913
9526
8874
24921
9626
10134
1621
2355
31670
27013
27654
27882
19574
21723
7552
22851
29527
20914
13003
21813
11847
28114
27610
9466
25701
6253
19818
870
18953
17933
1325
1400
1540
4298
22824
23599
15401
10432
9817
26782
8460
10432
12958
22083
31497
9030
21970
12181
13448
31659
15929
8412
25472
24476
21534
23877
27194
29899
186
23094
5464
3812
23640
21727
23317
451
1975
22034
8142
25572
13488
10324
9154
21787
8728
29748
32278
7557
3816
30427
18716
14526
26779
1765
25556
8532
14552
23407
27827
28796
5713
18801
22948
9732
7403
27471
20813
11401
12575
26282
10643
28138
4768
17532
12128
3068
574
3940
7075
4480
32522
11326
22937
12114
24251
8439
588
23011
17744
15775
12633
23272
16375
23488
5877
11092
1838
10223
27442
10628
11304
10656
9855
32698
13682
32063
9070
20173
28374
29820
3515
28959
28800
4326
17033
27086
8543
3259
1518
21551
14542
26110
12722
26488
884
8139
16724
25276
28520
11752
24398
29981
9113
16028
22426
30269
9838
22212
4981
757
22441
29731
611
21066
16785
10746
5235
22172
1360
27608
10692
32545
26266
31412
6984
11666
14991
10297
16584
13348
15843
25697
6185
28602
5692
18757
29165
21081
731
6452
18173
29148
127
25346
7077
28393
25734
16546
5088
18467
13142
25591
7382
28065
13819
26088
20387
10400
4881
2995
29018
11124
28389
30339
13385
24005
22231
28996
7807
14583
31747
20662
14732
18666
288
6592
28552
9444
24487
25096
14679
29899
10296
7872
554
22168
8763
21955
25673
14344
3779
25824
8977
30868
4791
21365
1592
26532
3123
25152
31321
29440
22316
19827
6828
6535
17747
29958
2068
30243
19772
24401
12640
30460
13504
18906
28874
5356
15008
15468
8900
7988
874
21097
6645
28525
19873
11872
5246
6593
12568
19426
5761
27994
28063
9106
19940
22811
3297
21884
25426
2190
23437
19880
23683
19742
32180
5870
29630
10119
8819
20491
2204
1418
6865
30453
3598
2021
22506
32364
6561
25730
5198
25042
30721
14575
11428
11068
27324
24846
27539
8137
29513
9742
19682
1587
20297
22937
31709
15267
2572
12623
4347
2762
18263
30324
21183
31021
11109
24037
32220
32448
1067
7249
22684
23479
6113
2725
5506
153
15549
28360
18735
15510
7682
15497
30594
9754
21049
25302
31747
29090
9918
31022
20866
10959
17535
24920
31995
952
4609
12630
8125
11909
30372
31125
29899
30010
25383
15206
15747
976
17262
9138
24957
6282
15747
24040
17846
3718
25052
4923
7918
30355
12508
27147
17230
12866
6555
6560
16206
17728
21994
26142
12758
20706
18322
6325
13219
28162
15069
18457
19949
22794
12888
1330
17479
9294
8150
16404
13766
25759
11960
31025
22885
3100
876
4813
22952
26444
5172
22195
4992
28778
32553
1063
15471
27904
383
31259
13292
2488
29706
20902
1033
26734
28929
31921
21843
21641
1795
15604
23034
4492
7511
1825
29746
30696
28024
9822
7128
21525
13777
13305
18265
15328
2501
14167
23504
19975
25330
558
26734
4099
22455
7412
12575
24101
6899
22424
19562
8676
10512
21103
22681
17014
17985
4977
3099
925
12807
31653
9510
18116
13306
12506
31905
25162
26054
20376
16448
798
24180
31062
6129
19596
8939
4845
14967
10838
32694
18253
13652
2311
12295
8815
27629
26756
30204
22667
4585
31972
2082
3466
9434
20865
30776
12478
10527
8783
30517
16593
11785
24429
6796
3067
23868
3834
1710
16504
6488
298
8912
24890
28633
2713
14831
29403
25148
14559
11538
29909
19044
13668
6864
31477
24123
19062
8209
31501
5788
16024
5657
8938
32113
31261
29122
19077
10008
10998
10248
22141
23308
23241
15307
7877
12225
11075
22737
11674
7631
11438
8203
27321
20051
710
2329
1742
10386
19400
32015
15151
25312
32205
3706
12746
6849
11862
29342
10589
14413
30760
8194
10725
8409
29530
13871
23896
31955
29612
4788
24726
5358
282
14189
8349
2687
16049
26117
6141
28455
13218
5306
141
32691
10901
8288
19803
1600
6975
24489
233
10147
21047
31651
13206
8200
19205
12674
24154
13016
28796
24992
15798
20961
14155
4034
24811
16305
18126
14493
14699
12610
9258
8345
16013
13021
5016
32724
31108
21560
9217
12138
3474
24546
6348
15348
4217
8672
9716
334
18227
409
12893
13214
6882
29423
5224
31121
23050
687
31941
31720
6654
555
904
3636
19608
5669
2943
21725
24109
11503
28611
3177
28608
8145
12174
22011
374
939
3148
11546
8522
27867
19957
27316
29186
10849
8601
31075
7778
15425
17981
7918
3231
2345
31717
32531
26135
5972
26866
15236
18238
19630
27054
21807
11228
31289
32294
12994
27510
13999
19000
28783
23049
19561
23532
23789
24831
15999
11272
18367
9307
10545
3294
1208
2103
390
31593
18623
10864
30770
1688
17360
9376
957
16618
7235
10828
21986
28731
12113
22367
16438
28638
15060
17111
19466
30955
21582
10687
2449
17626
20781
18013
23110
15953
1101
10156
14984
13371
29887
7437
20103
17178
29129
2617
13924
26782
10285
14202
28052
30070
7342
29211
14726
20838
12241
4380
27525
17818
3809
12843
31199
16698
13877
17104
13383
19518
26806
10728
6008
7300
16539
9556
1051
287
15735
12274
23787
6131
29558
972
20503
383
16355
3216
20455
1785
9966
24129
32419
26272
16045
1067
4529
14926
19296
15388
28669
11340
28921
29137
3998
28267
7644
3759
22198
10064
4835
29108
921
18960
11429
9132
24626
3069
20984
7080
17571
27839
11188
10156
11564
1190
2490
19880
26446
3390
6453
14505
6704
22564
20512
1617
11841
10265
12809
2181
22559
8277
21012
20325
19128
15901
13890
3969
21679
4248
32755
14409
27905
8927
32170
20166
29416
19539
2577
24712
9471
23347
23613
8928
5031
19822
11570
4687
4778
2997
22186
9789
28191
23253
20242
27886
26254
30532
9942
9139
14420
3833
27358
8029
12872
3457
4185
6391
8094
28240
19897
12981
2316
2389
1278
18727
4396
3537
9016
25778
28706
8040
6471
24385
21118
18809
20966
4664
8036
15531
18664
8362
27114
2760
10176
12747
4545
21711
2887
12200
22296
8004
22202
24085
26045
16587
14338
24039
7045
7925
16697
28772
3567
11610
15209
3832
4868
25320
5783
11050
20865
6522
6912
10957
7224
2988
16290
29819
7348
25838
18942
8255
4380
6104
6941
8338
8537
28350
19921
30601
3963
2691
2621
19532
18265
17330
12951
29898
4472
8650
19757
18347
27951
23770
20390
19078
22024
7502
12171
4181
30824
28169
23558
23590
6515
5300
1257
23571
13866
17493
21233
4211
7638
24099
30029
13138
2986
13465
10330
13343
932
1225
6577
7077
30388
6643
19811
27709
29216
20310
26755
21057
24103
25670
1253
14531
4069
22143
29222
5759
12918
14009
2028
1807
19294
11132
28015
1118
24104
5686
31289
21599
29518
3723
5162
32511
1625
10220
11966
24664
8009
13675
20371
11047
6967
32717
15397
28544
26681
8673
13532
31168
14470
32529
24906
7620
28891
2103
20909
16984
22045
17074
14780
16626
15935
17848
18592
28065
18534
8685
16960
23360
24651
26421
15809
12271
4321
15559
11597
7620
27193
16260
4884
21437
32418
6790
1937
31481
15124
3579
29967
5160
7887
22580
11371
18753
5695
13561
14107
1907
32035
26400
2671
30045
3054
94
23
6529
13421
23388
14310
17654
12715
31757
18134
5726
20242
19008
22347
10520
10962
23153
7836
17591
30599
14565
19407
8370
278
27382
21412
4188
30935
6827
15830
11031
19706
8331
22429
17605
3875
24499
28535
19072
11864
10279
32296
22411
2077
4966
24831
5768
5341
3905
2396
17131
13196
2796
17775
24238
22667
31318
1602
28743
9164
9142
18170
23767
8758
27494
31066
12964
15947
4597
7048
30665
9224
6264
23316
20780
7180
16160
26934
5553
8701
21010
25687
8621
14888
14450
31443
32414
19047
31169
11006
13081
31304
11626
17509
20227
24171
2199
3670
2052
29484
32329
14242
31289
10882
9640
29601
24873
4391
23192
26743
23803
20218
19596
21142
6118
1697
28575
388
24552
22642
993
4575
2235
3220
9966
2206
10757
10337
9158
13209
3535
29455
29912
29516
25400
11664
11360
20951
2410
438
14067
2890
1742
27803
11352
27424
124
10304
8858
8969
17910
22644
14171
32493
17685
32504
17259
6701
31299
31456
27802
31276
12523
5948
2506
12814
10286
27896
3400
29631
28632
7169
26972
12855
4498
8105
8990
14589
23129
16973
1932
23786
22574
29749
14042
10800
24591
2491
31241
13211
12327
9392
5819
26390
578
19707
5446
2928
8835
31875
11527
19296
24153
8784
19193
29127
24495
24813
26245
15158
18531
3088
6300
24752
8698
10620
10500
16305
30098
31015
1519
17262
8215
18584
22994
29535
14010
5524
13172
19195
3999
17401
29766
16067
17110
27370
30962
4737
14221
32044
12342
25810
4484
20688
5107
5090
4801
18963
14465
24439
17796
11650
26182
27697
637
23906
29063
3088
10045
1614
17533
28726
4331
32546
20396
10222
12088
24600
21616
4334
17300
5425
15833
7385
8355
28631
31672
4104
32234
31680
5114
7562
13263
6933
24117
1129
29632
11732
7553
4655
20658
18547
27785
11945
11213
15814
12258
21739
22885
34
667
7572
4653
7619
20757
15956
1191
23659
5652
8875
6879
14412
28183
499
18521
18984
29925
5792
29768
22711
8553
23239
21504
6473
5055
28125
18862
25516
2447
1986
6983
23888
27802
7421
5566
24489
12178
6218
28794
7637
27951
19794
1287
19839
32127
2233
12044
22275
30078
24925
26749
20690
17638
11997
30225
18969
26184
18777
14327
10397
21852
30329
29381
7657
16278
10161
9393
30636
8953
28099
15107
20317
20272
17797
15306
23840
31963
8676
14286
29165
28455
22313
6343
23791
21409
19323
8140
16426
21580
4261
10254
6241
4080
19226
454
31799
27830
2614
31084
22164
30962
30151
24362
8266
20032
29900
8848
23801
10962
12669
22153
24368
13576
7819
12686
6100
7489
25000
24089
29894
4594
18250
12125
4800
14837
9132
3636
18048
10531
17686
12889
16681
804
23391
31703
21478
16518
30896
193
5840
18957
3978
8996
30482
24138
4619
17210
28746
30063
5741
25056
30003
5986
9423
18250
19330
22544
4664
502
24333
28164
3289
20958
20530
5944
15762
21490
16759
16427
8888
453
10350
8499
2070
22919
9692
17941
16433
16947
10521
13267
721
9
25274
8389
5308
19775
19054
29419
7365
27380
15398
30850
18949
15973
28793
3797
12137
20067
21574
11094
30829
13573
923
31469
23334
22938
27605
2960
27526
1761
22793
13332
13276
12669
29347
11843
13978
675
27469
5934
15707
31510
26643
18885
6436
16981
25284
18340
14314
30226
2971
9264
13141
3559
28190
9699
15556
10053
23879
4580
2705
19885
27362
21979
10902
4898
28214
1027
24048
3294
24039
21889
25090
2116
283
9972
19133
3094
15324
9037
21023
31208
31422
4321
16634
25556
449
29884
21751
27248
8824
56
18394
14077
7531
31951
23560
26081
12987
10798
4678
30040
9732
17034
27843
3174
14727
6455
25433
11792
25737
1911
27920
11467
18678
7056
17124
29237
11338
15905
16328
28419
30641
16821
490
18234
877
4249
12601
3747
12665
27883
3877
10616
7020
30452
13221
9572
22431
28088
7039
7851
6546
24010
27588
1444
12684
12901
3737
22640
12162
23737
3389
9446
11578
1411
19272
26317
945
31968
1841
5710
28601
23651
17427
31400
27110
3941
177
5414
13739
13724
24503
14415
27585
5104
9539
8028
968
1929
11683
6639
8497
12077
16737
8193
10075
16073
27260
25116
22780
12621
12025
10699
1731
19645
21658
7760
4412
11397
4590
16788
16883
17934
20618
14692
16348
7054
25749
14553
8946
4388
23946
7704
27423
6180
21561
6204
24156
9392
23055
27025
4633
8584
28056
6659
9183
22050
6210
11734
25908
29438
6500
13463
32447
14388
17022
17490
20140
27215
26819
13573
1618
2397
4052
12373
19219
32327
12751
27008
24196
12895
18568
4499
4558
17720
31766
23517
2133
21690
6802
9891
3479
2933
15643
7189
598
26934
15901
24449
9465
31192
25811
6855
14640
28253
27147
13
21207
19518
14890
5043
18461
9982
6255
21129
3813
6149
1916
2112
2412
26796
6930
27167
1580
8853
5916
18935
30465
31293
32751
30041
9099
18388
32720
5382
23251
588
17846
8359
26673
28848
16722
15039
20333
1463
24653
2269
5156
6553
12497
23574
4205
30241
3402
15794
7869
26883
13678
13350
6920
20593
30843
21571
32553
21993
21695
29356
7812
19281
12382
2445
17642
24133
3920
9866
15549
5552
27305
29942
84
19865
3357
14406
6816
9536
6339
19141
31504
4970
6681
29833
16563
5369
19529
11941
16541
10687
29354
9888
19339
5012
27530
5670
30410
2982
24619
17150
27732
25105
13835
15164
1597
15280
9576
8632
14669
25138
6404
7870
4847
23152
15142
18695
20041
13565
21473
6888
17581
19711
23704
18378
15664
26942
27842
1498
24472
29563
25579
8194
20092
14851
29947
25623
11430
28548
30395
16724
4540
23838
7573
11015
12832
31421
668
5002
15892
24999
7116
4981
15394
19793
2450
4370
25275
7799
23951
31761
13598
5227
16025
29053
26491
12462
3586
23535
20056
30909
29213
25602
23861
2605
27135
17670
30827
13562
20099
23033
7770
4125
25745
30387
11203
15452
25759
24928
16243
18790
7031
51
290
28959
2107
3929
20378
7481
7079
29484
6684
27396
31895
31402
26879
8583
30153
9765
22938
19919
28899
17979
4452
31111
8888
1801
27738
12233
19655
15260
27297
17460
14340
32168
8557
4159
19676
30077
13089
6860
27763
24118
4792
24065
28464
6708
5731
8019
27771
27595
7539
3555
12229
9786
19834
6926
32457
27361
10925
16703
5394
18094
3981
11528
30910
17369
18375
31858
3201
17361
21080
2193
749
13686
3828
27995
5872
31624
23209
17338
11678
5983
24512
16863
17712
27613
7396
13786
21837
11426
26502
3687
1161
19838
28031
26123
22316
1580
31223
17504
15156
15933
390
2477
5533
30034
14746
14522
13535
31630
16153
4835
19641
3659
4167
14954
24365
11532
24041
20242
14028
15027
30635
14569
22067
16117
22463
5477
214
23562
4551
31410
16636
19625
10485
1355
3851
32307
4464
25544
32262
6959
24826
21750
4436
6646
29393
19501
8131
9135
722
12254
26572
26494
996
26220
14617
11769
13716
9533
22340
16604
15613
13840
31202
31485
17643
9873
3520
5250
26944
5674
7020
32593
29078
5661
30455
26568
7973
20432
7418
11695
4583
25959
24791
26986
2299
16536
20545
20851
584
17339
28671
5128
32098
4385
13804
31009
26033
23719
25667
24741
26576
31627
10777
28893
13875
9854
11563
2345
269
8698
24794
19698
9584
16597
20084
23263
22454
29975
12981
1100
19745
25353
5262
6392
10430
10894
14628
6909
12175
23222
6428
28422
2024
17297
15126
23740
2074
6721
6007
29569
22607
9043
26988
10081
27573
22352
4396
14917
5343
13710
27517
17770
14696
14668
17017
30482
26841
9470
15250
22650
23244
6118
26324
12299
6226
8676
21354
21460
21651
18831
19812
56
14516
14468
10423
1764
9982
511
15749
27141
14652
14248
31135
14263
32356
16559
11081
14784
15226
10010
26941
19838
13234
20318
15346
30750
15317
20013
27677
2831
7397
20624
6777
27830
2564
18997
1219
22884
11666
24074
7177
12421
4502
13579
20517
8730
26463
14167
13445
20585
29291
23434
25133
14834
6791
71
15102
32678
26936
1044
29240
23380
30298
3947
32318
23140
2055
17677
22425
12487
27066
19610
10560
14382
16052
27487
22038
28538
21407
8047
30645
3700
13170
28917
14954
447
916
28104
14976
25355
27460
832
18114
16778
2616
10825
11323
20136
17028
6581
28480
17143
22974
29399
5553
3944
13664
7245
26235
11969
13933
16157
16993
11083
30808
6660
31229
11467
30497
7946
17665
8884
24769
3930
16067
24219
5576
2385
3065
13035
7493
15573
3520
27098
4070
14824
17892
10396
15968
3452
20571
4822
5905
8329
5650
16981
3812
3422
7405
26368
4470
24373
6409
8971
15479
28681
9028
30574
27218
22700
14591
21654
20496
10004
26914
9050
12921
20213
21089
23088
30333
2198
22206
29345
4307
4573
10319
21242
6368
1451
4930
69
730
15728
10526
11383
17709
28918
12619
29931
27934
2177
725
25871
26286
21786
11117
4446
31681
9000
1969
24206
20095
23360
12461
18698
21243
9534
25249
16546
3090
16789
16644
27777
3991
3299
7114
27488
5549
25033
6627
25594
6003
19705
27908
31168
16615
18320
29353
31181
14852
27559
26203
21532
2862
22308
2350
13561
8400
12502
25231
21173
12868
962
32316
17310
4083
25783
19348
28718
7357
5673
529
30083
30363
7740
12051
3087
4738
798
20703
18065
20363
8602
8935
15684
17746
20970
32588
31062
20891
20173
31137
13467
10556
4826
5874
16771
28727
8212
18180
12106
7462
26046
735
32366
11228
14449
13450
31078
25417
4203
19478
1425
12958
554
9693
109
27058
9530
9740
32009
20644
23883
11615
30141
25283
14726
19244
17944
12458
24097
20643
282
11695
11313
10580
30627
27775
7104
7410
812
3842
31776
24150
26805
28037
3710
3014
26622
14615
11962
1144
19194
7475
32375
14162
2433
9376
18030
20212
21829
26006
519
24312
8711
14626
18730
30328
32267
459
3154
15313
20169
17782
22244
30119
17893
7815
3008
9514
8801
18505
20501
5527
4626
19088
6265
1281
18256
2205
3129
19025
5874
14145
13037
7308
12922
32326
8272
24404
21132
18698
4687
6322
26021
2669
13664
29714
5897
30701
789
30351
16893
16
28401
18545
9527
3
21882
14324
27283
31872
24975
22860
22279
25076
23548
26597
14041
4066
6476
19695
23055
13186
31199
28442
13608
13743
12348
12190
31241
16384
16807
14463
15674
7476
29943
15
31570
30931
9122
9652
4784
16914
8474
3051
1388
13815
11356
21389
6029
21695
8133
7250
7549
18045
21288
11923
3770
29443
25631
29268
12493
20741
22686
22401
28288
12412
20430
4984
12108
1097
13592
22472
17169
28443
10623
26168
13834
6034
5940
9740
8447
1957
9060
7811
18876
6977
29269
31396
10179
16946
29105
31290
8510
6471
7458
29726
5175
7857
28958
19892
11
1453
5
3000
25372
28003
23913
24635
8391
32525
21420
23016
918
14171
6097
6284
12214
24342
28556
10966
6571
30469
32155
31067
21826
6925
10329
25308
20679
8347
20113
28108
20601
29767
16016
13069
15931
31409
9086
26107
8588
30895
23790
7595
21433
18091
29875
17268
17489
21318
9973
19119
25050
14657
12421
5564
31426
27806
22382
11334
10905
17154
25037
9927
10109
23390
28386
29518
981
10446
26214
22400
14402
9410
29215
21468
2514
27739
13747
19524
8311
19736
14522
6585
25016
1201
14102
26983
25511
14403
19335
3297
3091
26286
10362
8109
12286
23099
21282
9731
18257
23939
5322
2258
2255
14220
5738
4868
584
13108
23160
21507
271
13779
2304
2940
24238
10524
16887
611
1495
15428
27085
30007
17310
16487
9281
29575
14566
9255
29049
22709
25
21142
8530
16890
23325
31062
4341
9642
32131
31230
26283
28601
18177
2752
16370
18303
546
19017
1488
25272
31548
19177
23399
2511
931
22772
23242
12636
13596
104
5135
19691
2452
5583
677
16127
6930
18023
27880
2646
8171
29569
25075
10351
30517
23847
18869
10570
22909
24577
15176
111
445
19066
3453
9009
25224
3358
21948
23604
15240
19014
18699
30765
9002
2296
13164
12265
22680
3849
31084
29585
29160
9860
22521
31532
14994
21072
22132
16485
22056
13836
7943
17806
31553
13630
12601
19942
23223
3501
8895
27415
1810
28939
25237
1027
28739
25047
12878
14528
18326
22402
18857
18401
24546
28113
22628
22776
24066
9090
23125
20569
19849
27698
29110
4128
28082
6526
15297
19061
19094
24425
21373
18702
30370
30717
30423
19958
30791
10806
500
29069
16371
14363
13510
8657
14913
30766
30429
9947
21101
7686
3456
20652
30986
30267
30717
12842
759
6530
26173
3430
29839
23321
32155
21792
3360
30310
24566
26509
9886
16347
10501
26200
15769
23836
21995
20454
13677
18532
19212
15838
11449
8997
27678
27881
30226
7150
31363
29110
2296
27538
11734
16194
32520
11655
15044
25174
29044
6028
15389
5713
19121
21646
12842
5927
24687
1741
3138
21674
27086
13627
28824
27400
9679
10276
13911
1173
17928
30996
17905
2251
29085
23030
21427
15503
29803
22393
10398
14262
28294
6840
28018
21448
6118
28185
11275
30724
27741
2421
31472
26276
21452
27002
1834
28514
6807
13902
28754
11066
20054
32117
10990
9586
21198
17141
23806
5592
17183
11704
26833
4171
29502
21297
6685
19836
9638
26179
10575
28918
18763
19806
2336
28764
21456
25579
12905
32754
3065
27370
25144
10335
22627
27865
32291
27058
26227
6360
4828
4002
15756
22796
8454
6938
4741
10305
11335
25845
28506
27347
16543
24070
801
20174
25080
4187
11840
30548
6654
17858
7902
30527
6192
30605
4503
24328
6199
27539
2676
25064
631
8823
6682
22076
31461
31533
833
5422
21016
12217
21608
32146
3234
3898
18887
7694
29856
6440
2950
19070
27024
24026
7212
8342
25187
18507
2906
16329
21971
13597
16569
14442
31991
31454
29489
30226
9237
18315
8284
10561
32183
30546
6202
29768
11265
18588
28966
24422
29761
4427
30728
22577
20680
22848
28877
16439
21753
32289
15124
20198
6047
17497
12074
19113
6020
31072
18233
23892
20031
2876
26812
1986
25933
14664
25142
30908
16739
16948
28964
19229
22531
13133
25648
28468
846
15614
11687
17258
18457
12439
31277
8229
16962
2894
8112
23276
11076
12932
30874
1227
12042
17737
32587
26617
769
10017
15814
2232
29553
10248
26026
11645
23309
28085
9317
12881
14537
540
1956
11127
22507
11062
1549
6991
15973
28676
49
16250
21858
28370
19900
14655
31
26809
10991
5421
5372
9831
6737
30210
27859
6691
3745
26316
31880
25355
28942
6222
11489
5536
22443
3493
25752
28037
29
31788
30895
19588
25238
25244
30468
10962
28936
7032
32549
23700
22162
28328
7525
20641
19263
26211
23600
11402
20463
27475
32667
27096
26261
27636
7999
22676
6819
4926
4680
11021
28099
21123
25033
28373
31944
17050
13651
5901
28900
8253
28101
31714
4379
26544
25189
29528
2039
21411
29744
26439
12670
17242
27503
3234
1377
19467
21387
8191
29046
31112
18722
19284
14440
541
28250
6399
10414
29116
31094
6154
16313
4183
4519
5548
3442
1934
28196
4115
27619
2954
27516
18016
24372
2857
2859
2548
12762
11099
4460
13546
8459
4556
13647
27108
11637
17091
5899
267
25647
5706
28821
18001
13296
2191
13426
27898
8831
27018
3785
23642
30314
12256
31932
14816
10491
29447
28152
21587
13416
20651
9355
21596
4682
16721
18167
22085
32336
8251
22660
20736
20789
27275
3034
28267
2031
31147
9166
14546
19242
15595
22141
16821
2804
13932
26263
9676
698
16190
26366
4681
14707
22213
23696
12125
21019
353
12864
5117
16483
31309
13164
9958
13735
15560
107
4319
23072
10355
12645
9278
9819
17659
7015
23981
28905
26871
27574
25134
1113
18452
3428
7773
20835
11375
3362
27381
4454
24386
28501
23190
27925
1219
11372
5318
31596
28489
18288
25141
11498
11697
13020
20037
30458
22784
30640
457
21426
25929
21185
15117
27071
31186
15443
1816
28832
5234
3561
8237
9491
31805
14940
5528
25037
18276
19499
8359
12398
30806
7698
19190
26292
30251
478
18927
9199
25667
18815
13202
17077
7466
26207
28786
4822
21695
4850
3840
28562
9622
14991
23564
1546
3482
4990
25737
24565
7671
8018
17553
1684
25143
1400
26537
20968
17066
31761
7749
14370
26124
13053
11407
12635
22114
30008
13924
901
27941
29802
11423
2722
19106
29369
8091
20788
23713
16098
6899
3316
14405
13960
28300
21446
19251
17100
2262
7405
10230
797
17998
25211
29091
6737
23112
30476
10936
20981
13547
25524
27466
2018
2685
25142
16992
6673
24545
18295
18074
17585
16477
29234
6678
9846
161
4588
26003
24371
13061
23083
3799
31915
12563
30179
11855
10661
24133
20273
2038
21310
2063
32587
2935
14467
1824
31416
8086
6207
1510
19900
15564
28946
4176
32023
6961
1987
20695
24303
30624
10199
7871
10
13333
21091
16794
26944
22361
20254
3599
22832
12258
21434
16345
17971
7668
13685
13586
15502
18701
22763
28338
27884
17536
21550
31315
32523
26464
30488
10551
31925
23455
11744
14475
26866
10359
29164
20205
22396
15369
15590
29485
6259
14405
12818
24656
19538
1801
29151
23259
29730
31117
19388
27470
20973
30462
16940
8686
11638
32361
5405
18375
20775
32731
18038
8434
21323
20679
19695
9236
32637
16295
26917
19239
29792
2790
20718
24957
18833
16126
9449
29441
20954
16350
25690
16577
19881
398
21301
24233
8640
13333
1657
24209
26157
26267
2751
11387
24957
26059
22803
21
17453
22907
3586
1926
14433
25999
5876
12134
6616
21018
18877
11278
27168
32455
6766
10259
21766
9592
25457
15373
22865
12332
29653
5021
27056
9766
22502
25518
6640
29772
4097
5626
11378
5325
10662
19920
5085
23046
28367
10773
15632
24743
8064
26762
13659
27921
27040
20044
238
14339
4871
31137
13713
28278
2520
241
11670
26821
20241
787
26380
23825
28512
3275
25398
4324
32313
30608
6716
19988
18213
9618
22303
7915
10589
16123
4082
5508
20887
21621
3656
8824
17952
2797
31721
16059
31019
13463
10185
27840
21865
31539
5946
21732
30937
32654
14176
265
4578
4683
17125
31617
4767
27107
12271
21807
11898
31211
14927
22248
22012
20374
24060
25119
9443
6010
21951
17602
30325
12439
29231
1119
5141
28821
23776
25739
12820
32077
7128
11396
11977
24459
26946
28693
18404
13074
13159
24506
14847
6113
22745
25605
32374
18613
29937
2112
7033
31439
20604
30804
14943
27383
19122
5610
30781
15297
20072
26831
9400
2319
10118
28317
25367
21719
19642
3480
24989
12583
29038
11990
6933
19302
29688
17315
22190
15580
31761
14883
23049
17525
23945
9529
401
19905
4921
7080
13067
26944
26168
4728
24173
6621
5458
13980
244
7096
4277
2513
24177
2088
7662
18121
25828
31489
30740
20617
28235
7442
16451
12560
21692
14322
21068
27449
3250
14077
20907
9186
14757
14745
698
26190
28893
6846
17444
1992
7815
4533
15515
28297
16649
20511
4302
16348
28307
16698
13717
14720
22774
20064
12911
14926
17338
19664
26671
15899
8298
30897
12274
20704
17715
8532
26196
15641
29102
27322
14052
31082
5625
18518
15317
6536
4108
5395
17910
18007
21322
27801
24804
336
11863
10700
26493
14118
9002
11926
15513
26025
1379
22759
31733
22762
21214
18682
14192
17312
31368
23769
5242
14026
1393
1315
24009
15510
22051
22285
23885
6786
29235
32679
4711
32449
2581
31841
6230
7392
13108
15565
20722
32169
2114
4518
10140
1608
9165
3346
117
31404
10516
14372
10190
32560
20248
16805
21984
23931
8694
2580
6845
4260
28275
12523
18055
23706
3033
1828
8672
29892
30722
2812
2721
30180
31154
20727
18639
14145
15658
32292
12235
14085
7929
14242
24520
9700
6422
11107
15234
22014
1580
5680
26158
4359
12085
27373
23980
6565
22346
32543
1284
23577
14777
24747
13072
4642
11865
14560
6518
24094
26650
24760
6106
8563
480
2651
20305
4653
19858
9189
2584
21481
6509
22377
19334
6129
24479
19510
7231
2216
5137
3417
26283
1065
1156
14691
30630
27179
32479
24428
30585
296
12743
11607
28425
14014
31601
21336
11599
16213
6836
16564
8456
22786
30307
7624
31406
13739
28377
10061
10918
20588
28117
20186
4027
12858
10377
17578
27083
27078
18413
20128
25792
15012
27481
4232
20418
18349
14675
10656
21676
15522
29350
19287
17340
15122
15284
11604
18318
3709
4108
698
5451
27577
5183
21675
27934
16277
14832
26123
32487
20669
27179
1158
1844
14557
10744
27348
14445
30985
27951
6203
17486
11613
2957
16726
6554
9184
3080
15894
10766
23214
14944
6406
19604
10583
15095
9171
4026
6530
4322
13579
4194
13014
19008
29477
10427
15898
18122
20674
2928
17306
19628
7730
7967
18637
24468
21562
11788
4406
3592
31764
15895
26248
10492
22712
9451
11277
6564
13658
11385
16712
18823
32052
23461
30682
20693
133
14142
8354
24314
2778
3892
29736
4467
11916
11269
23100
11488
27018
28793
21722
27739
1880
17295
4689
23305
25688
22199
27300
27630
30281
7233
19505
17414
15885
534
23440
27281
1711
17574
19134
21422
5540
28193
11131
31019
12369
21994
16624
30108
6862
13385
5269
21930
29674
7776
21074
5038
4719
32352
12261
29055
18343
23548
25475
9351
11038
2334
28098
2077
21418
1753
15030
18959
8617
13984
24154
17789
32394
11189
28722
32750
13711
12515
18991
31901
18896
22128
11987
23060
28036
7246
6805
28156
32380
3217
17543
21300
11248
23078
4662
7712
10622
22465
722
11076
4976
23319
21903
15377
26686
24654
28490
22014
15187
433
17264
6107
1300
6057
17436
31074
13343
5352
7551
10512
25552
29416
16517
31795
23562
17044
181
9539
15924
13637
18778
9333
897
12783
11744
9870
12405
19101
22912
17909
24997
9754
8736
25101
5566
12785
17012
193
22728
12440
32618
28257
13484
30697
15557
4012
2804
29649
17671
6702
15315
16716
18581
9932
15973
30097
22550
21149
3639
25993
24092
25083
4618
390
23558
6618
24532
6450
28197
17241
520
7110
23325
3479
8727
10364
12942
16840
15415
838
16116
32136
16483
16832
20172
26478
17571
17507
6393
4581
11405
20476
16485
55
27148
23389
15083
491
15200
25939
8053
22609
2662
26328
8033
23131
20762
13705
12074
2734
10074
27226
8772
21497
24045
8328
15943
24454
19139
8399
2384
14863
10878
19678
22436
15058
15154
24328
23703
24807
29801
21052
17069
6866
107
1591
3838
11349
23228
29688
21471
9864
14309
1652
30398
9771
6775
27532
3406
19514
14670
28988
5605
9410
6931
17173
3874
28660
2820
7149
13010
375
19192
16341
22548
10755
9885
21067
16572
24364
19461
23729
22006
5499
3425
6398
6188
195
28684
21684
17961
11954
11467
18
32638
12199
1363
15754
26148
16835
4875
1397
868
12867
29460
12806
29684
26893
29575
1916
8035
21128
9725
3228
32438
7089
31573
18271
13908
29804
19633
12776
1823
19479
30146
31672
23268
15461
25670
27429
28661
5738
16590
29448
26644
17906
5317
20663
16019
32535
4526
17971
27066
27155
23981
17570
11113
16722
2377
6911
21758
5580
4720
32016
633
11665
6331
30360
4319
12453
9972
7887
21468
6159
13782
8207
20139
4909
19475
26576
29755
22346
24476
4822
12938
3442
23580
27049
19797
21125
29381
326
19444
32139
5968
21524
32384
8263
20031
26393
24118
30223
12390
20334
19744
13531
18345
11248
30962
29851
10503
26425
25906
8398
28632
21967
24731
10320
32338
1178
27076
24435
10066
19356
18173
18514
9562
30940
21881
13666
725
10147
21427
31306
22435
6123
11018
7925
32721
6677
31918
18661
12200
25306
30144
20170
2282
23428
11957
10835
5464
16990
6652
15428
19063
12137
17888
5833
31380
20816
30127
16905
22278
30366
22044
12031
26547
14127
20706
19589
7126
20964
17322
29362
22527
4763
7727
6246
9563
21599
11168
1827
26165
29659
2886
287
13245
17941
7270
3479
18696
26457
24937
24421
8025
30322
7738
2517
8095
4129
13808
30645
3390
7879
2989
22699
3602
21093
27333
30924
29617
21702
14883
13929
10737
3579
32489
2604
28331
3336
29271
21860
14014
26845
12014
27294
25686
11656
14549
1141
12910
10664
25979
7851
31123
12325
26238
25976
12779
8734
31692
12065
22135
21795
4360
13261
3477
10661
18991
30613
15049
26026
17275
6874
23996
10181
2183
1243
25221
1606
1717
7302
18216
11950
32461
911
14940
6502
14822
1984
6034
9648
1418
16016
25650
12765
15125
32502
12840
961
22110
11647
2975
5476
24473
3743
19468
6650
11388
4932
2671
20245
15521
21425
30934
28186
13612
11402
23842
20977
16301
12843
1805
9473
20552
28222
26476
11100
5907
7053
11442
32054
8383
21524
2230
17820
27259
25947
950
22883
27925
16131
155
14942
25442
12190
22142
23252
20449
25540
9068
13616
1435
23395
15462
3067
14413
18774
24236
26120
22473
4409
1596
6894
15002
22396
3477
955
23527
22455
31424
9191
12442
30013
7569
24199
22464
14836
25387
3011
10803
14180
706
650
28023
32269
26533
27269
11747
7934
31867
27209
1025
27555
15308
1488
18743
26591
10692
16682
32678
8794
6964
23408
29010
26397
28122
13818
19075
92
5602
15313
13164
31122
9388
23911
11531
6356
11472
29830
13648
606
10080
9351
30337
14963
15981
2756
1501
31076
8396
21328
30080
1518
17177
1509
15750
2504
12797
7965
16499
5245
22957
18917
28371
16504
26291
19759
19997
11869
9201
488
26333
19104
31203
25898
24082
4432
29476
6834
15829
17459
27188
29588
12604
18200
17528
19757
14206
5737
24194
23642
4696
3072
3475
14567
29615
26171
23134
15691
11894
17747
22799
3730
28370
4841
17036
24730
15740
2018
13051
19074
21096
17525
12676
16224
31396
11906
25944
32562
5506
2598
7154
5144
27897
140
1181
12224
27977
2310
17718
32033
32734
26716
19507
14956
3447
14948
996
12095
27527
14802
19193
21276
14555
14930
22085
14363
28030
2260
24513
3547
8666
9767
18132
20670
20767
4042
1489
31062
6889
2815
8386
16410
18461
9760
29028
18782
5907
25654
29810
19842
4859
18120
31782
4457
31353
10737
27646
17196
31123
9909
25020
3856
15053
28565
28592
182
5010
23393
19513
1170
20438
4686
6794
7582
24826
4425
12458
9040
29680
30602
32446
7113
12959
21099
31627
1615
13449
23419
14903
10749
25259
23758
3407
15545
21156
12184
23311
30311
23834
2298
1757
25692
29530
2332
5142
4374
30782
16508
26125
21546
8276
8070
16721
24189
7484
1124
29231
22199
6226
23319
15480
6645
16526
967
30853
29887
28584
29527
375
26681
10879
16957
22723
20381
187
7569
8943
31208
4017
20067
24982
3028
11400
19282
3762
15879
31130
2138
32027
19338
27421
30958
8778
9340
32515
30791
11619
14600
11294
3067
3955
28820
19592
13521
22773
8507
1858
16852
4252
7038
32027
22950
26444
7734
15572
11799
28009
18125
17025
3574
11605
20910
1586
18728
20276
16122
24019
6902
10739
12157
13905
3755
25992
3552
26623
4703
4731
22560
10807
11278
23205
7487
27204
1261
12088
825
2431
16125
6143
26937
18105
18656
2023
31245
22233
9196
23231
17111
28870
20606
24636
8710
20616
21648
6208
8837
30122
4238
1115
5938
8418
22118
12947
2706
21748
30431
25952
22211
24275
14635
31995
31154
10505
28863
1496
31118
24154
9570
4209
28028
8100
388
13894
32396
20746
31442
28706
29931
16977
26887
8607
9563
13962
32517
32236
21217
3826
23076
10702
22717
7446
7114
16101
12447
24635
16700
5169
10520
12796
11699
28629
24655
9781
6835
1562
22261
8736
25240
27062
12155
28350
22898
20815
28034
19065
10258
22075
18835
15879
23909
4234
27920
14481
10753
13382
10858
14101
31230
5113
1429
31497
24839
11376
8377
5185
3248
7615
24875
16914
12554
13701
24731
28600
9078
28273
32399
20469
6070
2309
9744
23547
13130
8602
7074
14732
27385
26533
26490
19552
24238
23096
12268
30407
10117
11724
6179
19855
19494
16189
30484
17192
20306
14358
31412
3590
3259
18447
2921
20039
22553
6100
959
13974
4730
22792
4189
15439
10713
6026
19511
4835
14067
12279
27909
30335
11606
3952
5107
2536
20923
8349
5786
19370
27285
2545
21551
26225
24298
8496
27386
24759
14178
14383
25098
28575
13726
9948
6952
28961
30154
13949
8457
20840
20086
21053
9672
24440
25249
8420
17811
21780
6679
27622
24996
5599
29694
30623
10098
27073
26539
12509
6185
13964
18362
21407
9304
31968
23389
28444
12266
7244
8692
27399
4696
8885
29918
29202
26397
11004
31631
26033
17001
3803
9699
16160
7705
28688
8370
423
4839
23742
30885
8733
12766
4880
24392
1963
4626
10271
18016
2514
26253
5654
17790
4015
12428
30100
32212
13438
25068
26193
28744
5470
991
27397
31175
11347
13795
15493
27100
23697
6389
22575
26497
5112
31489
19849
6197
9691
22174
3877
15694
17157
31480
19144
15249
13054
28685
3274
16640
12938
27421
12992
31987
7027
26459
29017
7786
14728
14057
29062
3234
28902
8195
18654
3558
6518
23163
20800
20648
13239
357
9146
2768
23230
19731
15017
9044
6011
10564
32546
6665
31037
31640
17809
8633
6008
11847
32160
8309
24775
21267
6491
2604
23341
29307
28561
18813
14752
23346
7549
10954
27336
1487
11173
32142
1284
24774
31235
24560
13230
6295
14179
26776
2464
12357
26636
8897
23798
32266
16290
4239
4118
24649
21067
10147
27630
16068
24849
31726
28541
11279
17800
3266
14485
15173
16560
26671
27103
24057
12572
6284
12831
24175
29780
4180
22713
18956
30585
2100
29557
24588
15143
865
10623
22643
20127
28207
10162
5958
1574
2784
10773
8186
28840
8377
16038
23853
20641
8540
9559
4244
7230
14417
29015
32565
18623
30950
20370
11734
25887
7737
5755
16821
18423
4499
777
22905
21664
10999
18175
29289
7063
24571
19569
11740
23078
21719
21124
2800
7489
956
18293
26751
2991
28263
989
25423
7018
3573
19251
25737
13895
29945
13714
29805
4569
22476
26300
9539
16019
28452
13920
10901
12846
26856
11672
28827
20810
23363
32182
18423
15448
28152
21568
31139
25527
11765
12345
22311
10013
16170
7330
6927
1081
24731
29761
11676
6295
30388
4769
8634
31427
4061
5722
32306
11953
5967
6290
10017
14684
10790
32196
31657
6062
17079
17345
31718
7328
11811
28916
2851
31394
45
2281
8782
31805
31048
10769
1706
12279
4852
14527
22724
2935
9803
15223
4008
18921
24791
19560
13396
2468
31655
17463
29037
27914
26786
510
19249
17072
27163
29845
5037
30912
18597
18704
28464
24475
6952
25224
31999
32706
21812
32543
30794
1782
3990
11838
25951
4254
16169
31777
7966
19818
19951
30358
22701
20022
19040
28417
26477
30257
8450
7588
26924
22590
5178
2589
6812
922
26210
23856
29187
959
27163
32711
21045
6025
27877
11063
27072
25496
12269
20165
4710
9205
25381
28265
17616
8440
22170
24274
29824
27497
22019
681
26632
9189
25237
27930
24953
20867
16159
3473
11039
3000
594
18625
23659
31608
9056
8939
27441
30622
13514
24413
23828
16526
16754
14649
11582
7961
32760
6519
14932
27297
20547
28205
20648
14973
14174
1806
9393
18078
19846
6961
20921
15219
21121
23573
12502
1291
23601
14817
7195
21882
21352
15600
29199
27261
13054
6284
27998
22113
15649
23290
9423
20512
6893
24248
18294
20174
6716
24834
26923
29747
32192
24986
29499
2746
4943
12233
3421
6794
1149
18593
4839
23026
5488
27270
26689
32010
17904
493
17562
10391
2238
21346
17371
3120
1319
1744
21721
26527
5848
30717
22479
32650
32756
28756
267
17747
356
11751
21479
13884
19823
23476
18939
13775
2186
24359
31377
26493
19569
7905
22105
19333
24950
9912
19295
8983
8729
19711
25913
24505
15578
15623
15749
8683
18507
2789
20627
2822
23913
13430
2654
26218
11308
13217
8129
28120
15965
1500
2023
11549
23720
19698
10756
18673
18930
27907
4930
11550
18669
19404
18687
26085
8169
5416
2869
10397
3821
10455
6969
20381
27654
5503
23209
19804
23007
17648
22175
23255
19602
15788
4907
25907
20670
7591
11009
32420
18650
12875
5998
22157
5320
20927
13457
31977
22445
22889
21959
29929
20481
30130
32359
23262
30178
5897
4784
8538
21422
14378
5375
10642
19664
22944
17221
15111
18138
22152
10425
7782
26837
30361
30666
24492
25812
24929
16472
31629
32720
22225
22051
31767
19375
20732
31620
18579
18342
29468
9307
11436
23233
27094
25928
23251
23744
8383
25374
28129
8485
28958
22164
11774
14475
11764
30782
7362
23609
12601
26812
3227
14327
20073
26930
18287
1569
20031
30712
2178
12793
22464
9618
19865
29761
27260
13794
17248
7690
19985
24988
20745
1479
6896
19451
1846
19109
16484
178
30233
25119
11216
3622
11993
9164
30008
4058
29752
18300
13570
15658
24180
2436
26366
20541
30314
26966
32421
22837
3073
13909
4254
20904
19398
24295
13703
1108
22484
13771
2545
7438
26615
8621
28588
29948
13585
27383
29766
28420
13244
7147
206
30852
25136
9967
14045
580
11624
18215
7896
1449
12672
20297
2927
27179
22882
23213
22121
24328
8609
5284
23204
32058
677
2571
20311
17831
17929
14624
26779
20377
19265
21396
24874
15213
32640
26337
20838
15759
3288
24285
30621
21926
1188
5775
21899
1547
2339
27458
18208
8064
14949
1497
30340
29983
27243
20066
20825
3216
23690
15854
25408
7807
5136
671
14750
31565
30250
10754
13472
10246
17157
17823
27004
18324
10804
15823
31226
9266
32338
18126
1332
27939
19432
11281
5529
31907
22416
26074
12344
14878
18267
11529
26940
27808
31601
309
8626
4493
23031
21755
21139
2962
4662
21654
2302
15835
6905
31408
30661
26502
28726
26488
16939
21336
21489
11765
25580
12207
5726
2970
23166
8888
10566
15898
29591
28386
683
27518
25839
15251
4783
20596
4423
22041
20658
10474
7850
32483
9147
1755
16883
5873
10777
2921
25487
16777
9290
13869
388
20012
1819
16075
29362
32456
30993
11465
28505
32303
16136
8609
732
6856
23578
2324
19141
6532
26818
9154
9992
13588
25921
8184
16268
7514
2881
13513
743
2845
25273
29536
618
15360
7696
17044
20317
27317
389
14525
15755
5998
22990
18374
12034
13460
17919
28548
19732
3004
22702
27206
21153
28375
21589
1966
19353
2472
1783
10687
28092
26492
2311
6198
28324
277
25477
7710
31494
26343
24938
9631
13109
23431
4166
17943
20711
29280
13352
30828
23100
1704
12990
26016
1532
7826
14781
933
13600
3781
9347
29811
9621
29198
25852
23385
16956
18769
29634
7312
13365
22470
2952
15126
6493
3937
13240
18617
1045
8594
24155
7282
10310
2095
7482
17141
22946
6831
12866
23942
16172
920
32557
25358
24570
10810
6239
30574
27961
25758
32526
19731
28019
1466
18086
17611
11533
7142
10604
16343
6164
29588
20577
22593
24889
12859
21097
29552
6681
7572
11948
25337
8386
25353
17981
1976
1651
29547
6394
11040
21412
18147
18867
719
19782
7467
11662
4709
8012
3581
27305
24471
4202
32204
27138
11391
8989
19123
8340
11318
18411
17835
29635
26021
1260
19456
15610
14488
13961
5382
12435
14612
19844
2056
11255
21739
11833
11905
12038
30605
5411
5774
1209
8225
9377
14756
24325
7637
32762
15230
27139
26226
6047
5466
6735
15155
2737
357
15022
4055
16835
14964
31987
26613
9953
25588
4643
7824
7889
11812
3543
19435
10136
2690
6370
15774
16449
1154
14132
13546
32217
4742
9470
24394
29118
29451
3863
15690
17690
27168
10911
27548
11690
29469
28642
617
8132
14993
31870
32485
24984
29820
24777
27430
25526
25279
23661
14390
720
8144
20053
32359
5825
434
23501
6118
29391
10533
4836
18835
15149
4378
3093
28176
13252
12905
20263
22296
27700
4038
32594
22803
27925
15858
4771
13543
19074
15406
6306
21520
16344
12533
21553
2803
14523
24298
11447
21871
27482
26128
14974
16822
26612
9529
29274
32091
16796
20417
13452
14508
13369
2939
17125
21569
27600
10988
25135
3285
20742
22455
10952
6485
32480
16729
19600
28471
17870
9238
18949
8461
24552
15411
28333
2906
14967
31078
1205
17316
30903
1675
3543
32202
5083
31128
897
23448
15442
16339
25139
23193
24649
6723
1064
21548
31601
15972
3898
17370
5122
28447
31232
18407
2304
8696
27705
4135
5565
1162
32365
12051
11935
30256
7377
284
6947
18950
4460
7744
28962
25872
31096
2522
21843
3256
10763
5310
9490
31102
18422
9605
27999
491
5869
23334
21290
29126
17385
15815
20686
24971
11979
29138
27867
8729
30530
8522
19992
4267
20718
3936
20680
26377
25286
2625
301
23552
13751
12083
8011
10255
30349
13536
4078
16995
3863
12273
24302
27142
23174
1503
14002
20307
30999
518
28915
29101
1778
16636
9410
1392
14929
26144
21965
30248
11492
20342
10462
22785
21621
15282
16804
25471
28360
5778
11702
14959
25797
24433
213
11550
26840
24090
1649
12488
21657
6618
11375
12371
2472
18137
2858
1085
23003
7593
11960
9940
15004
20768
1390
30885
18316
5731
6054
10550
22637
29508
27839
6136
11838
18126
16742
16759
31655
16413
29460
3284
19608
14196
17624
3445
4398
7561
24919
3323
20438
29987
15889
29044
17076
2791
17382
21458
25670
24431
24792
23197
12100
30621
26386
11492
5579
1839
23850
4473
29627
10643
9123
3678
94
7420
5046
7290
842
13237
31569
17296
20616
28598
6753
12914
20469
31861
1357
10098
5097
31486
4290
15642
17175
21574
10934
28445
22964
1468
17575
27532
1500
7202
13092
1101
9009
20635
9871
21706
6597
31749
8481
28646
9274
21640
3630
10805
16679
10607
24235
21612
21438
4407
20205
31254
14252
15846
14771
30857
19521
27551
7271
537
15057
7538
12449
24971
31834
7288
16109
4557
25190
27936
3790
32228
10035
11972
6147
32037
18706
6528
22792
24488
13581
3651
30432
7930
1228
27942
2578
1810
21434
9725
15602
27526
28515
14124
7969
15615
26400
3773
21079
4843
16119
431
29792
32113
18877
19856
27237
13226
28285
22606
29037
29198
23838
8778
6179
7468
30271
7854
1498
31903
27238
26113
13006
8765
21594
30456
30125
20881
21197
31119
2646
31628
25918
14425
30176
8823
4126
17428
27614
14892
3122
30081
6369
22662
1336
16755
30271
18966
11213
4901
2835
24343
7822
8400
16005
1188
28286
28285
8012
32297
17064
29464
17521
21272
24325
5063
11093
17629
4767
27002
14069
24851
20727
1218
13421
1016
31396
9190
2235
24350
6462
3892
27590
22628
4730
3989
21663
21797
5782
13156
31494
17839
19960
21888
4656
1271
2578
6816
8391
24715
32136
22759
6707
23751
16277
7609
7448
2380
7851
17868
31519
31150
1625
23426
28154
13933
31858
12150
7586
14887
31084
24404
23523
20235
8198
16111
14619
24721
6189
22413
22079
5480
4385
29061
6174
17840
11988
23565
8170
8554
26259
26445
11508
6957
3815
17592
19383
27418
9918
16795
30232
15890
6086
4086
2284
25894
30746
4492
12987
6478
3872
22838
16323
10078
8625
22140
26432
6199
18811
24422
32235
10554
23460
3216
12737
10499
8880
7037
13061
3155
28581
19245
28296
20301
18029
26354
15656
30438
10619
29567
11415
18071
18610
12866
17758
32340
6018
28404
29217
13506
3668
19310
27684
8613
6952
32190
20750
27799
1404
13434
17901
21504
18800
5460
19323
16450
11817
2543
10144
5940
7027
20209
2103
25554
29354
31066
17173
9779
28378
26132
22343
24507
20517
18378
5020
12177
22117
18174
1636
4947
20243
26710
6774
8201
14952
11575
1400
18264
19393
8853
27482
31993
18760
21002
23332
20585
3793
18725
2290
20193
14338
11012
26940
16776
13751
37
4443
7144
21156
14457
329
11934
27453
5050
15017
29270
23762
25599
18695
32503
28671
24206
8032
795
16963
28401
28389
20418
29423
16460
23292
19527
5954
28909
11912
26259
14802
9253
30314
21392
26925
26198
9544
13280
6593
5966
9356
28880
24313
20179
30384
25991
16297
28543
20154
10372
10668
23503
16642
2375
18636
374
28987
5709
17633
12023
25009
16194
11069
26482
18384
26483
1864
10430
2534
31874
28264
22457
18986
25949
804
18140
8956
23920
13192
2835
30830
4122
14027
4811
772
2142
3631
13132
30648
18652
3369
8265
28993
8191
11458
437
32405
3191
11837
7129
31405
17898
20730
15780
4488
15846
8090
26946
5746
11547
6244
27376
3974
199
13543
21006
6770
15473
5345
117
3706
9178
20576
17420
32704
16689
13607
11926
1986
7046
29523
8142
30500
12673
32063
13750
21680
3156
7844
5932
19867
32494
3845
19646
31497
25969
842
7103
8404
30951
683
6042
18825
2865
719
23911
25524
16191
3893
11708
17502
4487
32724
22726
13011
17583
766
12440
25001
1677
32394
30146
30973
24914
3122
29222
5632
19714
5434
13831
25523
29992
20819
11107
12526
1735
11454
29571
10151
6803
22964
17104
2417
3937
4358
12008
5443
26845
17921
8945
31355
1659
20884
28206
32034
18096
22709
8399
12146
27233
29184
11022
25749
19612
20129
29303
16560
17030
27253
20871
2592
14228
1900
13689
8196
23038
30770
20061
14843
27505
32270
1386
21807
2565
15882
11669
29330
1390
4436
8803
2663
5238
13540
18683
22789
32427
7263
10111
26839
3668
27707
1692
32168
24234
24357
20832
17693
23109
6815
10060
28803
32213
14062
21675
7115
13074
32307
9506
9683
22518
9944
17543
24040
17961
3373
8694
10888
28349
12371
2338
3436
24091
30298
26090
10438
15421
31654
26157
10695
7454
29079
28126
15460
13679
20585
4443
27738
18316
24664
2554
5999
23726
24072
22757
21755
7778
15909
3113
30376
25658
21574
23049
1654
18882
24856
1688
26114
24757
19384
18311
29447
21361
2656
6715
21797
2985
32326
16418
22753
12634
18113
21832
31726
5632
20398
13605
3755
24585
7954
8634
3820
2698
9729
24796
8189
3377
6334
17359
17380
16507
4643
19734
14823
21030
1603
26762
9806
24042
18511
27050
26474
32356
10166
17458
15318
27219
26768
13039
7677
29190
6973
16593
30940
28949
5961
26690
6666
2128
7571
15542
1269
13301
26031
21123
2926
4646
6792
22772
20328
28057
2634
6808
4604
24722
3455
22496
29617
9230
27000
12265
2555
24385
12782
2967
28161
2883
28137
16099
10403
16135
993
21622
8124
30604
12579
14198
26788
12375
4215
12192
9210
24608
29696
25495
18080
11724
5731
21883
29702
29083
26412
3518
19884
22179
30317
26675
23522
12413
17319
14184
29651
22846
29678
12854
16065
11176
13129
24470
18066
28066
17752
29878
11148
16102
2361
22861
26461
24570
29867
17963
16734
25953
19060
12820
22552
11026
4097
206
25608
7209
1613
10361
6047
8925
10756
16671
16525
21682
32487
12940
3647
12015
10866
29792
8614
30547
8636
5218
19003
5380
28320
30487
5184
30152
20506
1684
3144
21367
14835
17296
23545
28081
30625
27837
9233
3020
30313
12377
14247
23312
31430
7167
7348
32039
17678
16068
30161
23247
26963
12671
14658
3794
24199
31080
22836
32056
2276
30949
16707
27323
17291
25248
19775
10363
11628
25309
7472
10227
15717
29451
27287
2860
25006
2968
17143
1328
11892
10250
19348
7874
24516
20812
29307
13132
12971
8773
12482
14873
22940
31407
16913
12228
4113
21543
30050
13297
4469
28032
31492
12090
30530
16477
21478
5485
16999
29951
17938
6132
5100
18523
31352
23700
22744
6256
10221
3163
27987
2775
28531
20179
31496
412
19899
1404
5837
21068
17896
23417
24966
29519
10646
32138
12358
4984
8731
3642
32696
20443
24332
10842
14014
31711
3588
4525
31831
12180
32672
18405
9414
4166
7630
16846
31217
1874
5960
29386
25351
23352
25691
20093
12133
24306
2285
4809
2235
11140
14270
28157
20586
6101
15086
21833
27697
25277
17856
8054
17929
17247
5021
14291
845
21433
30812
32115
14110
2425
17856
8853
5126
12562
10818
8292
24795
7952
27921
4833
13543
2984
11096
4381
16197
19604
31423
21931
7566
24862
5428
19285
1462
1146
29163
21006
18224
14936
28579
20520
26457
2490
29740
25543
23827
23043
9510
18582
12208
9809
7691
17848
32019
31501
18288
14338
11025
29121
13191
3175
18461
7977
9193
16051
24357
10124
7314
12413
17079
27980
10285
27734
4968
3517
12691
10567
1398
8243
5774
8827
10668
27487
22498
5944
15750
1243
2702
1812
18070
3843
28239
32357
32038
2311
19814
1785
18975
25918
2459
4359
23594
22973
31362
26726
6164
7977
253
2557
26743
4553
29698
28027
12439
26847
19102
5960
26250
30777
10042
1723
6300
12291
10270
21645
25073
20191
8499
5517
4716
31288
8973
21910
3536
12498
29480
16062
9765
19366
22898
16593
30046
238
26378
19710
31288
7548
6728
31183
31845
26703
1021
9055
31722
25704
20988
23495
12230
25818
25305
16345
22484
10017
18160
1041
26098
26548
21161
19912
16995
9438
9723
11435
12146
969
19759
18540
4184
3036
24295
5815
5984
11334
15198
11624
8009
16347
20721
1275
13292
800
2527
16195
3615
12449
18253
18015
1752
14219
3469
22507
17814
16502
17823
20595
11772
29827
14328
19245
20671
15015
9347
27111
25539
24390
7142
22846
1409
23044
32262
25873
20396
9688
16845
12597
32020
24418
27179
27242
9930
7550
19546
910
23685
14361
2919
21265
7236
28995
27886
9385
27957
13446
27429
4935
8662
24694
10267
16201
1370
20106
9794
13553
30798
3370
27180
5910
16508
9
27026
25113
4112
23221
27546
23323
2041
10605
15961
32621
14738
23602
26007
2120
27522
2080
9939
22207
9697
21247
5767
23537
18844
15638
2734
20867
14106
15679
5762
22094
18463
25409
29578
17236
8433
29785
31700
19705
7354
13850
6528
17520
22830
23416
20350
3443
9581
18463
16279
7223
22571
7689
20914
3999
20750
18767
24656
15280
10583
32319
3674
14405
22469
23984
10780
18435
19382
13202
16785
11152
17296
969
19425
13568
25183
22844
3112
12176
18624
2856
4473
28567
13565
27835
30755
7865
28281
6878
20530
6238
79
23634
19769
27234
1846
18430
9039
19983
5800
9607
13656
11592
31043
15394
30854
2054
20591
934
12575
19977
22337
27622
27776
199
19615
11837
23650
12713
18597
23914
30556
12406
328
10142
681
32271
16953
32468
26924
22366
7180
7009
945
27785
3738
3276
13942
6251
12964
19679
2026
11332
9913
2302
5300
9135
17241
5560
1271
21717
23130
16540
26324
28897
1419
29774
4657
26804
18584
25306
31161
2521
2605
10823
3364
26555
10334
10096
4281
25877
11335
27407
3601
29099
24815
1307
16925
20536
20851
6740
11371
30887
29280
30748
9124
27269
31328
6792
4954
951
11801
22711
18176
12136
9042
11106
26170
326
16215
16821
1624
4334
29855
22621
29980
10660
941
1763
8388
8776
17204
30520
16708
29061
13182
15249
9940
21068
24846
13940
20906
3201
23173
18707
14089
13812
15810
15322
22394
32658
8269
5444
2650
25309
22262
21234
8852
17305
24761
14590
20656
22984
30949
11149
26125
30681
5246
18083
23914
285
20191
10300
19627
9338
2467
8344
9178
12131
17350
15574
23917
3335
27656
24516
967
17865
12946
23798
12289
4849
7644
18965
26089
23201
26318
31354
29003
10250
24614
22779
10352
29663
27929
5125
14309
20746
19261
20460
23421
20895
13222
21374
10393
14350
5967
25310
19879
18588
31420
15504
27369
20244
13534
27856
26744
11449
5431
27432
28040
640
13631
13889
23789
19324
30981
25082
31455
31642
793
19383
8186
30350
8106
26875
7560
29453
27372
25658
14083
7741
14012
31720
21718
4970
29575
22486
21604
31738
8296
18622
6475
27555
1680
9757
17386
19675
17387
15936
12577
29072
26881
3234
10071
7194
11802
10869
21698
5230
933
11647
738
7572
474
26919
9039
24411
31647
17872
6581
6219
14504
8805
26397
11227
6883
29749
6766
24804
13075
6402
10803
25686
2234
3924
7070
25642
6461
2323
6861
22167
21059
3157
26701
16777
2910
5749
16349
5711
17133
30053
7284
30099
8769
19269
32133
28560
3326
28724
4481
5247
16324
9830
27038
26962
16911
21622
6871
5285
12124
14846
28723
22514
7054
21094
4683
10500
5775
23033
18438
32686
4922
10558
13480
11196
13689
23173
14091
18218
19370
28096
20011
6292
30536
24212
9961
31214
18631
24752
14088
6005
21183
13918
2428
6885
30797
21847
8164
5869
31415
19932
3413
18144
2638
10242
11865
30381
24217
11086
8759
10001
6575
17537
26997
16907
31461
32181
19868
29585
9385
15529
30267
31361
31150
15194
20270
1498
21834
28371
9248
29228
8988
20549
5455
31565
6641
15450
18831
13902
7656
23751
402
26541
3541
20513
28774
2508
32740
1009
32063
6050
12671
29962
21111
28593
11889
18970
24019
25400
29515
31872
9736
17833
3846
861
6526
4189
2027
13550
14931
28295
1968
21017
19363
17767
4836
28741
25607
3264
20365
13679
2395
2955
7951
6778
14789
19693
3919
10183
1522
24935
26393
24582
8355
16461
20927
19788
1897
23929
28163
25701
10412
18240
17463
12907
10994
24741
26531
2199
14686
3021
18215
6744
31095
22707
28962
16802
3628
3101
20114
23945
19476
4815
6524
32526
762
13566
4750
22585
152
7687
14851
8552
12451
3169
4039
26854
32264
15824
7899
191
22902
27612
22524
32467
2332
27778
32639
810
9652
19241
12928
14471
26816
28120
18235
17216
12307
6821
3258
4684
23188
29041
11697
18078
25151
11730
15014
9393
22380
17745
8020
17509
8532
13782
1874
29449
10193
6240
30192
31673
19045
19449
5474
18922
18558
19690
288
6723
32504
3115
3980
11695
7908
23325
24277
12976
16776
16251
10524
22774
32166
17294
9174
17200
25090
5793
28274
19234
31006
4533
21563
19447
14920
29814
25983
26329
3030
28269
11249
30144
15025
18550
32332
8327
2832
17013
14137
18501
18054
31045
21363
15578
27455
26865
15145
28872
24711
24359
15012
8005
21643
29161
28201
6286
10084
20102
9505
10365
1873
29897
119
19294
8772
12912
20546
9471
4257
29407
29860
28166
23874
14102
17905
19335
20158
18913
18452
17622
21995
1102
11567
19354
17825
13924
27522
2595
14273
2066
27278
27646
17270
26214
2938
5318
26811
20736
4277
14652
21790
7109
10461
3738
26051
30936
8416
17445
2731
24262
353
15106
28470
7936
7005
28746
3047
16527
18446
19809
1384
29443
24591
21123
31950
11692
11714
20383
13597
20237
24303
8041
12815
20622
14765
6315
13329
25201
6278
10715
13711
1031
29142
21235
19825
27684
28276
29053
6886
21968
21396
4845
7776
1343
17388
16692
9184
6404
7190
32146
8819
31617
28214
23980
13564
2210
24796
32478
4149
15307
29996
17362
6641
31246
30780
4178
1444
19618
9149
30554
6692
8080
12766
3954
1201
22704
26733
24890
23860
23252
24383
9287
16324
18755
1491
15917
8046
8041
11314
14301
13878
28876
4889
7474
13913
25922
18266
31430
8405
17762
19584
28170
25899
11064
23218
31638
11876
11069
13274
8125
338
2437
21510
19813
4120
20283
270
20245
26349
21579
32119
15952
22044
4446
25239
1314
15695
19979
26106
7672
7182
32587
3589
1461
2947
27182
6617
5121
1408
24269
8314
11748
7363
8064
11057
1685
2680
18513
20270
25228
13567
19120
2674
4318
5104
20840
26604
3786
5468
8401
12002
2447
26710
18247
8595
12929
20658
12764
3867
6492
26637
31050
15510
216
28686
31532
27016
24958
6634
4973
29565
3769
26414
2560
23788
12848
1977
2257
15201
4435
22791
11772
20699
20788
27318
3646
21619
11417
11330
15272
11839
20559
10260
9371
10870
20929
28603
24304
26581
29641
7545
13175
1345
11717
3841
32163
21165
10478
15743
13187
2366
10213
22233
10740
20141
3215
31796
26902
2030
28707
18875
9468
16143
385
2971
11944
8290
7622
17490
28982
21214
22301
26666
20311
12227
24024
29184
29953
7549
32703
13642
29029
4555
12711
4441
11554
32544
22343
27099
4280
12618
15688
2211
28479
23889
31131
19629
2393
26786
9743
19036
15461
11116
10531
16647
12789
12875
280
2484
9090
17188
17739
25379
1631
10576
20930
16143
13292
3324
20741
29872
25100
22991
6191
31876
32729
30926
2372
6479
19094
24957
28613
4705
12004
17991
2946
25367
19001
24608
15792
932
8335
7529
3131
12049
23129
14356
28510
19075
7867
30472
7536
20925
24058
7879
18689
27877
8242
21838
1317
5003
11335
32061
17424
24807
6941
19511
9187
32098
11020
8332
32198
16729
26510
23061
27447
29981
31035
14944
13729
21054
12792
4109
25649
10761
10603
12664
23525
21839
32178
2713
17894
20840
3156
16936
12311
11896
14199
14852
7150
13041
2900
28373
28547
22617
22505
31472
31974
1358
4845
16508
5046
10439
5641
32467
20719
6812
3397
22315
8452
25929
10689
1142
10286
23791
27813
19079
1283
10139
7770
24693
8522
6859
17915
23108
1294
4654
13574
21954
24561
9132
31576
28336
15555
21670
22360
15906
4947
13439
30322
26921
11397
91
6599
686
3237
13350
29474
17569
22523
11481
20014
25684
26016
16376
23015
1569
29840
27743
9807
5203
14079
2111
10850
32068
10225
4196
26187
7362
24325
31929
30168
21687
22161
15885
10028
6409
22516
18711
27060
29376
552
21176
10588
15975
7831
8577
27138
10676
14384
6261
14122
13419
10425
24336
15348
14463
4199
19080
5964
15738
27564
27730
16481
6944
15184
27112
3928
12111
29379
458
15937
11050
8370
25026
30282
15223
1496
12909
15666
4164
3607
31735
22273
2001
24519
18470
28663
170
30030
9626
8898
5908
29936
28755
12020
20906
15081
883
29619
328
18873
14405
690
22568
5312
22143
24417
31819
22794
22980
15969
6427
30828
12397
22843
13390
2768
22409
10833
18957
6605
30754
9493
29782
14971
27075
15992
8607
31109
15926
22950
7868
19839
14994
27888
30722
890
24950
29449
30125
22998
29327
31862
14207
15704
864
30016
13226
23676
5442
29420
7408
1293
19625
7852
29705
32754
11690
4055
18501
24395
442
10903
27506
29373
19129
22242
7424
22025
26415
9131
28771
19940
19413
10841
29369
26371
30295
18040
21421
2933
32088
30126
5531
565
25014
29681
2293
3328
1296
26616
5861
6244
27014
13295
7987
12826
7872
15983
28010
14741
50
18349
2358
32475
10398
7922
26129
17300
16090
19531
13854
21088
32723
641
25685
8302
10706
27979
31201
11595
11518
12227
29382
5367
17699
10007
17863
2110
24753
17793
9095
8005
30984
6521
12526
14948
16370
21801
16590
25907
18033
27169
20679
28648
188
3404
19816
13024
19332
14114
24982
12411
22139
29728
21810
2349
6167
6517
16118
30162
11923
12799
3488
15426
21048
14197
11347
21030
15578
27622
17978
8714
10917
26466
28014
9907
22554
11767
10522
20658
8532
25055
11997
27193
9872
26103
19311
27950
6636
1139
16008
32638
6767
28112
3581
2484
16458
9227
5164
7114
15965
9745
19867
5182
15613
28534
10716
15721
20981
8297
25524
21773
14794
25064
9340
12845
13892
23088
30406
32033
13865
17784
19524
11753
10828
1758
6886
17602
11206
17826
21827
28919
22404
27282
16954
6650
770
4549
30681
32435
11861
17548
32125
24344
22383
4006
22843
25598
4767
18867
3199
14638
3159
7659
17395
3516
22578
12048
16035
28308
12597
26273
12382
12118
3926
17489
9055
21860
13882
16824
7469
14649
8515
7751
2751
20988
28874
10113
14308
24404
15529
20840
21986
25983
28669
13110
21853
12190
4650
15438
6011
19539
8479
13682
14918
14478
24795
25142
1106
11428
17455
22197
13215
16290
21190
21890
13248
21728
12388
18914
32573
2009
10603
12856
12343
2617
26787
3776
1098
10296
14906
10368
22456
26407
10
17532
23491
29256
15131
5930
3162
18915
20073
3109
10488
26774
24295
13861
13514
21229
29891
31535
16912
17715
16876
20745
3269
29575
12754
7665
10370
4146
9837
4494
17824
3127
1664
2599
20893
17964
287
23059
30400
6985
10863
369
16128
3775
21933
12313
24099
31562
20593
9170
26403
778
25396
14021
28885
12687
15120
12849
28108
1075
8392
14689
15228
19628
8456
24795
11419
8673
2542
17883
4813
21245
25032
14847
2943
4290
15136
22340
5139
16673
2550
4145
10558
12551
24140
4178
30127
6265
10216
232
21490
9443
26453
1503
10131
32173
28715
1792
20870
30480
8336
6504
17350
26408
12799
7481
30781
20810
1864
25487
20196
23447
7128
28854
5931
17105
30779
11930
18587
16494
20447
9086
11962
5867
11291
241
3119
14435
18543
7934
31014
15200
1038
14244
246
4593
3225
30342
17153
14077
9774
12514
6876
17878
13473
22983
5041
12305
27145
1667
10977
1430
15999
5979
9709
755
5410
22656
32662
23030
12895
12094
12355
26746
26479
10101
21924
20865
5920
30029
32149
11395
30681
16166
6213
16134
14040
17358
21911
29807
24767
12535
29128
2072
13135
15848
13651
5538
15475
24178
11281
909
27264
8742
22437
31749
29115
5061
24855
26623
11036
11512
3519
8325
20561
12865
31589
19022
14598
2866
26534
3986
32100
27357
1689
11292
8663
23691
11443
32673
12309
2225
20456
6736
24924
17951
9235
30634
15866
19323
22168
23444
22035
5358
11592
1451
30623
21021
3205
11991
1458
28763
10406
1315
21760
5404
26269
6604
12704
7341
12246
30103
29200
28963
15715
18280
15226
19858
7767
24849
23349
16767
32111
30312
22927
2199
27128
21148
10698
2721
10220
30665
7012
6065
19295
23753
28828
13470
8985
15694
15921
2999
13957
12333
30829
21938
23242
30717
20834
20197
9015
16865
19572
3257
12516
18082
11031
18267
9622
513
5850
27572
15844
29771
11429
2460
22168
8749
19774
29258
24920
18122
22290
6927
3206
27659
11571
6213
8804
23862
12189
17538
25468
10179
2237
26641
24639
7787
29748
29858
5612
4737
25304
10560
21171
14213
8187
12932
9499
25847
23537
6920
23201
10857
16332
8223
20897
27096
28266
16067
8826
27708
5810
3279
25582
9310
31514
12911
3783
5098
4716
6100
17600
1733
9675
6956
32418
6304
4081
25297
26030
14542
442
8128
23611
8274
28646
21582
31136
28221
3610
29462
32084
24119
31529
27190
32084
19803
658
28347
21445
328
5962
7257
4059
25972
27579
15712
28153
12996
19212
20203
6938
13658
6051
5466
18287
9391
4840
21763
19529
16865
21068
805
26938
12366
1419
797
23671
15457
29229
17373
23169
1196
18515
20889
10501
14647
13488
12227
24832
25880
21462
3898
7206
30276
27315
13503
4485
30629
2139
9128
25958
12653
29960
24792
12404
9129
4702
25070
544
3865
4340
31933
25155
63
7953
27389
5637
4278
29875
13887
11263
21189
24790
8231
5020
6964
15346
23253
17349
7518
25542
9636
13501
3464
9300
8727
12617
15729
12845
29968
17173
26410
6638
2115
15955
6696
18699
32747
12453
32408
5067
14523
14141
25330
23700
25112
66
18385
16489
2181
31606
24066
27825
9311
32279
10971
570
202
24067
18126
10621
3819
18463
27198
15396
31064
22008
15504
10185
3020
9899
6534
28161
17184
32515
16584
26009
6518
13538
9156
8479
25272
27106
17848
7844
19777
22843
25101
9409
23257
15592
19687
28888
26087
3589
16890
6812
1762
9340
5535
20692
28169
31200
31783
21340
1364
5017
23407
20076
28330
22594
23220
31516
12884
21583
9385
10536
12722
12787
4039
5617
12844
26689
8421
13509
5228
26001
7176
19552
3018
14629
6012
3507
27144
12
17700
2020
21312
6471
26126
7573
28186
25899
7242
24425
25666
5126
3837
28612
18202
18437
5297
21459
11436
3669
22511
21965
6370
29577
10768
23672
1785
14140
30800
23534
10035
25335
5924
17313
9420
18517
22478
3485
2096
10852
7214
21261
2411
5711
23771
2561
26337
12090
21874
20590
5183
29038
19246
26742
21937
12470
8633
18922
6998
22024
12866
27918
12529
8296
6352
12956
5601
27914
27606
3339
4435
19127
4615
20240
22198
23665
10859
17254
20079
20314
15027
29131
22222
26578
6090
13643
4417
27104
15532
1984
4040
24787
891
9882
30377
2601
29904
29916
26213
26543
8527
15975
16874
15594
14718
16507
9482
31670
22487
7035
7980
25645
12571
4592
1602
23498
7914
14545
30203
16334
14481
32002
20281
14051
28195
8730
19397
17920
22987
7785
31298
11404
15200
30778
13919
19398
21050
2133
29009
7524
2372
17864
24193
32122
10579
32487
22657
19358
1462
9106
4677
10058
22287
1206
26768
19330
14433
11542
26540
19894
31337
14156
22878
17385
16690
17674
28441
5651
8164
31654
23666
32452
9948
10710
30164
32523
6146
31416
10101
18838
13655
23061
22664
26906
24014
28134
3765
9718
27741
18711
26054
28435
3411
15244
12195
18958
32236
25442
20608
3737
27171
25463
11093
28958
23751
25388
12942
8358
30161
15209
28932
31738
23285
29922
7981
8711
5751
31641
6287
24967
22592
11172
17787
19422
19761
6961
19703
28482
183
17863
8956
31775
31904
31951
18146
22970
6957
16722
17944
28180
16232
27396
22296
7441
26551
16514
8346
17113
20146
25816
264
11647
3634
15942
27187
23009
30890
14916
9540
30671
7355
4803
4853
31087
9986
30902
15361
12767
5685
18385
17880
18205
30062
10128
8088
31524
4294
15740
31545
4184
22566
21674
26375
19748
25690
7812
6998
25314
21095
28875
20593
15355
26911
9437
12499
30031
15602
31796
15258
1751
17927
11824
11064
24456
7308
790
13420
30843
20298
8280
12657
9036
2172
27159
3445
6080
29921
7654
1100
1194
8464
2769
2662
10255
16652
2718
28926
12936
5656
8274
6805
31208
26316
24567
21407
16159
15721
925
9084
2910
24682
20895
10665
26748
14683
14375
23352
30873
7662
16884
13437
12545
12108
18523
13067
15442
17321
1676
11231
18402
3611
29207
20954
16475
30892
31919
117
16808
25774
9005
7856
15893
17742
28120
11851
8369
18540
17891
23353
28407
426
17463
8018
11694
19395
23923
20040
3342
21535
3889
7644
8228
1188
29324
32337
9080
16334
22495
22305
5868
8962
20430
31728
12007
17183
17803
28094
24755
5975
3666
15456
3620
1597
4662
7217
5243
18718
29216
1029
17033
6549
20245
26462
31256
23898
5815
24803
134
17499
30991
24845
17075
3342
27529
13604
4126
25349
23872
31338
4426
3011
124
20886
32103
21966
19833
26243
21294
32261
8811
8234
6413
32564
9406
3278
26756
32742
18338
24182
18639
21114
7111
2976
7365
15225
19557
26676
10240
29223
28032
19127
28478
3928
32618
4545
30727
24197
19337
7601
11152
17695
32346
4767
24800
13347
8886
30354
21041
22511
25173
32755
409
31316
12176
10306
20713
19180
15467
22280
20694
430
25298
14605
2902
4031
25123
6090
19789
21131
5613
17697
13161
32021
2552
28492
32330
11147
3973
28948
29159
21790
14294
29251
17453
4113
22513
27739
24297
23567
31138
26504
30951
26305
23999
980
19035
32416
29615
8858
24705
10248
27181
17469
21633
2190
15690
28185
27029
7316
26033
11450
22125
27419
3375
1612
15827
11224
27763
29011
6795
5001
13842
9117
8829
14985
13006
19828
25878
20898
29463
5400
10475
6435
14802
26220
19615
20019
1114
27375
12039
613
21444
15854
25229
4493
7016
12536
12242
10705
30876
13459
11160
6659
6083
14637
25566
23086
27271
7253
26700
622
4962
30251
12754
9221
10851
23317
11661
14508
16175
26036
28394
7207
15430
7447
19725
17436
3975
2862
28532
10789
15351
6017
3543
7204
14526
31265
26451
26327
16754
23263
13512
3756
31640
28861
6784
2774
5480
13730
23825
13984
16849
594
23940
27905
13757
9884
8374
625
2710
20950
26111
4348
10761
24454
4370
19093
9994
23650
27428
17836
10264
22395
32593
30723
18114
21429
5691
21437
2154
28026
5364
15032
21577
2223
17182
15388
2739
6887
15440
20532
8604
26071
4284
1661
27228
13835
22799
23037
25775
31191
16793
8150
17152
17551
20654
17435
999
4602
27724
18658
17648
24069
25341
15259
12958
25781
31743
5280
14767
7775
21155
13581
23970
19483
243
30417
22647
10358
23959
773
26550
4199
20730
25213
27314
14469
1448
31901
13839
17014
30715
30830
16514
18091
10486
13297
3288
9802
30833
17844
30010
14700
27254
15522
15279
11657
23532
4639
994
10288
27250
597
6694
508
5006
16072
11191
11715
20231
12081
21570
8208
10383
13449
9384
19156
7333
8804
1792
344
15546
25216
9179
22646
24211
30366
11467
22281
23278
19600
12326
2722
8040
6292
23047
21629
6046
10720
18070
691
12691
28030
18825
2480
338
4954
20203
29160
18388
2458
14620
19910
24867
16941
24602
19429
24000
30375
5630
14723
19266
24140
21706
2355
28737
2666
31073
12753
32626
23789
12247
31163
1555
19757
29931
574
6538
28426
20690
10063
2121
28731
12087
1916
4596
32739
30847
18466
27334
21605
20561
27103
3633
17274
7510
16714
9412
8321
15933
26594
338
21782
4099
14661
31057
26597
10609
12451
7296
26048
28646
14961
4045
24816
26966
20066
3957
31433
28563
26003
23661
11138
10443
8453
6401
15427
26962
13393
22715
10110
25250
26775
26502
21379
17313
19384
3091
23375
11810
24517
18812
22949
9645
24247
25639
27233
23427
26208
11758
22024
31709
8353
23932
7075
24693
15326
29946
19662
19527
18351
31724
28684
5273
18904
4181
23901
23353
8060
4898
18707
15878
32397
29637
28897
8113
11143
24353
7989
28101
14174
21926
30919
2021
22964
27837
